{
    "custom_trains": {
        "class_802_spawn": {
            "name": "British Rail Class 802 (Spawn Livery Circle Line)",
            "color": "#119922",
            "base_train_type": "class_802_gwr",
            "texture_id": "mtr:custom_directory/class_802_sl.png"
        },
	"class_802_spawn_ng": {
            "name": "British Rail Class 802 (Spawn Livery Circle Line Generation 2)",
            "color": "#11AA22",
            "base_train_type": "class_802_gwr",
            "texture_id": "mtr:custom_directory/class_802_sl_gen2.png"
        },
        "class_802_velaro_slexpress": {
            "name": "British Rail Class 802 (Spawn Livery Express)",
            "color": "#119922",
            "base_train_type": "class_802_gwr",
            "texture_id": "mtr:custom_directory/class_802_velaro_slexpress.png"
        },
	"class_802_velaro_slexpress_ng": {
            "name": "British Rail Class 802 (Spawn Livery Express Generation 2)",
            "color": "#0F771F",
            "base_train_type": "class_802_gwr",
            "texture_id": "mtr:custom_directory/class_802_velaro_slexpress_nextgen.png"
        },
	"class_802_velaro_slexpress_ng2": {
            "name": "British Rail Class 802 (Spawn Livery Express Generation 3)",
            "color": "#0F771F",
            "base_train_type": "class_802_gwr",
            "texture_id": "mtr:custom_directory/class_802_velaro_slexpress_gen3.png"
        },
        "class_802_velaro_slsemi": {
            "name": "British Rail Class 802 (Spawn Livery Semiexpress)",
            "color": "#d72340",
            "base_train_type": "class_802_gwr",
            "texture_id": "mtr:custom_directory/class_802_velaro_slsemi.png"
        },
        "smrt_trains_c851e_bpl": {
            "name": "SMRT Trains C851E Benprope Line Class 73000",
            "color": "FE9933",
            "base_train_type": "a_train_tcl_small",
            "texture_id": "mtr:custom_directory/a_train_c851e_bpl.png"
        },
        "smrt_trains_c851e_sl": {
            "name": "SMRT Trains C851E Spawn Line Class 73000 (Main Line)",
            "color": "44FE11",
            "base_train_type": "a_train_tcl_small",
            "texture_id": "mtr:custom_directory/a_train_c851e_sl.png"
        },
        "smrt_trains_c830_sl": {
            "name": "SMRT Trains C830 Spawn Line Class 75000 (Branch Line)",
            "color": "22FE11",
            "base_train_type": "a_train_tcl_mini",
            "texture_id": "mtr:custom_directory/a_train_c830_sl.png"
        },
	"smrt_trains_metrogreen": {
			"name": "SMRT Trains Metrogreen",
			"color": "029726",
			"base_train_type": "c_train_small",
			"texture_id": "mtr:custom_directory/c_train_metrogreen.png"
 
	},
	"smrt_trains_metrogreen_mini": {
			"name": "SMRT Trains Metrogreen Mini",
			"color": "029726",
			"base_train_type": "c_train_mini",
			"texture_id": "mtr:custom_directory/c_train_metrogreen.png"
 	},
	"smrt_trains_metrogreen_ng": {
            "name": "SMRT Trains Metrogreen NextGen",
            "color": "029726",
            "base_train_type": "a_train_tcl_small",
            "texture_id": "mtr:custom_directory/a_train_metrogreen.png"
        },
	"smrt_trains_metroblue_ng": {
            "name": "SMRT Trains Metroblue NextGen",
            "color": "0211AA",
            "base_train_type": "a_train_tcl_small",
            "texture_id": "mtr:custom_directory/a_train_metroblue.png"
        },
	"smrt_trains_metrogreen_ng_mini": {
            "name": "SMRT Trains Metrogreen NextGen (Mini)",
            "color": "029726",
            "base_train_type": "a_train_tcl_mini",
            "texture_id": "mtr:custom_directory/a_train_metrogreen.png"
        },
	"smrt_trains_metroblue_ng_mini": {
            "name": "SMRT Trains Metroblue NextGen (Mini)",
            "color": "0211AA",
            "base_train_type": "a_train_tcl_mini",
            "texture_id": "mtr:custom_directory/a_train_metroblue.png"
        }
    }
}