{"positionDefinitions":[{"name":"433df4af","positions":[{"x":0.0,"y":0.0,"z":0.0},{"x":0.0,"y":0.0,"z":32.0},{"x":0.0,"y":0.0,"z":-32.0},{"x":0.0,"y":0.0,"z":64.0},{"x":0.0,"y":0.0,"z":-64.0},{"x":0.0,"y":0.0,"z":128.0},{"x":0.0,"y":0.0,"z":-128.0}],"positionsFlipped":[]},{"name":"c418b564","positions":[{"x":0.0,"y":0.0,"z":0.0},{"x":0.0,"y":0.0,"z":32.0},{"x":0.0,"y":0.0,"z":-32.0},{"x":0.0,"y":0.0,"z":64.0},{"x":0.0,"y":0.0,"z":-64.0},{"x":0.0,"y":0.0,"z":128.0},{"x":0.0,"y":0.0,"z":-128.0}],"positionsFlipped":[]},{"name":"3c3d4fe0","positions":[{"x":0.0,"y":0.0,"z":0.0},{"x":0.0,"y":0.0,"z":32.0},{"x":0.0,"y":0.0,"z":-32.0},{"x":0.0,"y":0.0,"z":64.0},{"x":0.0,"y":0.0,"z":-64.0},{"x":0.0,"y":0.0,"z":128.0},{"x":0.0,"y":0.0,"z":-128.0}],"positionsFlipped":[]},{"name":"1cbc0272","positions":[{"x":0.0,"y":0.0,"z":96.0},{"x":0.0,"y":0.0,"z":-96.0}],"positionsFlipped":[]},{"name":"80945b6f","positions":[{"x":0.0,"y":0.0,"z":96.0},{"x":0.0,"y":0.0,"z":-96.0}],"positionsFlipped":[]},{"name":"245b6ee0","positions":[{"x":0.0,"y":0.0,"z":96.0},{"x":0.0,"y":0.0,"z":-96.0}],"positionsFlipped":[]},{"name":"5488636b","positions":[{"x":0.0,"y":0.0,"z":96.0},{"x":0.0,"y":0.0,"z":-96.0}],"positionsFlipped":[{"x":0.0,"y":0.0,"z":96.0},{"x":0.0,"y":0.0,"z":-96.0}]},{"name":"1062a2f2","positions":[{"x":0.0,"y":0.0,"z":96.0},{"x":0.0,"y":0.0,"z":-96.0}],"positionsFlipped":[{"x":0.0,"y":0.0,"z":96.0},{"x":0.0,"y":0.0,"z":-96.0}]},{"name":"24e96409","positions":[{"x":0.0,"y":0.0,"z":96.0},{"x":0.0,"y":0.0,"z":-96.0}],"positionsFlipped":[{"x":0.0,"y":0.0,"z":96.0},{"x":0.0,"y":0.0,"z":-96.0}]},{"name":"d33c63b4","positions":[{"x":0.0,"y":0.0,"z":96.0},{"x":0.0,"y":0.0,"z":-96.0}],"positionsFlipped":[{"x":0.0,"y":0.0,"z":96.0},{"x":0.0,"y":0.0,"z":-96.0}]},{"name":"7821069b","positions":[{"x":0.0,"y":0.0,"z":96.0},{"x":0.0,"y":0.0,"z":-96.0}],"positionsFlipped":[{"x":0.0,"y":0.0,"z":96.0},{"x":0.0,"y":0.0,"z":-96.0}]},{"name":"4a23a7d5","positions":[{"x":0.0,"y":0.0,"z":96.0},{"x":0.0,"y":0.0,"z":-96.0}],"positionsFlipped":[{"x":0.0,"y":0.0,"z":96.0},{"x":0.0,"y":0.0,"z":-96.0}]},{"name":"71288dbb","positions":[{"x":0.0,"y":0.0,"z":96.0},{"x":0.0,"y":0.0,"z":-96.0}],"positionsFlipped":[{"x":0.0,"y":0.0,"z":96.0},{"x":0.0,"y":0.0,"z":-96.0}]},{"name":"3dd66c16","positions":[{"x":0.0,"y":0.0,"z":96.0},{"x":0.0,"y":0.0,"z":-96.0}],"positionsFlipped":[{"x":0.0,"y":0.0,"z":96.0},{"x":0.0,"y":0.0,"z":-96.0}]},{"name":"97181a40","positions":[{"x":0.0,"y":0.0,"z":96.0},{"x":0.0,"y":0.0,"z":-96.0}],"positionsFlipped":[{"x":0.0,"y":0.0,"z":96.0},{"x":0.0,"y":0.0,"z":-96.0}]},{"name":"702921ac","positions":[{"x":0.0,"y":0.0,"z":96.0},{"x":0.0,"y":0.0,"z":-96.0}],"positionsFlipped":[{"x":0.0,"y":0.0,"z":96.0},{"x":0.0,"y":0.0,"z":-96.0}]},{"name":"9a3b089e","positions":[{"x":0.0,"y":0.0,"z":96.0},{"x":0.0,"y":0.0,"z":-96.0}],"positionsFlipped":[{"x":0.0,"y":0.0,"z":96.0},{"x":0.0,"y":0.0,"z":-96.0}]},{"name":"53b30c37","positions":[{"x":0.0,"y":0.0,"z":96.0},{"x":0.0,"y":0.0,"z":-96.0}],"positionsFlipped":[{"x":0.0,"y":0.0,"z":96.0},{"x":0.0,"y":0.0,"z":-96.0}]},{"name":"2774dde7","positions":[{"x":0.0,"y":0.0,"z":96.0},{"x":0.0,"y":0.0,"z":-96.0}],"positionsFlipped":[{"x":0.0,"y":0.0,"z":96.0},{"x":0.0,"y":0.0,"z":-96.0}]},{"name":"a7866656","positions":[{"x":0.0,"y":0.0,"z":96.0},{"x":0.0,"y":0.0,"z":-96.0}],"positionsFlipped":[{"x":0.0,"y":0.0,"z":96.0},{"x":0.0,"y":0.0,"z":-96.0}]},{"name":"6ae2a967","positions":[{"x":0.0,"y":0.0,"z":96.0},{"x":0.0,"y":0.0,"z":-96.0}],"positionsFlipped":[{"x":0.0,"y":0.0,"z":96.0},{"x":0.0,"y":0.0,"z":-96.0}]},{"name":"ad1533b1","positions":[],"positionsFlipped":[{"x":0.0,"y":0.0,"z":160.0}]},{"name":"244f2050","positions":[],"positionsFlipped":[{"x":0.0,"y":0.0,"z":160.0}]},{"name":"94ab57ce","positions":[],"positionsFlipped":[{"x":0.0,"y":0.0,"z":160.0}]},{"name":"60eb80e3","positions":[],"positionsFlipped":[{"x":0.0,"y":0.0,"z":160.0}]},{"name":"6500433f","positions":[{"x":0.0,"y":0.0,"z":0.0}],"positionsFlipped":[{"x":0.0,"y":0.0,"z":0.0}]},{"name":"2398cb58","positions":[{"x":13.0,"y":0.0,"z":-10.0},{"x":7.0,"y":0.0,"z":-10.0},{"x":-13.0,"y":0.0,"z":-10.0},{"x":-7.0,"y":0.0,"z":-10.0},{"x":13.0,"y":0.0,"z":-42.0},{"x":7.0,"y":0.0,"z":-42.0},{"x":-13.0,"y":0.0,"z":-42.0},{"x":-7.0,"y":0.0,"z":-42.0},{"x":13.0,"y":0.0,"z":-74.0},{"x":7.0,"y":0.0,"z":-74.0},{"x":-13.0,"y":0.0,"z":-74.0},{"x":-7.0,"y":0.0,"z":-74.0},{"x":13.0,"y":0.0,"z":-138.0},{"x":7.0,"y":0.0,"z":-138.0},{"x":-13.0,"y":0.0,"z":-138.0},{"x":-7.0,"y":0.0,"z":-138.0},{"x":13.0,"y":0.0,"z":22.0},{"x":7.0,"y":0.0,"z":22.0},{"x":-13.0,"y":0.0,"z":22.0},{"x":-7.0,"y":0.0,"z":22.0},{"x":13.0,"y":0.0,"z":54.0},{"x":7.0,"y":0.0,"z":54.0},{"x":-13.0,"y":0.0,"z":54.0},{"x":-7.0,"y":0.0,"z":54.0},{"x":13.0,"y":0.0,"z":118.0},{"x":7.0,"y":0.0,"z":118.0},{"x":-13.0,"y":0.0,"z":118.0},{"x":-7.0,"y":0.0,"z":118.0},{"x":13.0,"y":0.0,"z":150.0},{"x":7.0,"y":0.0,"z":150.0},{"x":-13.0,"y":0.0,"z":150.0},{"x":-7.0,"y":0.0,"z":150.0}],"positionsFlipped":[{"x":13.0,"y":0.0,"z":10.0},{"x":7.0,"y":0.0,"z":10.0},{"x":-13.0,"y":0.0,"z":10.0},{"x":-7.0,"y":0.0,"z":10.0},{"x":13.0,"y":0.0,"z":42.0},{"x":7.0,"y":0.0,"z":42.0},{"x":-13.0,"y":0.0,"z":42.0},{"x":-7.0,"y":0.0,"z":42.0},{"x":13.0,"y":0.0,"z":74.0},{"x":7.0,"y":0.0,"z":74.0},{"x":-13.0,"y":0.0,"z":74.0},{"x":-7.0,"y":0.0,"z":74.0},{"x":13.0,"y":0.0,"z":138.0},{"x":7.0,"y":0.0,"z":138.0},{"x":-13.0,"y":0.0,"z":138.0},{"x":-7.0,"y":0.0,"z":138.0},{"x":13.0,"y":0.0,"z":170.0},{"x":7.0,"y":0.0,"z":170.0},{"x":-13.0,"y":0.0,"z":170.0},{"x":-7.0,"y":0.0,"z":170.0},{"x":13.0,"y":0.0,"z":-22.0},{"x":7.0,"y":0.0,"z":-22.0},{"x":-13.0,"y":0.0,"z":-22.0},{"x":-7.0,"y":0.0,"z":-22.0},{"x":13.0,"y":0.0,"z":-54.0},{"x":7.0,"y":0.0,"z":-54.0},{"x":-13.0,"y":0.0,"z":-54.0},{"x":-7.0,"y":0.0,"z":-54.0},{"x":13.0,"y":0.0,"z":-118.0},{"x":7.0,"y":0.0,"z":-118.0},{"x":-13.0,"y":0.0,"z":-118.0},{"x":-7.0,"y":0.0,"z":-118.0}]},{"name":"ff698c76","positions":[{"x":13.0,"y":0.0,"z":-10.0},{"x":7.0,"y":0.0,"z":-10.0},{"x":-13.0,"y":0.0,"z":-10.0},{"x":-7.0,"y":0.0,"z":-10.0},{"x":13.0,"y":0.0,"z":-42.0},{"x":7.0,"y":0.0,"z":-42.0},{"x":-13.0,"y":0.0,"z":-42.0},{"x":-7.0,"y":0.0,"z":-42.0},{"x":13.0,"y":0.0,"z":-74.0},{"x":7.0,"y":0.0,"z":-74.0},{"x":-13.0,"y":0.0,"z":-74.0},{"x":-7.0,"y":0.0,"z":-74.0},{"x":13.0,"y":0.0,"z":-138.0},{"x":7.0,"y":0.0,"z":-138.0},{"x":-13.0,"y":0.0,"z":-138.0},{"x":-7.0,"y":0.0,"z":-138.0},{"x":13.0,"y":0.0,"z":22.0},{"x":7.0,"y":0.0,"z":22.0},{"x":-13.0,"y":0.0,"z":22.0},{"x":-7.0,"y":0.0,"z":22.0},{"x":13.0,"y":0.0,"z":54.0},{"x":7.0,"y":0.0,"z":54.0},{"x":-13.0,"y":0.0,"z":54.0},{"x":-7.0,"y":0.0,"z":54.0},{"x":13.0,"y":0.0,"z":118.0},{"x":7.0,"y":0.0,"z":118.0},{"x":-13.0,"y":0.0,"z":118.0},{"x":-7.0,"y":0.0,"z":118.0},{"x":13.0,"y":0.0,"z":150.0},{"x":7.0,"y":0.0,"z":150.0},{"x":-13.0,"y":0.0,"z":150.0},{"x":-7.0,"y":0.0,"z":150.0}],"positionsFlipped":[{"x":13.0,"y":0.0,"z":10.0},{"x":7.0,"y":0.0,"z":10.0},{"x":-13.0,"y":0.0,"z":10.0},{"x":-7.0,"y":0.0,"z":10.0},{"x":13.0,"y":0.0,"z":42.0},{"x":7.0,"y":0.0,"z":42.0},{"x":-13.0,"y":0.0,"z":42.0},{"x":-7.0,"y":0.0,"z":42.0},{"x":13.0,"y":0.0,"z":74.0},{"x":7.0,"y":0.0,"z":74.0},{"x":-13.0,"y":0.0,"z":74.0},{"x":-7.0,"y":0.0,"z":74.0},{"x":13.0,"y":0.0,"z":138.0},{"x":7.0,"y":0.0,"z":138.0},{"x":-13.0,"y":0.0,"z":138.0},{"x":-7.0,"y":0.0,"z":138.0},{"x":13.0,"y":0.0,"z":170.0},{"x":7.0,"y":0.0,"z":170.0},{"x":-13.0,"y":0.0,"z":170.0},{"x":-7.0,"y":0.0,"z":170.0},{"x":13.0,"y":0.0,"z":-22.0},{"x":7.0,"y":0.0,"z":-22.0},{"x":-13.0,"y":0.0,"z":-22.0},{"x":-7.0,"y":0.0,"z":-22.0},{"x":13.0,"y":0.0,"z":-54.0},{"x":7.0,"y":0.0,"z":-54.0},{"x":-13.0,"y":0.0,"z":-54.0},{"x":-7.0,"y":0.0,"z":-54.0},{"x":13.0,"y":0.0,"z":-118.0},{"x":7.0,"y":0.0,"z":-118.0},{"x":-13.0,"y":0.0,"z":-118.0},{"x":-7.0,"y":0.0,"z":-118.0}]},{"name":"333f489f","positions":[{"x":0.0,"y":0.0,"z":-168.0}],"positionsFlipped":[]},{"name":"ca8265da","positions":[{"x":0.0,"y":0.0,"z":-168.0}],"positionsFlipped":[]},{"name":"5f25cf6e","positions":[{"x":0.0,"y":0.0,"z":-168.0}],"positionsFlipped":[]},{"name":"ea75b49a","positions":[{"x":0.0,"y":0.0,"z":-168.0}],"positionsFlipped":[]},{"name":"6070e055","positions":[{"x":0.0,"y":0.0,"z":-168.0}],"positionsFlipped":[]},{"name":"258e7ff1","positions":[{"x":0.0,"y":0.0,"z":-168.0}],"positionsFlipped":[]},{"name":"7684da6c","positions":[{"x":0.0,"y":0.0,"z":-168.0}],"positionsFlipped":[]},{"name":"a6fcc054","positions":[{"x":0.0,"y":0.0,"z":0.0},{"x":0.0,"y":0.0,"z":32.0},{"x":0.0,"y":0.0,"z":-32.0},{"x":0.0,"y":0.0,"z":64.0},{"x":0.0,"y":0.0,"z":-64.0},{"x":0.0,"y":0.0,"z":96.0},{"x":0.0,"y":0.0,"z":-96.0},{"x":0.0,"y":0.0,"z":128.0},{"x":0.0,"y":0.0,"z":-128.0},{"x":0.0,"y":0.0,"z":160.0}],"positionsFlipped":[]}]}