{"positionDefinitions":[{"name":"9afe5a7","positions":[{"x":0.0,"y":0.0,"z":0.0},{"x":0.0,"y":0.0,"z":32.0},{"x":0.0,"y":0.0,"z":-32.0},{"x":0.0,"y":0.0,"z":64.0},{"x":0.0,"y":0.0,"z":-64.0},{"x":0.0,"y":0.0,"z":128.0},{"x":0.0,"y":0.0,"z":-128.0}],"positionsFlipped":[]},{"name":"b908f0ce","positions":[{"x":0.0,"y":0.0,"z":0.0},{"x":0.0,"y":0.0,"z":32.0},{"x":0.0,"y":0.0,"z":-32.0},{"x":0.0,"y":0.0,"z":64.0},{"x":0.0,"y":0.0,"z":-64.0},{"x":0.0,"y":0.0,"z":128.0},{"x":0.0,"y":0.0,"z":-128.0}],"positionsFlipped":[]},{"name":"f04ffd21","positions":[{"x":0.0,"y":0.0,"z":0.0},{"x":0.0,"y":0.0,"z":32.0},{"x":0.0,"y":0.0,"z":-32.0},{"x":0.0,"y":0.0,"z":64.0},{"x":0.0,"y":0.0,"z":-64.0},{"x":0.0,"y":0.0,"z":128.0},{"x":0.0,"y":0.0,"z":-128.0}],"positionsFlipped":[]},{"name":"850df7d4","positions":[{"x":0.0,"y":0.0,"z":96.0},{"x":0.0,"y":0.0,"z":-96.0}],"positionsFlipped":[]},{"name":"c9f95b2d","positions":[{"x":0.0,"y":0.0,"z":96.0},{"x":0.0,"y":0.0,"z":-96.0}],"positionsFlipped":[]},{"name":"c6f3b5d4","positions":[{"x":0.0,"y":0.0,"z":96.0},{"x":0.0,"y":0.0,"z":-96.0}],"positionsFlipped":[]},{"name":"89fbb571","positions":[{"x":0.0,"y":0.0,"z":96.0},{"x":0.0,"y":0.0,"z":-96.0}],"positionsFlipped":[{"x":0.0,"y":0.0,"z":96.0},{"x":0.0,"y":0.0,"z":-96.0}]},{"name":"616845c9","positions":[{"x":0.0,"y":0.0,"z":96.0},{"x":0.0,"y":0.0,"z":-96.0}],"positionsFlipped":[{"x":0.0,"y":0.0,"z":96.0},{"x":0.0,"y":0.0,"z":-96.0}]},{"name":"67d323b5","positions":[{"x":0.0,"y":0.0,"z":96.0},{"x":0.0,"y":0.0,"z":-96.0}],"positionsFlipped":[{"x":0.0,"y":0.0,"z":96.0},{"x":0.0,"y":0.0,"z":-96.0}]},{"name":"86bcb01d","positions":[{"x":0.0,"y":0.0,"z":96.0},{"x":0.0,"y":0.0,"z":-96.0}],"positionsFlipped":[{"x":0.0,"y":0.0,"z":96.0},{"x":0.0,"y":0.0,"z":-96.0}]},{"name":"946b15f5","positions":[{"x":0.0,"y":0.0,"z":96.0},{"x":0.0,"y":0.0,"z":-96.0}],"positionsFlipped":[{"x":0.0,"y":0.0,"z":96.0},{"x":0.0,"y":0.0,"z":-96.0}]},{"name":"a09dc606","positions":[{"x":0.0,"y":0.0,"z":96.0},{"x":0.0,"y":0.0,"z":-96.0}],"positionsFlipped":[{"x":0.0,"y":0.0,"z":96.0},{"x":0.0,"y":0.0,"z":-96.0}]},{"name":"c34c421a","positions":[{"x":0.0,"y":0.0,"z":96.0},{"x":0.0,"y":0.0,"z":-96.0}],"positionsFlipped":[{"x":0.0,"y":0.0,"z":96.0},{"x":0.0,"y":0.0,"z":-96.0}]},{"name":"9a4cadc2","positions":[{"x":0.0,"y":0.0,"z":96.0},{"x":0.0,"y":0.0,"z":-96.0}],"positionsFlipped":[{"x":0.0,"y":0.0,"z":96.0},{"x":0.0,"y":0.0,"z":-96.0}]},{"name":"f2a64a48","positions":[{"x":0.0,"y":0.0,"z":96.0},{"x":0.0,"y":0.0,"z":-96.0}],"positionsFlipped":[{"x":0.0,"y":0.0,"z":96.0},{"x":0.0,"y":0.0,"z":-96.0}]},{"name":"27ac73c7","positions":[{"x":0.0,"y":0.0,"z":96.0},{"x":0.0,"y":0.0,"z":-96.0}],"positionsFlipped":[{"x":0.0,"y":0.0,"z":96.0},{"x":0.0,"y":0.0,"z":-96.0}]},{"name":"408fcf69","positions":[{"x":0.0,"y":0.0,"z":96.0},{"x":0.0,"y":0.0,"z":-96.0}],"positionsFlipped":[{"x":0.0,"y":0.0,"z":96.0},{"x":0.0,"y":0.0,"z":-96.0}]},{"name":"c6c3733b","positions":[{"x":0.0,"y":0.0,"z":96.0},{"x":0.0,"y":0.0,"z":-96.0}],"positionsFlipped":[{"x":0.0,"y":0.0,"z":96.0},{"x":0.0,"y":0.0,"z":-96.0}]},{"name":"a4e5a874","positions":[{"x":0.0,"y":0.0,"z":96.0},{"x":0.0,"y":0.0,"z":-96.0}],"positionsFlipped":[{"x":0.0,"y":0.0,"z":96.0},{"x":0.0,"y":0.0,"z":-96.0}]},{"name":"c6596c7","positions":[{"x":0.0,"y":0.0,"z":96.0},{"x":0.0,"y":0.0,"z":-96.0}],"positionsFlipped":[{"x":0.0,"y":0.0,"z":96.0},{"x":0.0,"y":0.0,"z":-96.0}]},{"name":"9eeca18c","positions":[{"x":0.0,"y":0.0,"z":96.0},{"x":0.0,"y":0.0,"z":-96.0}],"positionsFlipped":[{"x":0.0,"y":0.0,"z":96.0},{"x":0.0,"y":0.0,"z":-96.0}]},{"name":"aeb46c40","positions":[{"x":0.0,"y":0.0,"z":-160.0}],"positionsFlipped":[]},{"name":"52c63bf3","positions":[{"x":0.0,"y":0.0,"z":-160.0}],"positionsFlipped":[]},{"name":"413dc631","positions":[{"x":0.0,"y":0.0,"z":-160.0}],"positionsFlipped":[]},{"name":"ccf014f2","positions":[{"x":0.0,"y":0.0,"z":-160.0}],"positionsFlipped":[]},{"name":"ef1efe91","positions":[{"x":0.0,"y":0.0,"z":0.0}],"positionsFlipped":[{"x":0.0,"y":0.0,"z":0.0}]},{"name":"c703e3a4","positions":[{"x":13.0,"y":0.0,"z":-10.0},{"x":7.0,"y":0.0,"z":-10.0},{"x":-13.0,"y":0.0,"z":-10.0},{"x":-7.0,"y":0.0,"z":-10.0},{"x":13.0,"y":0.0,"z":-42.0},{"x":7.0,"y":0.0,"z":-42.0},{"x":-13.0,"y":0.0,"z":-42.0},{"x":-7.0,"y":0.0,"z":-42.0},{"x":13.0,"y":0.0,"z":-74.0},{"x":7.0,"y":0.0,"z":-74.0},{"x":-13.0,"y":0.0,"z":-74.0},{"x":-7.0,"y":0.0,"z":-74.0},{"x":13.0,"y":0.0,"z":-138.0},{"x":7.0,"y":0.0,"z":-138.0},{"x":-13.0,"y":0.0,"z":-138.0},{"x":-7.0,"y":0.0,"z":-138.0},{"x":13.0,"y":0.0,"z":22.0},{"x":7.0,"y":0.0,"z":22.0},{"x":-13.0,"y":0.0,"z":22.0},{"x":-7.0,"y":0.0,"z":22.0},{"x":13.0,"y":0.0,"z":54.0},{"x":7.0,"y":0.0,"z":54.0},{"x":-13.0,"y":0.0,"z":54.0},{"x":-7.0,"y":0.0,"z":54.0},{"x":13.0,"y":0.0,"z":118.0},{"x":7.0,"y":0.0,"z":118.0},{"x":-13.0,"y":0.0,"z":118.0},{"x":-7.0,"y":0.0,"z":118.0},{"x":13.0,"y":0.0,"z":-170.0},{"x":7.0,"y":0.0,"z":-170.0},{"x":-13.0,"y":0.0,"z":-170.0},{"x":-7.0,"y":0.0,"z":-170.0}],"positionsFlipped":[{"x":13.0,"y":0.0,"z":10.0},{"x":7.0,"y":0.0,"z":10.0},{"x":-13.0,"y":0.0,"z":10.0},{"x":-7.0,"y":0.0,"z":10.0},{"x":13.0,"y":0.0,"z":42.0},{"x":7.0,"y":0.0,"z":42.0},{"x":-13.0,"y":0.0,"z":42.0},{"x":-7.0,"y":0.0,"z":42.0},{"x":13.0,"y":0.0,"z":74.0},{"x":7.0,"y":0.0,"z":74.0},{"x":-13.0,"y":0.0,"z":74.0},{"x":-7.0,"y":0.0,"z":74.0},{"x":13.0,"y":0.0,"z":138.0},{"x":7.0,"y":0.0,"z":138.0},{"x":-13.0,"y":0.0,"z":138.0},{"x":-7.0,"y":0.0,"z":138.0},{"x":13.0,"y":0.0,"z":-150.0},{"x":7.0,"y":0.0,"z":-150.0},{"x":-13.0,"y":0.0,"z":-150.0},{"x":-7.0,"y":0.0,"z":-150.0},{"x":13.0,"y":0.0,"z":-22.0},{"x":7.0,"y":0.0,"z":-22.0},{"x":-13.0,"y":0.0,"z":-22.0},{"x":-7.0,"y":0.0,"z":-22.0},{"x":13.0,"y":0.0,"z":-54.0},{"x":7.0,"y":0.0,"z":-54.0},{"x":-13.0,"y":0.0,"z":-54.0},{"x":-7.0,"y":0.0,"z":-54.0},{"x":13.0,"y":0.0,"z":-118.0},{"x":7.0,"y":0.0,"z":-118.0},{"x":-13.0,"y":0.0,"z":-118.0},{"x":-7.0,"y":0.0,"z":-118.0}]},{"name":"ac6f4e5b","positions":[{"x":13.0,"y":0.0,"z":-10.0},{"x":7.0,"y":0.0,"z":-10.0},{"x":-13.0,"y":0.0,"z":-10.0},{"x":-7.0,"y":0.0,"z":-10.0},{"x":13.0,"y":0.0,"z":-42.0},{"x":7.0,"y":0.0,"z":-42.0},{"x":-13.0,"y":0.0,"z":-42.0},{"x":-7.0,"y":0.0,"z":-42.0},{"x":13.0,"y":0.0,"z":-74.0},{"x":7.0,"y":0.0,"z":-74.0},{"x":-13.0,"y":0.0,"z":-74.0},{"x":-7.0,"y":0.0,"z":-74.0},{"x":13.0,"y":0.0,"z":-138.0},{"x":7.0,"y":0.0,"z":-138.0},{"x":-13.0,"y":0.0,"z":-138.0},{"x":-7.0,"y":0.0,"z":-138.0},{"x":13.0,"y":0.0,"z":22.0},{"x":7.0,"y":0.0,"z":22.0},{"x":-13.0,"y":0.0,"z":22.0},{"x":-7.0,"y":0.0,"z":22.0},{"x":13.0,"y":0.0,"z":54.0},{"x":7.0,"y":0.0,"z":54.0},{"x":-13.0,"y":0.0,"z":54.0},{"x":-7.0,"y":0.0,"z":54.0},{"x":13.0,"y":0.0,"z":118.0},{"x":7.0,"y":0.0,"z":118.0},{"x":-13.0,"y":0.0,"z":118.0},{"x":-7.0,"y":0.0,"z":118.0},{"x":13.0,"y":0.0,"z":-170.0},{"x":7.0,"y":0.0,"z":-170.0},{"x":-13.0,"y":0.0,"z":-170.0},{"x":-7.0,"y":0.0,"z":-170.0}],"positionsFlipped":[{"x":13.0,"y":0.0,"z":10.0},{"x":7.0,"y":0.0,"z":10.0},{"x":-13.0,"y":0.0,"z":10.0},{"x":-7.0,"y":0.0,"z":10.0},{"x":13.0,"y":0.0,"z":42.0},{"x":7.0,"y":0.0,"z":42.0},{"x":-13.0,"y":0.0,"z":42.0},{"x":-7.0,"y":0.0,"z":42.0},{"x":13.0,"y":0.0,"z":74.0},{"x":7.0,"y":0.0,"z":74.0},{"x":-13.0,"y":0.0,"z":74.0},{"x":-7.0,"y":0.0,"z":74.0},{"x":13.0,"y":0.0,"z":138.0},{"x":7.0,"y":0.0,"z":138.0},{"x":-13.0,"y":0.0,"z":138.0},{"x":-7.0,"y":0.0,"z":138.0},{"x":13.0,"y":0.0,"z":-150.0},{"x":7.0,"y":0.0,"z":-150.0},{"x":-13.0,"y":0.0,"z":-150.0},{"x":-7.0,"y":0.0,"z":-150.0},{"x":13.0,"y":0.0,"z":-22.0},{"x":7.0,"y":0.0,"z":-22.0},{"x":-13.0,"y":0.0,"z":-22.0},{"x":-7.0,"y":0.0,"z":-22.0},{"x":13.0,"y":0.0,"z":-54.0},{"x":7.0,"y":0.0,"z":-54.0},{"x":-13.0,"y":0.0,"z":-54.0},{"x":-7.0,"y":0.0,"z":-54.0},{"x":13.0,"y":0.0,"z":-118.0},{"x":7.0,"y":0.0,"z":-118.0},{"x":-13.0,"y":0.0,"z":-118.0},{"x":-7.0,"y":0.0,"z":-118.0}]},{"name":"41cd15bc","positions":[],"positionsFlipped":[{"x":0.0,"y":0.0,"z":168.0}]},{"name":"f09bcf64","positions":[],"positionsFlipped":[{"x":0.0,"y":0.0,"z":168.0}]},{"name":"3ef09469","positions":[],"positionsFlipped":[{"x":0.0,"y":0.0,"z":168.0}]},{"name":"fbc9496c","positions":[],"positionsFlipped":[{"x":0.0,"y":0.0,"z":168.0}]},{"name":"dcf8eae1","positions":[],"positionsFlipped":[{"x":0.0,"y":0.0,"z":168.0}]},{"name":"6322cd35","positions":[],"positionsFlipped":[{"x":0.0,"y":0.0,"z":168.0}]},{"name":"e5a0f288","positions":[],"positionsFlipped":[{"x":0.0,"y":0.0,"z":168.0}]},{"name":"67cee4eb","positions":[{"x":0.0,"y":0.0,"z":-130.0}],"positionsFlipped":[]},{"name":"852e7f07","positions":[{"x":0.0,"y":0.0,"z":0.0},{"x":0.0,"y":0.0,"z":32.0},{"x":0.0,"y":0.0,"z":-32.0},{"x":0.0,"y":0.0,"z":64.0},{"x":0.0,"y":0.0,"z":-64.0},{"x":0.0,"y":0.0,"z":96.0},{"x":0.0,"y":0.0,"z":-96.0},{"x":0.0,"y":0.0,"z":128.0},{"x":0.0,"y":0.0,"z":-128.0},{"x":0.0,"y":0.0,"z":-160.0}],"positionsFlipped":[]}]}