{"positionDefinitions":[{"name":"2c0fb10e","positions":[{"x":0.0,"y":0.0,"z":16.0},{"x":0.0,"y":0.0,"z":-16.0},{"x":0.0,"y":0.0,"z":48.0},{"x":0.0,"y":0.0,"z":-48.0},{"x":0.0,"y":0.0,"z":112.0},{"x":0.0,"y":0.0,"z":-112.0}],"positionsFlipped":[]},{"name":"c1edc1e5","positions":[{"x":0.0,"y":0.0,"z":16.0},{"x":0.0,"y":0.0,"z":-16.0},{"x":0.0,"y":0.0,"z":48.0},{"x":0.0,"y":0.0,"z":-48.0},{"x":0.0,"y":0.0,"z":112.0},{"x":0.0,"y":0.0,"z":-112.0}],"positionsFlipped":[]},{"name":"6246a6d7","positions":[{"x":0.0,"y":0.0,"z":16.0},{"x":0.0,"y":0.0,"z":-16.0},{"x":0.0,"y":0.0,"z":48.0},{"x":0.0,"y":0.0,"z":-48.0},{"x":0.0,"y":0.0,"z":112.0},{"x":0.0,"y":0.0,"z":-112.0}],"positionsFlipped":[]},{"name":"a004a256","positions":[{"x":0.0,"y":0.0,"z":16.0},{"x":0.0,"y":0.0,"z":-16.0},{"x":0.0,"y":0.0,"z":48.0},{"x":0.0,"y":0.0,"z":-48.0},{"x":0.0,"y":0.0,"z":80.0},{"x":0.0,"y":0.0,"z":-80.0},{"x":0.0,"y":0.0,"z":112.0},{"x":0.0,"y":0.0,"z":-112.0},{"x":0.0,"y":0.0,"z":144.0},{"x":0.0,"y":0.0,"z":-144.0}],"positionsFlipped":[]},{"name":"be58d379","positions":[{"x":0.0,"y":0.0,"z":80.0},{"x":0.0,"y":0.0,"z":-80.0}],"positionsFlipped":[{"x":0.0,"y":0.0,"z":80.0},{"x":0.0,"y":0.0,"z":-80.0}]},{"name":"f305432","positions":[{"x":0.0,"y":0.0,"z":80.0},{"x":0.0,"y":0.0,"z":-80.0}],"positionsFlipped":[]},{"name":"7e66742a","positions":[{"x":0.0,"y":0.0,"z":80.0},{"x":0.0,"y":0.0,"z":-80.0}],"positionsFlipped":[]},{"name":"3d43a7d6","positions":[{"x":0.0,"y":0.0,"z":80.0},{"x":0.0,"y":0.0,"z":-80.0}],"positionsFlipped":[{"x":0.0,"y":0.0,"z":80.0},{"x":0.0,"y":0.0,"z":-80.0}]},{"name":"fa141243","positions":[{"x":0.0,"y":0.0,"z":80.0},{"x":0.0,"y":0.0,"z":-80.0}],"positionsFlipped":[{"x":0.0,"y":0.0,"z":80.0},{"x":0.0,"y":0.0,"z":-80.0}]},{"name":"b72dda77","positions":[{"x":0.0,"y":0.0,"z":80.0},{"x":0.0,"y":0.0,"z":-80.0}],"positionsFlipped":[{"x":0.0,"y":0.0,"z":80.0},{"x":0.0,"y":0.0,"z":-80.0}]},{"name":"aaafdc06","positions":[{"x":0.0,"y":0.0,"z":80.0},{"x":0.0,"y":0.0,"z":-80.0}],"positionsFlipped":[{"x":0.0,"y":0.0,"z":80.0},{"x":0.0,"y":0.0,"z":-80.0}]},{"name":"ac6ca1c6","positions":[{"x":0.0,"y":0.0,"z":80.0},{"x":0.0,"y":0.0,"z":-80.0}],"positionsFlipped":[{"x":0.0,"y":0.0,"z":80.0},{"x":0.0,"y":0.0,"z":-80.0}]},{"name":"bec49ef7","positions":[{"x":0.0,"y":0.0,"z":-144.0}],"positionsFlipped":[{"x":0.0,"y":0.0,"z":144.0}]},{"name":"fa10c899","positions":[{"x":0.0,"y":0.0,"z":-144.0}],"positionsFlipped":[{"x":0.0,"y":0.0,"z":144.0}]},{"name":"266b8851","positions":[{"x":0.0,"y":0.0,"z":-144.0}],"positionsFlipped":[{"x":0.0,"y":0.0,"z":144.0}]},{"name":"af1c598","positions":[{"x":16.0,"y":0.0,"z":4.0},{"x":10.0,"y":0.0,"z":4.0},{"x":-16.0,"y":0.0,"z":4.0},{"x":-10.0,"y":0.0,"z":4.0},{"x":16.0,"y":0.0,"z":36.0},{"x":10.0,"y":0.0,"z":36.0},{"x":-16.0,"y":0.0,"z":36.0},{"x":-10.0,"y":0.0,"z":36.0},{"x":16.0,"y":0.0,"z":100.0},{"x":10.0,"y":0.0,"z":100.0},{"x":-16.0,"y":0.0,"z":100.0},{"x":-10.0,"y":0.0,"z":100.0},{"x":16.0,"y":0.0,"z":132.0},{"x":10.0,"y":0.0,"z":132.0},{"x":-16.0,"y":0.0,"z":132.0},{"x":-10.0,"y":0.0,"z":132.0},{"x":16.0,"y":0.0,"z":-28.0},{"x":10.0,"y":0.0,"z":-28.0},{"x":-16.0,"y":0.0,"z":-28.0},{"x":-10.0,"y":0.0,"z":-28.0},{"x":16.0,"y":0.0,"z":-60.0},{"x":10.0,"y":0.0,"z":-60.0},{"x":-16.0,"y":0.0,"z":-60.0},{"x":-10.0,"y":0.0,"z":-60.0},{"x":16.0,"y":0.0,"z":-124.0},{"x":10.0,"y":0.0,"z":-124.0},{"x":-16.0,"y":0.0,"z":-124.0},{"x":-10.0,"y":0.0,"z":-124.0},{"x":16.0,"y":0.0,"z":-156.0},{"x":10.0,"y":0.0,"z":-156.0},{"x":-16.0,"y":0.0,"z":-156.0},{"x":-10.0,"y":0.0,"z":-156.0}],"positionsFlipped":[{"x":16.0,"y":0.0,"z":-4.0},{"x":10.0,"y":0.0,"z":-4.0},{"x":-16.0,"y":0.0,"z":-4.0},{"x":-10.0,"y":0.0,"z":-4.0},{"x":16.0,"y":0.0,"z":-36.0},{"x":10.0,"y":0.0,"z":-36.0},{"x":-16.0,"y":0.0,"z":-36.0},{"x":-10.0,"y":0.0,"z":-36.0},{"x":16.0,"y":0.0,"z":-100.0},{"x":10.0,"y":0.0,"z":-100.0},{"x":-16.0,"y":0.0,"z":-100.0},{"x":-10.0,"y":0.0,"z":-100.0},{"x":16.0,"y":0.0,"z":-132.0},{"x":10.0,"y":0.0,"z":-132.0},{"x":-16.0,"y":0.0,"z":-132.0},{"x":-10.0,"y":0.0,"z":-132.0},{"x":16.0,"y":0.0,"z":28.0},{"x":10.0,"y":0.0,"z":28.0},{"x":-16.0,"y":0.0,"z":28.0},{"x":-10.0,"y":0.0,"z":28.0},{"x":16.0,"y":0.0,"z":60.0},{"x":10.0,"y":0.0,"z":60.0},{"x":-16.0,"y":0.0,"z":60.0},{"x":-10.0,"y":0.0,"z":60.0},{"x":16.0,"y":0.0,"z":124.0},{"x":10.0,"y":0.0,"z":124.0},{"x":-16.0,"y":0.0,"z":124.0},{"x":-10.0,"y":0.0,"z":124.0},{"x":16.0,"y":0.0,"z":156.0},{"x":10.0,"y":0.0,"z":156.0},{"x":-16.0,"y":0.0,"z":156.0},{"x":-10.0,"y":0.0,"z":156.0}]},{"name":"1fdfdff7","positions":[{"x":16.0,"y":0.0,"z":4.0},{"x":10.0,"y":0.0,"z":4.0},{"x":-16.0,"y":0.0,"z":4.0},{"x":-10.0,"y":0.0,"z":4.0},{"x":16.0,"y":0.0,"z":36.0},{"x":10.0,"y":0.0,"z":36.0},{"x":-16.0,"y":0.0,"z":36.0},{"x":-10.0,"y":0.0,"z":36.0},{"x":16.0,"y":0.0,"z":100.0},{"x":10.0,"y":0.0,"z":100.0},{"x":-16.0,"y":0.0,"z":100.0},{"x":-10.0,"y":0.0,"z":100.0},{"x":16.0,"y":0.0,"z":132.0},{"x":10.0,"y":0.0,"z":132.0},{"x":-16.0,"y":0.0,"z":132.0},{"x":-10.0,"y":0.0,"z":132.0},{"x":16.0,"y":0.0,"z":-28.0},{"x":10.0,"y":0.0,"z":-28.0},{"x":-16.0,"y":0.0,"z":-28.0},{"x":-10.0,"y":0.0,"z":-28.0},{"x":16.0,"y":0.0,"z":-60.0},{"x":10.0,"y":0.0,"z":-60.0},{"x":-16.0,"y":0.0,"z":-60.0},{"x":-10.0,"y":0.0,"z":-60.0},{"x":16.0,"y":0.0,"z":-124.0},{"x":10.0,"y":0.0,"z":-124.0},{"x":-16.0,"y":0.0,"z":-124.0},{"x":-10.0,"y":0.0,"z":-124.0},{"x":16.0,"y":0.0,"z":-156.0},{"x":10.0,"y":0.0,"z":-156.0},{"x":-16.0,"y":0.0,"z":-156.0},{"x":-10.0,"y":0.0,"z":-156.0}],"positionsFlipped":[{"x":16.0,"y":0.0,"z":-4.0},{"x":10.0,"y":0.0,"z":-4.0},{"x":-16.0,"y":0.0,"z":-4.0},{"x":-10.0,"y":0.0,"z":-4.0},{"x":16.0,"y":0.0,"z":-36.0},{"x":10.0,"y":0.0,"z":-36.0},{"x":-16.0,"y":0.0,"z":-36.0},{"x":-10.0,"y":0.0,"z":-36.0},{"x":16.0,"y":0.0,"z":-100.0},{"x":10.0,"y":0.0,"z":-100.0},{"x":-16.0,"y":0.0,"z":-100.0},{"x":-10.0,"y":0.0,"z":-100.0},{"x":16.0,"y":0.0,"z":-132.0},{"x":10.0,"y":0.0,"z":-132.0},{"x":-16.0,"y":0.0,"z":-132.0},{"x":-10.0,"y":0.0,"z":-132.0},{"x":16.0,"y":0.0,"z":28.0},{"x":10.0,"y":0.0,"z":28.0},{"x":-16.0,"y":0.0,"z":28.0},{"x":-10.0,"y":0.0,"z":28.0},{"x":16.0,"y":0.0,"z":60.0},{"x":10.0,"y":0.0,"z":60.0},{"x":-16.0,"y":0.0,"z":60.0},{"x":-10.0,"y":0.0,"z":60.0},{"x":16.0,"y":0.0,"z":124.0},{"x":10.0,"y":0.0,"z":124.0},{"x":-16.0,"y":0.0,"z":124.0},{"x":-10.0,"y":0.0,"z":124.0},{"x":16.0,"y":0.0,"z":156.0},{"x":10.0,"y":0.0,"z":156.0},{"x":-16.0,"y":0.0,"z":156.0},{"x":-10.0,"y":0.0,"z":156.0}]},{"name":"55bca85b","positions":[{"x":0.0,"y":0.0,"z":0.0}],"positionsFlipped":[]},{"name":"da7e83d6","positions":[{"x":0.0,"y":0.0,"z":0.0}],"positionsFlipped":[{"x":0.0,"y":0.0,"z":0.0}]}]}