{"positionDefinitions":[{"name":"19d3c1e3","positions":[{"x":0.0,"y":0.0,"z":16.0},{"x":0.0,"y":0.0,"z":-16.0}],"positionsFlipped":[]},{"name":"16b64d81","positions":[{"x":0.0,"y":0.0,"z":16.0},{"x":0.0,"y":0.0,"z":-16.0}],"positionsFlipped":[]},{"name":"b200a4cf","positions":[{"x":0.0,"y":0.0,"z":16.0},{"x":0.0,"y":0.0,"z":-16.0}],"positionsFlipped":[]},{"name":"1a7d8c26","positions":[{"x":0.0,"y":0.0,"z":0.0}],"positionsFlipped":[{"x":0.0,"y":0.0,"z":0.0}]},{"name":"44784239","positions":[{"x":0.0,"y":0.0,"z":16.0},{"x":0.0,"y":0.0,"z":-16.0},{"x":0.0,"y":0.0,"z":-48.0}],"positionsFlipped":[]},{"name":"5b98e55c","positions":[],"positionsFlipped":[{"x":0.0,"y":0.0,"z":-48.0}]},{"name":"17f673dd","positions":[],"positionsFlipped":[{"x":0.0,"y":0.0,"z":-48.0}]},{"name":"e8c86d84","positions":[{"x":0.0,"y":0.0,"z":16.0}],"positionsFlipped":[{"x":0.0,"y":0.0,"z":16.0}]},{"name":"2f839175","positions":[{"x":0.0,"y":0.0,"z":16.0}],"positionsFlipped":[{"x":0.0,"y":0.0,"z":16.0}]},{"name":"d53d49","positions":[{"x":0.0,"y":0.0,"z":-48.0}],"positionsFlipped":[{"x":0.0,"y":0.0,"z":-48.0}]},{"name":"19b667ef","positions":[{"x":0.0,"y":0.0,"z":-48.0}],"positionsFlipped":[{"x":0.0,"y":0.0,"z":-48.0}]},{"name":"51a59ea5","positions":[{"x":0.0,"y":0.0,"z":-48.0}],"positionsFlipped":[{"x":0.0,"y":0.0,"z":-48.0}]},{"name":"e4a3fbaa","positions":[{"x":0.0,"y":0.0,"z":-48.0}],"positionsFlipped":[{"x":0.0,"y":0.0,"z":-48.0}]},{"name":"ba5d86c9","positions":[{"x":0.0,"y":0.0,"z":-48.0}],"positionsFlipped":[{"x":0.0,"y":0.0,"z":-48.0}]},{"name":"865c2e0b","positions":[{"x":0.0,"y":0.0,"z":-48.0}],"positionsFlipped":[{"x":0.0,"y":0.0,"z":-48.0}]},{"name":"fc8b484e","positions":[{"x":0.0,"y":0.0,"z":-48.0}],"positionsFlipped":[{"x":0.0,"y":0.0,"z":-48.0}]},{"name":"456dc62","positions":[{"x":0.0,"y":0.0,"z":-48.0}],"positionsFlipped":[{"x":0.0,"y":0.0,"z":-48.0}]},{"name":"e377a158","positions":[{"x":0.0,"y":0.0,"z":0.0}],"positionsFlipped":[{"x":0.0,"y":0.0,"z":0.0}]},{"name":"bc3a077f","positions":[{"x":0.0,"y":0.0,"z":0.0}],"positionsFlipped":[{"x":0.0,"y":0.0,"z":0.0}]},{"name":"ee3f421a","positions":[{"x":0.0,"y":0.0,"z":0.0}],"positionsFlipped":[{"x":0.0,"y":0.0,"z":0.0}]},{"name":"8839dcdb","positions":[],"positionsFlipped":[{"x":0.0,"y":0.0,"z":-48.0}]},{"name":"e32cb99c","positions":[],"positionsFlipped":[{"x":0.0,"y":0.0,"z":-48.0}]},{"name":"ac8a9e13","positions":[],"positionsFlipped":[{"x":0.0,"y":0.0,"z":56.0}]},{"name":"6c3c6525","positions":[],"positionsFlipped":[{"x":0.0,"y":0.0,"z":56.0}]},{"name":"82d33ba3","positions":[],"positionsFlipped":[{"x":0.0,"y":0.0,"z":56.0}]},{"name":"3b7227d7","positions":[],"positionsFlipped":[{"x":0.0,"y":0.0,"z":56.0}]},{"name":"2b2b595c","positions":[],"positionsFlipped":[{"x":0.0,"y":0.0,"z":56.0}]},{"name":"76b9dc69","positions":[],"positionsFlipped":[{"x":0.0,"y":0.0,"z":56.0}]},{"name":"3b17c56e","positions":[],"positionsFlipped":[{"x":0.0,"y":0.0,"z":56.0}]},{"name":"fa7d0751","positions":[],"positionsFlipped":[{"x":0.0,"y":0.0,"z":56.0}]},{"name":"4a31698b","positions":[],"positionsFlipped":[{"x":0.0,"y":0.0,"z":42.0}]},{"name":"96a7d20a","positions":[],"positionsFlipped":[{"x":0.0,"y":0.0,"z":42.0}]},{"name":"86a25efa","positions":[{"x":0.0,"y":0.0,"z":0.0}],"positionsFlipped":[]},{"name":"16db88d0","positions":[{"x":-14.0,"y":0.0,"z":4.0},{"x":14.0,"y":0.0,"z":4.0},{"x":-14.0,"y":0.0,"z":-28.0},{"x":14.0,"y":0.0,"z":-28.0}],"positionsFlipped":[{"x":-14.0,"y":0.0,"z":-4.0},{"x":14.0,"y":0.0,"z":-4.0},{"x":-14.0,"y":0.0,"z":28.0},{"x":14.0,"y":0.0,"z":28.0}]},{"name":"1b48282","positions":[{"x":-14.0,"y":0.0,"z":4.0},{"x":14.0,"y":0.0,"z":4.0},{"x":-14.0,"y":0.0,"z":-28.0},{"x":14.0,"y":0.0,"z":-28.0}],"positionsFlipped":[{"x":-14.0,"y":0.0,"z":-4.0},{"x":14.0,"y":0.0,"z":-4.0},{"x":-14.0,"y":0.0,"z":28.0},{"x":14.0,"y":0.0,"z":28.0}]},{"name":"56c854f0","positions":[{"x":0.0,"y":0.0,"z":16.0}],"positionsFlipped":[{"x":0.0,"y":0.0,"z":16.0}]}]}