{"positionDefinitions":[{"name":"f5c65506","positions":[{"x":0.0,"y":0.0,"z":16.0},{"x":0.0,"y":0.0,"z":-16.0}],"positionsFlipped":[]},{"name":"b594f913","positions":[{"x":0.0,"y":0.0,"z":16.0},{"x":0.0,"y":0.0,"z":-16.0}],"positionsFlipped":[]},{"name":"dc06a26c","positions":[{"x":0.0,"y":0.0,"z":16.0},{"x":0.0,"y":0.0,"z":-16.0},{"x":0.0,"y":0.0,"z":-48.0}],"positionsFlipped":[]},{"name":"dc1368e9","positions":[{"x":0.0,"y":0.0,"z":0.0}],"positionsFlipped":[{"x":0.0,"y":0.0,"z":0.0}]},{"name":"bd02e3c9","positions":[{"x":0.0,"y":0.0,"z":16.0},{"x":0.0,"y":0.0,"z":-16.0},{"x":0.0,"y":0.0,"z":48.0},{"x":0.0,"y":0.0,"z":-48.0}],"positionsFlipped":[]},{"name":"8e203736","positions":[],"positionsFlipped":[{"x":0.0,"y":0.0,"z":-48.0}]},{"name":"a670ac77","positions":[],"positionsFlipped":[{"x":0.0,"y":0.0,"z":-48.0}]},{"name":"6af76463","positions":[{"x":0.0,"y":0.0,"z":48.0}],"positionsFlipped":[{"x":0.0,"y":0.0,"z":-48.0}]},{"name":"cf1a84a7","positions":[{"x":0.0,"y":0.0,"z":48.0}],"positionsFlipped":[{"x":0.0,"y":0.0,"z":-48.0}]},{"name":"453bd614","positions":[{"x":0.0,"y":0.0,"z":16.0}],"positionsFlipped":[{"x":0.0,"y":0.0,"z":16.0}]},{"name":"c6d19e3c","positions":[{"x":0.0,"y":0.0,"z":16.0}],"positionsFlipped":[{"x":0.0,"y":0.0,"z":16.0}]},{"name":"6f94abb5","positions":[{"x":0.0,"y":0.0,"z":16.0}],"positionsFlipped":[{"x":0.0,"y":0.0,"z":16.0}]},{"name":"9f8fe8a2","positions":[{"x":0.0,"y":0.0,"z":48.0}],"positionsFlipped":[{"x":0.0,"y":0.0,"z":48.0}]},{"name":"1e75ff47","positions":[{"x":0.0,"y":0.0,"z":48.0}],"positionsFlipped":[{"x":0.0,"y":0.0,"z":48.0}]},{"name":"ecc6347c","positions":[{"x":0.0,"y":0.0,"z":48.0}],"positionsFlipped":[{"x":0.0,"y":0.0,"z":48.0}]},{"name":"e0ede7c8","positions":[{"x":0.0,"y":0.0,"z":48.0}],"positionsFlipped":[{"x":0.0,"y":0.0,"z":48.0}]},{"name":"6d308d85","positions":[{"x":0.0,"y":0.0,"z":48.0}],"positionsFlipped":[{"x":0.0,"y":0.0,"z":48.0}]},{"name":"765cb655","positions":[{"x":0.0,"y":0.0,"z":48.0}],"positionsFlipped":[{"x":0.0,"y":0.0,"z":48.0}]},{"name":"f5b5aa4c","positions":[{"x":0.0,"y":0.0,"z":48.0}],"positionsFlipped":[{"x":0.0,"y":0.0,"z":48.0}]},{"name":"35a9c25a","positions":[{"x":0.0,"y":0.0,"z":48.0}],"positionsFlipped":[{"x":0.0,"y":0.0,"z":48.0}]},{"name":"50d6245b","positions":[{"x":0.0,"y":0.0,"z":0.0}],"positionsFlipped":[{"x":0.0,"y":0.0,"z":0.0}]},{"name":"c5aa0da7","positions":[{"x":0.0,"y":0.0,"z":0.0}],"positionsFlipped":[{"x":0.0,"y":0.0,"z":0.0}]},{"name":"ac176895","positions":[{"x":0.0,"y":0.0,"z":0.0}],"positionsFlipped":[{"x":0.0,"y":0.0,"z":0.0}]},{"name":"eafeef0f","positions":[{"x":14.0,"y":0.0,"z":-4.0},{"x":14.0,"y":0.0,"z":4.0},{"x":14.0,"y":0.0,"z":-12.0},{"x":14.0,"y":0.0,"z":12.0},{"x":14.0,"y":0.0,"z":-20.0},{"x":14.0,"y":0.0,"z":20.0},{"x":14.0,"y":0.0,"z":-28.0},{"x":14.0,"y":0.0,"z":28.0}],"positionsFlipped":[{"x":14.0,"y":0.0,"z":-4.0},{"x":14.0,"y":0.0,"z":4.0},{"x":14.0,"y":0.0,"z":-12.0},{"x":14.0,"y":0.0,"z":12.0},{"x":14.0,"y":0.0,"z":-20.0},{"x":14.0,"y":0.0,"z":20.0},{"x":14.0,"y":0.0,"z":-28.0},{"x":14.0,"y":0.0,"z":28.0}]},{"name":"62ea7d67","positions":[{"x":14.0,"y":0.0,"z":-4.0},{"x":14.0,"y":0.0,"z":4.0},{"x":14.0,"y":0.0,"z":-12.0},{"x":14.0,"y":0.0,"z":12.0},{"x":14.0,"y":0.0,"z":-20.0},{"x":14.0,"y":0.0,"z":20.0},{"x":14.0,"y":0.0,"z":-28.0},{"x":14.0,"y":0.0,"z":28.0}],"positionsFlipped":[{"x":14.0,"y":0.0,"z":-4.0},{"x":14.0,"y":0.0,"z":4.0},{"x":14.0,"y":0.0,"z":-12.0},{"x":14.0,"y":0.0,"z":12.0},{"x":14.0,"y":0.0,"z":-20.0},{"x":14.0,"y":0.0,"z":20.0},{"x":14.0,"y":0.0,"z":-28.0},{"x":14.0,"y":0.0,"z":28.0}]},{"name":"87ac1318","positions":[{"x":0.0,"y":0.0,"z":48.0}],"positionsFlipped":[]},{"name":"25f30f78","positions":[{"x":0.0,"y":0.0,"z":48.0}],"positionsFlipped":[]}]}