{"positionDefinitions":[{"name":"8a0ff2b9","positions":[{"x":0.0,"y":0.0,"z":64.0},{"x":0.0,"y":0.0,"z":-64.0},{"x":0.0,"y":0.0,"z":-96.0}],"positionsFlipped":[]},{"name":"a13e2da5","positions":[{"x":0.0,"y":0.0,"z":64.0},{"x":0.0,"y":0.0,"z":-64.0},{"x":0.0,"y":0.0,"z":-96.0}],"positionsFlipped":[]},{"name":"578f3f6c","positions":[{"x":0.0,"y":0.0,"z":32.0},{"x":0.0,"y":0.0,"z":-32.0}],"positionsFlipped":[]},{"name":"cb6f8d5f","positions":[{"x":0.0,"y":0.0,"z":32.0},{"x":0.0,"y":0.0,"z":-32.0}],"positionsFlipped":[]},{"name":"eca93968","positions":[{"x":0.0,"y":0.0,"z":-32.0},{"x":0.0,"y":0.0,"z":32.0},{"x":0.0,"y":0.0,"z":-96.0},{"x":0.0,"y":0.0,"z":96.0},{"x":0.0,"y":0.0,"z":-64.0},{"x":0.0,"y":0.0,"z":64.0}],"positionsFlipped":[]},{"name":"b53a8187","positions":[{"x":0.0,"y":0.0,"z":0.0}],"positionsFlipped":[]},{"name":"56155afd","positions":[{"x":0.0,"y":0.0,"z":0.0}],"positionsFlipped":[]},{"name":"a068d5c5","positions":[{"x":0.0,"y":0.0,"z":0.0}],"positionsFlipped":[]},{"name":"13064d94","positions":[{"x":0.0,"y":0.0,"z":0.0}],"positionsFlipped":[{"x":0.0,"y":0.0,"z":0.0}]},{"name":"d0438ae4","positions":[{"x":0.0,"y":0.0,"z":0.0}],"positionsFlipped":[{"x":0.0,"y":0.0,"z":0.0}]},{"name":"f330ce9b","positions":[{"x":0.0,"y":0.0,"z":0.0}],"positionsFlipped":[{"x":0.0,"y":0.0,"z":0.0}]},{"name":"dd1a8999","positions":[{"x":0.0,"y":0.0,"z":0.0}],"positionsFlipped":[{"x":0.0,"y":0.0,"z":0.0}]},{"name":"406e5f49","positions":[{"x":0.0,"y":0.0,"z":0.0}],"positionsFlipped":[{"x":0.0,"y":0.0,"z":0.0}]},{"name":"a9dadf8d","positions":[{"x":0.0,"y":0.0,"z":0.0}],"positionsFlipped":[{"x":0.0,"y":0.0,"z":0.0}]},{"name":"d7df5797","positions":[{"x":0.0,"y":0.0,"z":0.0}],"positionsFlipped":[]},{"name":"9b5d59d6","positions":[{"x":0.0,"y":0.0,"z":0.0}],"positionsFlipped":[{"x":0.0,"y":0.0,"z":0.0}]},{"name":"1d1f8b6e","positions":[{"x":0.0,"y":0.0,"z":96.0}],"positionsFlipped":[]},{"name":"8e8d2418","positions":[{"x":0.0,"y":0.0,"z":96.0}],"positionsFlipped":[]},{"name":"dee13c36","positions":[{"x":0.0,"y":0.0,"z":96.0}],"positionsFlipped":[]},{"name":"fe8b326c","positions":[{"x":0.0,"y":0.0,"z":96.0},{"x":0.0,"y":0.0,"z":-96.0},{"x":0.0,"y":0.0,"z":64.0},{"x":0.0,"y":0.0,"z":-64.0},{"x":0.0,"y":0.0,"z":32.0},{"x":0.0,"y":0.0,"z":-32.0},{"x":0.0,"y":0.0,"z":0.0}],"positionsFlipped":[]},{"name":"7a1415c5","positions":[{"x":0.0,"y":0.0,"z":0.0}],"positionsFlipped":[{"x":0.0,"y":0.0,"z":0.0}]},{"name":"2b3e004c","positions":[{"x":16.0,"y":0.0,"z":-74.0},{"x":10.0,"y":0.0,"z":-74.0},{"x":-16.0,"y":0.0,"z":-74.0},{"x":-10.0,"y":0.0,"z":-74.0},{"x":16.0,"y":0.0,"z":56.0},{"x":10.0,"y":0.0,"z":56.0},{"x":-16.0,"y":0.0,"z":56.0},{"x":-10.0,"y":0.0,"z":56.0},{"x":16.0,"y":0.0,"z":22.0},{"x":10.0,"y":0.0,"z":22.0},{"x":-16.0,"y":0.0,"z":22.0},{"x":-10.0,"y":0.0,"z":22.0},{"x":16.0,"y":0.0,"z":38.0},{"x":10.0,"y":0.0,"z":38.0},{"x":-16.0,"y":0.0,"z":38.0},{"x":-10.0,"y":0.0,"z":38.0},{"x":16.0,"y":0.0,"z":86.0},{"x":10.0,"y":0.0,"z":86.0},{"x":-16.0,"y":0.0,"z":86.0},{"x":-10.0,"y":0.0,"z":86.0},{"x":16.0,"y":0.0,"z":-102.0},{"x":10.0,"y":0.0,"z":-102.0},{"x":-16.0,"y":0.0,"z":-102.0},{"x":-10.0,"y":0.0,"z":-102.0}],"positionsFlipped":[{"x":16.0,"y":0.0,"z":74.0},{"x":10.0,"y":0.0,"z":74.0},{"x":-16.0,"y":0.0,"z":74.0},{"x":-10.0,"y":0.0,"z":74.0},{"x":16.0,"y":0.0,"z":-56.0},{"x":10.0,"y":0.0,"z":-56.0},{"x":-16.0,"y":0.0,"z":-56.0},{"x":-10.0,"y":0.0,"z":-56.0},{"x":16.0,"y":0.0,"z":-22.0},{"x":10.0,"y":0.0,"z":-22.0},{"x":-16.0,"y":0.0,"z":-22.0},{"x":-10.0,"y":0.0,"z":-22.0},{"x":16.0,"y":0.0,"z":-38.0},{"x":10.0,"y":0.0,"z":-38.0},{"x":-16.0,"y":0.0,"z":-38.0},{"x":-10.0,"y":0.0,"z":-38.0},{"x":16.0,"y":0.0,"z":-86.0},{"x":10.0,"y":0.0,"z":-86.0},{"x":-16.0,"y":0.0,"z":-86.0},{"x":-10.0,"y":0.0,"z":-86.0},{"x":16.0,"y":0.0,"z":102.0},{"x":10.0,"y":0.0,"z":102.0},{"x":-16.0,"y":0.0,"z":102.0},{"x":-10.0,"y":0.0,"z":102.0}]},{"name":"55aa302a","positions":[{"x":16.0,"y":0.0,"z":-74.0},{"x":10.0,"y":0.0,"z":-74.0},{"x":-16.0,"y":0.0,"z":-74.0},{"x":-10.0,"y":0.0,"z":-74.0},{"x":16.0,"y":0.0,"z":56.0},{"x":10.0,"y":0.0,"z":56.0},{"x":-16.0,"y":0.0,"z":56.0},{"x":-10.0,"y":0.0,"z":56.0},{"x":16.0,"y":0.0,"z":22.0},{"x":10.0,"y":0.0,"z":22.0},{"x":-16.0,"y":0.0,"z":22.0},{"x":-10.0,"y":0.0,"z":22.0},{"x":16.0,"y":0.0,"z":38.0},{"x":10.0,"y":0.0,"z":38.0},{"x":-16.0,"y":0.0,"z":38.0},{"x":-10.0,"y":0.0,"z":38.0},{"x":16.0,"y":0.0,"z":86.0},{"x":10.0,"y":0.0,"z":86.0},{"x":-16.0,"y":0.0,"z":86.0},{"x":-10.0,"y":0.0,"z":86.0},{"x":16.0,"y":0.0,"z":-102.0},{"x":10.0,"y":0.0,"z":-102.0},{"x":-16.0,"y":0.0,"z":-102.0},{"x":-10.0,"y":0.0,"z":-102.0}],"positionsFlipped":[{"x":16.0,"y":0.0,"z":74.0},{"x":10.0,"y":0.0,"z":74.0},{"x":-16.0,"y":0.0,"z":74.0},{"x":-10.0,"y":0.0,"z":74.0},{"x":16.0,"y":0.0,"z":-56.0},{"x":10.0,"y":0.0,"z":-56.0},{"x":-16.0,"y":0.0,"z":-56.0},{"x":-10.0,"y":0.0,"z":-56.0},{"x":16.0,"y":0.0,"z":-22.0},{"x":10.0,"y":0.0,"z":-22.0},{"x":-16.0,"y":0.0,"z":-22.0},{"x":-10.0,"y":0.0,"z":-22.0},{"x":16.0,"y":0.0,"z":-38.0},{"x":10.0,"y":0.0,"z":-38.0},{"x":-16.0,"y":0.0,"z":-38.0},{"x":-10.0,"y":0.0,"z":-38.0},{"x":16.0,"y":0.0,"z":-86.0},{"x":10.0,"y":0.0,"z":-86.0},{"x":-16.0,"y":0.0,"z":-86.0},{"x":-10.0,"y":0.0,"z":-86.0},{"x":16.0,"y":0.0,"z":102.0},{"x":10.0,"y":0.0,"z":102.0},{"x":-16.0,"y":0.0,"z":102.0},{"x":-10.0,"y":0.0,"z":102.0}]},{"name":"b6036a45","positions":[{"x":0.0,"y":0.0,"z":-136.0}],"positionsFlipped":[]},{"name":"e6f12515","positions":[{"x":0.0,"y":0.0,"z":-136.0}],"positionsFlipped":[]},{"name":"66654bf9","positions":[{"x":0.0,"y":0.0,"z":-136.0}],"positionsFlipped":[]},{"name":"59879ce1","positions":[{"x":0.0,"y":0.0,"z":-136.0}],"positionsFlipped":[]},{"name":"2062ba6a","positions":[{"x":0.0,"y":0.0,"z":-136.0}],"positionsFlipped":[]},{"name":"e5c4787f","positions":[{"x":0.0,"y":0.0,"z":-136.0}],"positionsFlipped":[]},{"name":"b729fe0e","positions":[{"x":0.0,"y":0.0,"z":82.0}],"positionsFlipped":[]}]}