{"positionDefinitions":[{"name":"4bea024e","positions":[{"x":0.0,"y":0.0,"z":16.0},{"x":0.0,"y":0.0,"z":-16.0}],"positionsFlipped":[]},{"name":"9cce6638","positions":[{"x":0.0,"y":0.0,"z":16.0},{"x":0.0,"y":0.0,"z":-16.0}],"positionsFlipped":[]},{"name":"d46ad7f","positions":[{"x":0.0,"y":0.0,"z":16.0},{"x":0.0,"y":0.0,"z":-16.0}],"positionsFlipped":[]},{"name":"d2d372aa","positions":[{"x":0.0,"y":0.0,"z":0.0}],"positionsFlipped":[{"x":0.0,"y":0.0,"z":0.0}]},{"name":"be13041d","positions":[{"x":0.0,"y":0.0,"z":16.0},{"x":0.0,"y":0.0,"z":-16.0},{"x":0.0,"y":0.0,"z":48.0}],"positionsFlipped":[]},{"name":"907aadd9","positions":[{"x":0.0,"y":0.0,"z":48.0}],"positionsFlipped":[]},{"name":"27862584","positions":[{"x":0.0,"y":0.0,"z":48.0}],"positionsFlipped":[]},{"name":"975fca5d","positions":[{"x":0.0,"y":0.0,"z":16.0}],"positionsFlipped":[{"x":0.0,"y":0.0,"z":16.0}]},{"name":"5d9bdfa8","positions":[{"x":0.0,"y":0.0,"z":16.0}],"positionsFlipped":[{"x":0.0,"y":0.0,"z":16.0}]},{"name":"a1558855","positions":[{"x":0.0,"y":0.0,"z":16.0}],"positionsFlipped":[{"x":0.0,"y":0.0,"z":16.0}]},{"name":"8a7a16d3","positions":[{"x":0.0,"y":0.0,"z":48.0}],"positionsFlipped":[{"x":0.0,"y":0.0,"z":48.0}]},{"name":"b8de51a8","positions":[{"x":0.0,"y":0.0,"z":48.0}],"positionsFlipped":[{"x":0.0,"y":0.0,"z":48.0}]},{"name":"255bdc52","positions":[{"x":0.0,"y":0.0,"z":48.0}],"positionsFlipped":[{"x":0.0,"y":0.0,"z":48.0}]},{"name":"d229c858","positions":[{"x":0.0,"y":0.0,"z":48.0}],"positionsFlipped":[{"x":0.0,"y":0.0,"z":48.0}]},{"name":"ad06a92b","positions":[{"x":0.0,"y":0.0,"z":48.0}],"positionsFlipped":[{"x":0.0,"y":0.0,"z":48.0}]},{"name":"7fce0bc1","positions":[{"x":0.0,"y":0.0,"z":48.0}],"positionsFlipped":[{"x":0.0,"y":0.0,"z":48.0}]},{"name":"d416b9b6","positions":[{"x":0.0,"y":0.0,"z":48.0}],"positionsFlipped":[{"x":0.0,"y":0.0,"z":48.0}]},{"name":"7356c538","positions":[{"x":0.0,"y":0.0,"z":48.0}],"positionsFlipped":[{"x":0.0,"y":0.0,"z":48.0}]},{"name":"9abc7ee5","positions":[{"x":0.0,"y":0.0,"z":0.0}],"positionsFlipped":[{"x":0.0,"y":0.0,"z":0.0}]},{"name":"72bfc509","positions":[{"x":0.0,"y":0.0,"z":0.0}],"positionsFlipped":[{"x":0.0,"y":0.0,"z":0.0}]},{"name":"9d6de0f5","positions":[{"x":0.0,"y":0.0,"z":0.0}],"positionsFlipped":[{"x":0.0,"y":0.0,"z":0.0}]},{"name":"5edc2a57","positions":[{"x":0.0,"y":0.0,"z":48.0}],"positionsFlipped":[]},{"name":"92205588","positions":[{"x":0.0,"y":0.0,"z":48.0}],"positionsFlipped":[]},{"name":"b41d5f78","positions":[{"x":0.0,"y":0.0,"z":-56.0}],"positionsFlipped":[]},{"name":"f5c9d72d","positions":[{"x":0.0,"y":0.0,"z":-56.0}],"positionsFlipped":[]},{"name":"c9dde4d8","positions":[{"x":0.0,"y":0.0,"z":-56.0}],"positionsFlipped":[]},{"name":"185adb5d","positions":[{"x":0.0,"y":0.0,"z":-56.0}],"positionsFlipped":[]},{"name":"bc2f27c7","positions":[{"x":0.0,"y":0.0,"z":-56.0}],"positionsFlipped":[]},{"name":"7c3bcd67","positions":[{"x":0.0,"y":0.0,"z":-56.0}],"positionsFlipped":[]},{"name":"4bd7ea35","positions":[{"x":0.0,"y":0.0,"z":-56.0}],"positionsFlipped":[]},{"name":"bc93a54b","positions":[{"x":0.0,"y":0.0,"z":-56.0}],"positionsFlipped":[]},{"name":"cb69d008","positions":[{"x":0.0,"y":0.0,"z":-42.0}],"positionsFlipped":[]},{"name":"f353a593","positions":[{"x":0.0,"y":0.0,"z":-42.0}],"positionsFlipped":[]},{"name":"b3ce2f49","positions":[{"x":0.0,"y":0.0,"z":0.0}],"positionsFlipped":[]},{"name":"e58c4938","positions":[{"x":-14.0,"y":0.0,"z":4.0},{"x":14.0,"y":0.0,"z":4.0},{"x":-14.0,"y":0.0,"z":-28.0},{"x":14.0,"y":0.0,"z":-28.0}],"positionsFlipped":[{"x":-14.0,"y":0.0,"z":-4.0},{"x":14.0,"y":0.0,"z":-4.0},{"x":-14.0,"y":0.0,"z":28.0},{"x":14.0,"y":0.0,"z":28.0}]},{"name":"c40acaf1","positions":[{"x":-14.0,"y":0.0,"z":4.0},{"x":14.0,"y":0.0,"z":4.0},{"x":-14.0,"y":0.0,"z":-28.0},{"x":14.0,"y":0.0,"z":-28.0}],"positionsFlipped":[{"x":-14.0,"y":0.0,"z":-4.0},{"x":14.0,"y":0.0,"z":-4.0},{"x":-14.0,"y":0.0,"z":28.0},{"x":14.0,"y":0.0,"z":28.0}]}]}