{"positionDefinitions":[{"name":"f6452c03","positions":[{"x":0.0,"y":0.0,"z":16.0},{"x":0.0,"y":0.0,"z":-16.0},{"x":0.0,"y":0.0,"z":80.0},{"x":0.0,"y":0.0,"z":-80.0}],"positionsFlipped":[]},{"name":"10bc4c3d","positions":[{"x":0.0,"y":0.0,"z":16.0},{"x":0.0,"y":0.0,"z":-16.0},{"x":0.0,"y":0.0,"z":80.0},{"x":0.0,"y":0.0,"z":-80.0}],"positionsFlipped":[]},{"name":"b74e502d","positions":[{"x":0.0,"y":0.0,"z":16.0},{"x":0.0,"y":0.0,"z":-16.0},{"x":0.0,"y":0.0,"z":80.0},{"x":0.0,"y":0.0,"z":-80.0}],"positionsFlipped":[]},{"name":"6eac77c1","positions":[{"x":0.0,"y":0.0,"z":48.0},{"x":0.0,"y":0.0,"z":-48.0}],"positionsFlipped":[]},{"name":"6c436863","positions":[{"x":0.0,"y":0.0,"z":48.0},{"x":0.0,"y":0.0,"z":-48.0}],"positionsFlipped":[]},{"name":"43053270","positions":[{"x":0.0,"y":0.0,"z":48.0},{"x":0.0,"y":0.0,"z":-48.0}],"positionsFlipped":[]},{"name":"1480c5b0","positions":[{"x":0.0,"y":0.0,"z":48.0},{"x":0.0,"y":0.0,"z":-48.0}],"positionsFlipped":[{"x":0.0,"y":0.0,"z":48.0},{"x":0.0,"y":0.0,"z":-48.0}]},{"name":"8c610425","positions":[{"x":0.0,"y":0.0,"z":48.0},{"x":0.0,"y":0.0,"z":-48.0}],"positionsFlipped":[{"x":0.0,"y":0.0,"z":48.0},{"x":0.0,"y":0.0,"z":-48.0}]},{"name":"33bd1d1c","positions":[{"x":0.0,"y":0.0,"z":48.0},{"x":0.0,"y":0.0,"z":-48.0}],"positionsFlipped":[{"x":0.0,"y":0.0,"z":48.0},{"x":0.0,"y":0.0,"z":-48.0}]},{"name":"58a068f8","positions":[{"x":0.0,"y":0.0,"z":48.0},{"x":0.0,"y":0.0,"z":-48.0}],"positionsFlipped":[{"x":0.0,"y":0.0,"z":48.0},{"x":0.0,"y":0.0,"z":-48.0}]},{"name":"6b13b314","positions":[{"x":0.0,"y":0.0,"z":48.0},{"x":0.0,"y":0.0,"z":-48.0}],"positionsFlipped":[{"x":0.0,"y":0.0,"z":48.0},{"x":0.0,"y":0.0,"z":-48.0}]},{"name":"3c26b052","positions":[{"x":0.0,"y":0.0,"z":48.0},{"x":0.0,"y":0.0,"z":-48.0},{"x":0.0,"y":0.0,"z":16.0},{"x":0.0,"y":0.0,"z":-16.0},{"x":0.0,"y":0.0,"z":80.0},{"x":0.0,"y":0.0,"z":-80.0},{"x":0.0,"y":0.0,"z":-112.0}],"positionsFlipped":[]},{"name":"c0b86cce","positions":[],"positionsFlipped":[{"x":0.0,"y":0.0,"z":-112.0}]},{"name":"bef3cc31","positions":[],"positionsFlipped":[{"x":0.0,"y":0.0,"z":-112.0}]},{"name":"c912f067","positions":[],"positionsFlipped":[{"x":0.0,"y":0.0,"z":-112.0}]},{"name":"266cc505","positions":[],"positionsFlipped":[{"x":0.0,"y":0.0,"z":-112.0}]},{"name":"d568298f","positions":[{"x":18.0,"y":0.0,"z":-4.0},{"x":12.0,"y":0.0,"z":-4.0},{"x":6.0,"y":0.0,"z":-4.0},{"x":-18.0,"y":0.0,"z":-4.0},{"x":-12.0,"y":0.0,"z":-4.0},{"x":18.0,"y":0.0,"z":-68.0},{"x":12.0,"y":0.0,"z":-68.0},{"x":6.0,"y":0.0,"z":-68.0},{"x":-18.0,"y":0.0,"z":-68.0},{"x":-12.0,"y":0.0,"z":-68.0},{"x":18.0,"y":0.0,"z":-97.0},{"x":12.0,"y":0.0,"z":-97.0},{"x":6.0,"y":0.0,"z":-97.0},{"x":-18.0,"y":0.0,"z":-97.0},{"x":-12.0,"y":0.0,"z":-97.0},{"x":18.0,"y":0.0,"z":28.0},{"x":12.0,"y":0.0,"z":28.0},{"x":6.0,"y":0.0,"z":28.0},{"x":-18.0,"y":0.0,"z":28.0},{"x":-12.0,"y":0.0,"z":28.0},{"x":18.0,"y":0.0,"z":92.0},{"x":12.0,"y":0.0,"z":92.0},{"x":6.0,"y":0.0,"z":92.0},{"x":-18.0,"y":0.0,"z":92.0},{"x":-12.0,"y":0.0,"z":92.0}],"positionsFlipped":[{"x":18.0,"y":0.0,"z":4.0},{"x":12.0,"y":0.0,"z":4.0},{"x":-6.0,"y":0.0,"z":4.0},{"x":-18.0,"y":0.0,"z":4.0},{"x":-12.0,"y":0.0,"z":4.0},{"x":18.0,"y":0.0,"z":68.0},{"x":12.0,"y":0.0,"z":68.0},{"x":-6.0,"y":0.0,"z":68.0},{"x":-18.0,"y":0.0,"z":68.0},{"x":-12.0,"y":0.0,"z":68.0},{"x":18.0,"y":0.0,"z":-28.0},{"x":12.0,"y":0.0,"z":-28.0},{"x":-6.0,"y":0.0,"z":-28.0},{"x":-18.0,"y":0.0,"z":-28.0},{"x":-12.0,"y":0.0,"z":-28.0},{"x":18.0,"y":0.0,"z":-92.0},{"x":12.0,"y":0.0,"z":-92.0},{"x":-6.0,"y":0.0,"z":-92.0},{"x":-18.0,"y":0.0,"z":-92.0},{"x":-12.0,"y":0.0,"z":-92.0},{"x":18.0,"y":0.0,"z":-120.0},{"x":12.0,"y":0.0,"z":-120.0},{"x":-6.0,"y":0.0,"z":-120.0},{"x":-18.0,"y":0.0,"z":-120.0},{"x":-12.0,"y":0.0,"z":-120.0}]},{"name":"2b75473c","positions":[],"positionsFlipped":[{"x":0.0,"y":0.0,"z":120.0}]},{"name":"362b4111","positions":[],"positionsFlipped":[{"x":0.0,"y":0.0,"z":120.0}]},{"name":"7289e3da","positions":[],"positionsFlipped":[{"x":0.0,"y":0.0,"z":120.0}]},{"name":"6cf13e3f","positions":[],"positionsFlipped":[{"x":0.0,"y":0.0,"z":120.0}]},{"name":"b228af4f","positions":[],"positionsFlipped":[{"x":0.0,"y":0.0,"z":120.0}]},{"name":"765f07b4","positions":[],"positionsFlipped":[{"x":0.0,"y":0.0,"z":120.0}]},{"name":"a049c594","positions":[],"positionsFlipped":[{"x":0.0,"y":0.0,"z":122.0}]},{"name":"a9529559","positions":[{"x":18.0,"y":0.0,"z":-4.0},{"x":12.0,"y":0.0,"z":-4.0},{"x":6.0,"y":0.0,"z":-4.0},{"x":-18.0,"y":0.0,"z":-4.0},{"x":-12.0,"y":0.0,"z":-4.0},{"x":18.0,"y":0.0,"z":-68.0},{"x":12.0,"y":0.0,"z":-68.0},{"x":6.0,"y":0.0,"z":-68.0},{"x":-18.0,"y":0.0,"z":-68.0},{"x":-12.0,"y":0.0,"z":-68.0},{"x":18.0,"y":0.0,"z":-97.0},{"x":12.0,"y":0.0,"z":-97.0},{"x":6.0,"y":0.0,"z":-97.0},{"x":-18.0,"y":0.0,"z":-97.0},{"x":-12.0,"y":0.0,"z":-97.0},{"x":18.0,"y":0.0,"z":28.0},{"x":12.0,"y":0.0,"z":28.0},{"x":6.0,"y":0.0,"z":28.0},{"x":-18.0,"y":0.0,"z":28.0},{"x":-12.0,"y":0.0,"z":28.0},{"x":18.0,"y":0.0,"z":92.0},{"x":12.0,"y":0.0,"z":92.0},{"x":6.0,"y":0.0,"z":92.0},{"x":-18.0,"y":0.0,"z":92.0},{"x":-12.0,"y":0.0,"z":92.0}],"positionsFlipped":[{"x":18.0,"y":0.0,"z":4.0},{"x":12.0,"y":0.0,"z":4.0},{"x":-6.0,"y":0.0,"z":4.0},{"x":-18.0,"y":0.0,"z":4.0},{"x":-12.0,"y":0.0,"z":4.0},{"x":18.0,"y":0.0,"z":68.0},{"x":12.0,"y":0.0,"z":68.0},{"x":-6.0,"y":0.0,"z":68.0},{"x":-18.0,"y":0.0,"z":68.0},{"x":-12.0,"y":0.0,"z":68.0},{"x":18.0,"y":0.0,"z":-28.0},{"x":12.0,"y":0.0,"z":-28.0},{"x":-6.0,"y":0.0,"z":-28.0},{"x":-18.0,"y":0.0,"z":-28.0},{"x":-12.0,"y":0.0,"z":-28.0},{"x":18.0,"y":0.0,"z":-92.0},{"x":12.0,"y":0.0,"z":-92.0},{"x":-6.0,"y":0.0,"z":-92.0},{"x":-18.0,"y":0.0,"z":-92.0},{"x":-12.0,"y":0.0,"z":-92.0},{"x":18.0,"y":0.0,"z":-120.0},{"x":12.0,"y":0.0,"z":-120.0},{"x":-6.0,"y":0.0,"z":-120.0},{"x":-18.0,"y":0.0,"z":-120.0},{"x":-12.0,"y":0.0,"z":-120.0}]}]}