{"positionDefinitions":[{"name":"eb4672f0","positions":[{"x":0.0,"y":0.0,"z":16.0},{"x":0.0,"y":0.0,"z":-16.0},{"x":0.0,"y":0.0,"z":48.0},{"x":0.0,"y":0.0,"z":112.0},{"x":0.0,"y":0.0,"z":-112.0},{"x":0.0,"y":0.0,"z":144.0},{"x":0.0,"y":0.0,"z":-144.0}],"positionsFlipped":[{"x":0.0,"y":0.0,"z":16.0},{"x":0.0,"y":0.0,"z":-16.0},{"x":0.0,"y":0.0,"z":-48.0},{"x":0.0,"y":0.0,"z":112.0},{"x":0.0,"y":0.0,"z":-112.0},{"x":0.0,"y":0.0,"z":144.0},{"x":0.0,"y":0.0,"z":-144.0}]},{"name":"f5f1200e","positions":[{"x":0.0,"y":0.0,"z":16.0},{"x":0.0,"y":0.0,"z":-16.0},{"x":0.0,"y":0.0,"z":48.0},{"x":0.0,"y":0.0,"z":112.0},{"x":0.0,"y":0.0,"z":-112.0},{"x":0.0,"y":0.0,"z":144.0},{"x":0.0,"y":0.0,"z":-144.0}],"positionsFlipped":[{"x":0.0,"y":0.0,"z":16.0},{"x":0.0,"y":0.0,"z":-16.0},{"x":0.0,"y":0.0,"z":-48.0},{"x":0.0,"y":0.0,"z":112.0},{"x":0.0,"y":0.0,"z":-112.0},{"x":0.0,"y":0.0,"z":144.0},{"x":0.0,"y":0.0,"z":-144.0}]},{"name":"a9848a67","positions":[{"x":0.0,"y":0.0,"z":16.0},{"x":0.0,"y":0.0,"z":-16.0},{"x":0.0,"y":0.0,"z":48.0},{"x":0.0,"y":0.0,"z":-48.0},{"x":0.0,"y":0.0,"z":112.0},{"x":0.0,"y":0.0,"z":-112.0},{"x":0.0,"y":0.0,"z":144.0},{"x":0.0,"y":0.0,"z":-144.0}],"positionsFlipped":[{"x":0.0,"y":0.0,"z":16.0},{"x":0.0,"y":0.0,"z":-16.0},{"x":0.0,"y":0.0,"z":48.0},{"x":0.0,"y":0.0,"z":-48.0},{"x":0.0,"y":0.0,"z":112.0},{"x":0.0,"y":0.0,"z":-112.0},{"x":0.0,"y":0.0,"z":144.0},{"x":0.0,"y":0.0,"z":-144.0}]},{"name":"d8c72d73","positions":[{"x":0.0,"y":0.0,"z":16.0},{"x":0.0,"y":0.0,"z":-16.0},{"x":0.0,"y":0.0,"z":48.0},{"x":0.0,"y":0.0,"z":-48.0},{"x":0.0,"y":0.0,"z":80.0},{"x":0.0,"y":0.0,"z":-80.0},{"x":0.0,"y":0.0,"z":112.0},{"x":0.0,"y":0.0,"z":-112.0},{"x":0.0,"y":0.0,"z":144.0},{"x":0.0,"y":0.0,"z":-144.0}],"positionsFlipped":[{"x":0.0,"y":0.0,"z":16.0},{"x":0.0,"y":0.0,"z":-16.0},{"x":0.0,"y":0.0,"z":48.0},{"x":0.0,"y":0.0,"z":-48.0},{"x":0.0,"y":0.0,"z":80.0},{"x":0.0,"y":0.0,"z":-80.0},{"x":0.0,"y":0.0,"z":112.0},{"x":0.0,"y":0.0,"z":-112.0},{"x":0.0,"y":0.0,"z":144.0},{"x":0.0,"y":0.0,"z":-144.0}]},{"name":"a5921a5f","positions":[{"x":0.0,"y":0.0,"z":-48.0}],"positionsFlipped":[{"x":0.0,"y":0.0,"z":48.0}]},{"name":"ba7c06e8","positions":[{"x":0.0,"y":0.0,"z":-48.0}],"positionsFlipped":[{"x":0.0,"y":0.0,"z":48.0}]},{"name":"ed12d83e","positions":[{"x":0.0,"y":0.0,"z":-48.0}],"positionsFlipped":[{"x":0.0,"y":0.0,"z":48.0}]},{"name":"c76dd2c1","positions":[{"x":0.0,"y":0.0,"z":80.0},{"x":0.0,"y":0.0,"z":-80.0}],"positionsFlipped":[{"x":0.0,"y":0.0,"z":80.0},{"x":0.0,"y":0.0,"z":-80.0}]},{"name":"161388e5","positions":[{"x":0.0,"y":0.0,"z":80.0},{"x":0.0,"y":0.0,"z":-80.0}],"positionsFlipped":[{"x":0.0,"y":0.0,"z":80.0},{"x":0.0,"y":0.0,"z":-80.0}]},{"name":"2512ccf9","positions":[{"x":0.0,"y":0.0,"z":80.0},{"x":0.0,"y":0.0,"z":-80.0}],"positionsFlipped":[{"x":0.0,"y":0.0,"z":80.0},{"x":0.0,"y":0.0,"z":-80.0}]},{"name":"cbd5fd4d","positions":[{"x":0.0,"y":0.0,"z":80.0},{"x":0.0,"y":0.0,"z":-80.0}],"positionsFlipped":[{"x":0.0,"y":0.0,"z":80.0},{"x":0.0,"y":0.0,"z":-80.0}]},{"name":"f5ac37b1","positions":[{"x":0.0,"y":0.0,"z":80.0},{"x":0.0,"y":0.0,"z":-80.0}],"positionsFlipped":[{"x":0.0,"y":0.0,"z":80.0},{"x":0.0,"y":0.0,"z":-80.0}]},{"name":"909a4cc","positions":[{"x":0.0,"y":0.0,"z":80.0},{"x":0.0,"y":0.0,"z":-80.0}],"positionsFlipped":[{"x":0.0,"y":0.0,"z":80.0},{"x":0.0,"y":0.0,"z":-80.0}]},{"name":"9be7f91c","positions":[{"x":0.0,"y":0.0,"z":80.0},{"x":0.0,"y":0.0,"z":-80.0}],"positionsFlipped":[{"x":0.0,"y":0.0,"z":80.0},{"x":0.0,"y":0.0,"z":-80.0}]},{"name":"b637d8fb","positions":[{"x":0.0,"y":0.0,"z":80.0},{"x":0.0,"y":0.0,"z":-80.0}],"positionsFlipped":[{"x":0.0,"y":0.0,"z":80.0},{"x":0.0,"y":0.0,"z":-80.0}]},{"name":"f249c024","positions":[{"x":0.0,"y":0.0,"z":80.0},{"x":0.0,"y":0.0,"z":-80.0}],"positionsFlipped":[{"x":0.0,"y":0.0,"z":80.0},{"x":0.0,"y":0.0,"z":-80.0}]},{"name":"66c9f956","positions":[{"x":0.0,"y":0.0,"z":0.0}],"positionsFlipped":[]},{"name":"7a6194dd","positions":[{"x":0.0,"y":0.0,"z":0.0}],"positionsFlipped":[{"x":0.0,"y":0.0,"z":0.0}]},{"name":"3da6e48","positions":[{"x":17.0,"y":0.0,"z":-28.0},{"x":11.0,"y":0.0,"z":-28.0},{"x":-17.0,"y":0.0,"z":-28.0},{"x":-11.0,"y":0.0,"z":-28.0},{"x":17.0,"y":0.0,"z":-60.0},{"x":11.0,"y":0.0,"z":-60.0},{"x":-17.0,"y":0.0,"z":-60.0},{"x":-11.0,"y":0.0,"z":-60.0},{"x":17.0,"y":0.0,"z":-124.0},{"x":11.0,"y":0.0,"z":-124.0},{"x":-17.0,"y":0.0,"z":-124.0},{"x":-11.0,"y":0.0,"z":-124.0},{"x":17.0,"y":0.0,"z":-156.0},{"x":11.0,"y":0.0,"z":-156.0},{"x":-17.0,"y":0.0,"z":-156.0},{"x":-11.0,"y":0.0,"z":-156.0},{"x":17.0,"y":0.0,"z":4.0},{"x":11.0,"y":0.0,"z":4.0},{"x":-17.0,"y":0.0,"z":4.0},{"x":-11.0,"y":0.0,"z":4.0},{"x":17.0,"y":0.0,"z":36.0},{"x":11.0,"y":0.0,"z":36.0},{"x":-17.0,"y":0.0,"z":36.0},{"x":-11.0,"y":0.0,"z":36.0},{"x":17.0,"y":0.0,"z":100.0},{"x":11.0,"y":0.0,"z":100.0},{"x":-17.0,"y":0.0,"z":100.0},{"x":-11.0,"y":0.0,"z":100.0},{"x":17.0,"y":0.0,"z":132.0},{"x":11.0,"y":0.0,"z":132.0},{"x":-17.0,"y":0.0,"z":132.0},{"x":-11.0,"y":0.0,"z":132.0}],"positionsFlipped":[{"x":17.0,"y":0.0,"z":28.0},{"x":11.0,"y":0.0,"z":28.0},{"x":-17.0,"y":0.0,"z":28.0},{"x":-11.0,"y":0.0,"z":28.0},{"x":17.0,"y":0.0,"z":60.0},{"x":11.0,"y":0.0,"z":60.0},{"x":-17.0,"y":0.0,"z":60.0},{"x":-11.0,"y":0.0,"z":60.0},{"x":17.0,"y":0.0,"z":124.0},{"x":11.0,"y":0.0,"z":124.0},{"x":-17.0,"y":0.0,"z":124.0},{"x":-11.0,"y":0.0,"z":124.0},{"x":17.0,"y":0.0,"z":156.0},{"x":11.0,"y":0.0,"z":156.0},{"x":-17.0,"y":0.0,"z":156.0},{"x":-11.0,"y":0.0,"z":156.0},{"x":17.0,"y":0.0,"z":-4.0},{"x":11.0,"y":0.0,"z":-4.0},{"x":-17.0,"y":0.0,"z":-4.0},{"x":-11.0,"y":0.0,"z":-4.0},{"x":17.0,"y":0.0,"z":-36.0},{"x":11.0,"y":0.0,"z":-36.0},{"x":-17.0,"y":0.0,"z":-36.0},{"x":-11.0,"y":0.0,"z":-36.0},{"x":17.0,"y":0.0,"z":-100.0},{"x":11.0,"y":0.0,"z":-100.0},{"x":-17.0,"y":0.0,"z":-100.0},{"x":-11.0,"y":0.0,"z":-100.0},{"x":17.0,"y":0.0,"z":-132.0},{"x":11.0,"y":0.0,"z":-132.0},{"x":-17.0,"y":0.0,"z":-132.0},{"x":-11.0,"y":0.0,"z":-132.0}]},{"name":"c21fba2a","positions":[{"x":17.0,"y":0.0,"z":-28.0},{"x":11.0,"y":0.0,"z":-28.0},{"x":-17.0,"y":0.0,"z":-28.0},{"x":-11.0,"y":0.0,"z":-28.0},{"x":17.0,"y":0.0,"z":-60.0},{"x":11.0,"y":0.0,"z":-60.0},{"x":-17.0,"y":0.0,"z":-60.0},{"x":-11.0,"y":0.0,"z":-60.0},{"x":17.0,"y":0.0,"z":-124.0},{"x":11.0,"y":0.0,"z":-124.0},{"x":-17.0,"y":0.0,"z":-124.0},{"x":-11.0,"y":0.0,"z":-124.0},{"x":17.0,"y":0.0,"z":-156.0},{"x":11.0,"y":0.0,"z":-156.0},{"x":-17.0,"y":0.0,"z":-156.0},{"x":-11.0,"y":0.0,"z":-156.0},{"x":17.0,"y":0.0,"z":4.0},{"x":11.0,"y":0.0,"z":4.0},{"x":-17.0,"y":0.0,"z":4.0},{"x":-11.0,"y":0.0,"z":4.0},{"x":17.0,"y":0.0,"z":36.0},{"x":11.0,"y":0.0,"z":36.0},{"x":-17.0,"y":0.0,"z":36.0},{"x":-11.0,"y":0.0,"z":36.0},{"x":17.0,"y":0.0,"z":100.0},{"x":11.0,"y":0.0,"z":100.0},{"x":-17.0,"y":0.0,"z":100.0},{"x":-11.0,"y":0.0,"z":100.0},{"x":17.0,"y":0.0,"z":132.0},{"x":11.0,"y":0.0,"z":132.0},{"x":-17.0,"y":0.0,"z":132.0},{"x":-11.0,"y":0.0,"z":132.0}],"positionsFlipped":[{"x":17.0,"y":0.0,"z":28.0},{"x":11.0,"y":0.0,"z":28.0},{"x":-17.0,"y":0.0,"z":28.0},{"x":-11.0,"y":0.0,"z":28.0},{"x":17.0,"y":0.0,"z":60.0},{"x":11.0,"y":0.0,"z":60.0},{"x":-17.0,"y":0.0,"z":60.0},{"x":-11.0,"y":0.0,"z":60.0},{"x":17.0,"y":0.0,"z":124.0},{"x":11.0,"y":0.0,"z":124.0},{"x":-17.0,"y":0.0,"z":124.0},{"x":-11.0,"y":0.0,"z":124.0},{"x":17.0,"y":0.0,"z":156.0},{"x":11.0,"y":0.0,"z":156.0},{"x":-17.0,"y":0.0,"z":156.0},{"x":-11.0,"y":0.0,"z":156.0},{"x":17.0,"y":0.0,"z":-4.0},{"x":11.0,"y":0.0,"z":-4.0},{"x":-17.0,"y":0.0,"z":-4.0},{"x":-11.0,"y":0.0,"z":-4.0},{"x":17.0,"y":0.0,"z":-36.0},{"x":11.0,"y":0.0,"z":-36.0},{"x":-17.0,"y":0.0,"z":-36.0},{"x":-11.0,"y":0.0,"z":-36.0},{"x":17.0,"y":0.0,"z":-100.0},{"x":11.0,"y":0.0,"z":-100.0},{"x":-17.0,"y":0.0,"z":-100.0},{"x":-11.0,"y":0.0,"z":-100.0},{"x":17.0,"y":0.0,"z":-132.0},{"x":11.0,"y":0.0,"z":-132.0},{"x":-17.0,"y":0.0,"z":-132.0},{"x":-11.0,"y":0.0,"z":-132.0}]},{"name":"97deb46e","positions":[],"positionsFlipped":[{"x":0.0,"y":0.0,"z":184.0}]},{"name":"b87a58aa","positions":[],"positionsFlipped":[{"x":0.0,"y":0.0,"z":184.0}]},{"name":"c9eb3fcb","positions":[],"positionsFlipped":[{"x":0.0,"y":0.0,"z":184.0}]},{"name":"393b2293","positions":[],"positionsFlipped":[{"x":0.0,"y":0.0,"z":-168.0}]},{"name":"8eb2e16","positions":[],"positionsFlipped":[{"x":0.0,"y":0.0,"z":-168.0}]},{"name":"42454d47","positions":[],"positionsFlipped":[{"x":0.0,"y":0.0,"z":-168.0}]},{"name":"4d83865","positions":[],"positionsFlipped":[{"x":0.0,"y":0.0,"z":-200.0}]},{"name":"8a05136a","positions":[],"positionsFlipped":[{"x":0.0,"y":0.0,"z":-168.0}]},{"name":"2521c68d","positions":[],"positionsFlipped":[{"x":0.0,"y":0.0,"z":-168.0}]},{"name":"be7b5fbb","positions":[],"positionsFlipped":[{"x":0.0,"y":0.0,"z":-168.0}]},{"name":"8ea10119","positions":[],"positionsFlipped":[{"x":0.0,"y":0.0,"z":-168.0}]},{"name":"409881ef","positions":[],"positionsFlipped":[{"x":0.0,"y":0.0,"z":-168.0}]},{"name":"829c8a20","positions":[{"x":0.0,"y":0.0,"z":120.0}],"positionsFlipped":[]}]}