{"positionDefinitions":[{"name":"339dd40e","positions":[{"x":0.0,"y":0.0,"z":0.0}],"positionsFlipped":[]},{"name":"ae7c75ef","positions":[{"x":0.0,"y":0.0,"z":0.0}],"positionsFlipped":[{"x":0.0,"y":0.0,"z":0.0}]},{"name":"90596757","positions":[{"x":0.0,"y":0.0,"z":16.0},{"x":0.0,"y":0.0,"z":-16.0},{"x":0.0,"y":0.0,"z":48.0}],"positionsFlipped":[]},{"name":"a8556428","positions":[{"x":0.0,"y":0.0,"z":16.0},{"x":0.0,"y":0.0,"z":-16.0},{"x":0.0,"y":0.0,"z":48.0}],"positionsFlipped":[]},{"name":"d82bc0a1","positions":[{"x":0.0,"y":0.0,"z":16.0},{"x":0.0,"y":0.0,"z":-16.0},{"x":0.0,"y":0.0,"z":48.0}],"positionsFlipped":[]},{"name":"e71492a2","positions":[{"x":0.0,"y":0.0,"z":16.0},{"x":0.0,"y":0.0,"z":-16.0},{"x":0.0,"y":0.0,"z":48.0},{"x":0.0,"y":0.0,"z":-48.0}],"positionsFlipped":[]},{"name":"96008f3d","positions":[{"x":0.0,"y":0.0,"z":-48.0}],"positionsFlipped":[]},{"name":"d05875b7","positions":[{"x":0.0,"y":0.0,"z":-48.0}],"positionsFlipped":[]},{"name":"7df26866","positions":[{"x":0.0,"y":0.0,"z":-48.0}],"positionsFlipped":[]},{"name":"3f9dfdb7","positions":[{"x":16.0,"y":0.0,"z":4.0},{"x":10.0,"y":0.0,"z":4.0},{"x":-16.0,"y":0.0,"z":4.0},{"x":-10.0,"y":0.0,"z":4.0},{"x":16.0,"y":0.0,"z":36.0},{"x":10.0,"y":0.0,"z":36.0},{"x":-16.0,"y":0.0,"z":36.0},{"x":-10.0,"y":0.0,"z":36.0},{"x":16.0,"y":0.0,"z":-28.0},{"x":10.0,"y":0.0,"z":-28.0},{"x":-16.0,"y":0.0,"z":-28.0},{"x":-10.0,"y":0.0,"z":-28.0},{"x":16.0,"y":0.0,"z":-60.0},{"x":10.0,"y":0.0,"z":-60.0},{"x":-16.0,"y":0.0,"z":-60.0},{"x":-10.0,"y":0.0,"z":-60.0}],"positionsFlipped":[{"x":16.0,"y":0.0,"z":-4.0},{"x":10.0,"y":0.0,"z":-4.0},{"x":-16.0,"y":0.0,"z":-4.0},{"x":-10.0,"y":0.0,"z":-4.0},{"x":16.0,"y":0.0,"z":-36.0},{"x":10.0,"y":0.0,"z":-36.0},{"x":-16.0,"y":0.0,"z":-36.0},{"x":-10.0,"y":0.0,"z":-36.0},{"x":16.0,"y":0.0,"z":28.0},{"x":10.0,"y":0.0,"z":28.0},{"x":-16.0,"y":0.0,"z":28.0},{"x":-10.0,"y":0.0,"z":28.0},{"x":16.0,"y":0.0,"z":60.0},{"x":10.0,"y":0.0,"z":60.0},{"x":-16.0,"y":0.0,"z":60.0},{"x":-10.0,"y":0.0,"z":60.0}]},{"name":"94100966","positions":[{"x":16.0,"y":0.0,"z":4.0},{"x":10.0,"y":0.0,"z":4.0},{"x":-16.0,"y":0.0,"z":4.0},{"x":-10.0,"y":0.0,"z":4.0},{"x":16.0,"y":0.0,"z":36.0},{"x":10.0,"y":0.0,"z":36.0},{"x":-16.0,"y":0.0,"z":36.0},{"x":-10.0,"y":0.0,"z":36.0},{"x":16.0,"y":0.0,"z":-28.0},{"x":10.0,"y":0.0,"z":-28.0},{"x":-16.0,"y":0.0,"z":-28.0},{"x":-10.0,"y":0.0,"z":-28.0},{"x":16.0,"y":0.0,"z":-60.0},{"x":10.0,"y":0.0,"z":-60.0},{"x":-16.0,"y":0.0,"z":-60.0},{"x":-10.0,"y":0.0,"z":-60.0}],"positionsFlipped":[{"x":16.0,"y":0.0,"z":-4.0},{"x":10.0,"y":0.0,"z":-4.0},{"x":-16.0,"y":0.0,"z":-4.0},{"x":-10.0,"y":0.0,"z":-4.0},{"x":16.0,"y":0.0,"z":-36.0},{"x":10.0,"y":0.0,"z":-36.0},{"x":-16.0,"y":0.0,"z":-36.0},{"x":-10.0,"y":0.0,"z":-36.0},{"x":16.0,"y":0.0,"z":28.0},{"x":10.0,"y":0.0,"z":28.0},{"x":-16.0,"y":0.0,"z":28.0},{"x":-10.0,"y":0.0,"z":28.0},{"x":16.0,"y":0.0,"z":60.0},{"x":10.0,"y":0.0,"z":60.0},{"x":-16.0,"y":0.0,"z":60.0},{"x":-10.0,"y":0.0,"z":60.0}]},{"name":"1f144eef","positions":[{"x":0.0,"y":0.0,"z":88.0}],"positionsFlipped":[]},{"name":"41fb80f1","positions":[{"x":0.0,"y":0.0,"z":88.0}],"positionsFlipped":[]},{"name":"3f0a727e","positions":[{"x":0.0,"y":0.0,"z":88.0}],"positionsFlipped":[]},{"name":"f007d835","positions":[{"x":0.0,"y":0.0,"z":88.0}],"positionsFlipped":[]},{"name":"f84d1057","positions":[{"x":0.0,"y":0.0,"z":88.0}],"positionsFlipped":[]},{"name":"832ff99c","positions":[{"x":0.0,"y":0.0,"z":88.0}],"positionsFlipped":[]},{"name":"a4302db5","positions":[{"x":0.0,"y":0.0,"z":88.0}],"positionsFlipped":[]}]}