{"positionDefinitions":[{"name":"6eeac174","positions":[{"x":0.0,"y":0.0,"z":32.0},{"x":0.0,"y":0.0,"z":-32.0},{"x":0.0,"y":0.0,"z":64.0},{"x":0.0,"y":0.0,"z":-64.0},{"x":0.0,"y":0.0,"z":96.0},{"x":0.0,"y":0.0,"z":-96.0},{"x":0.0,"y":0.0,"z":160.0},{"x":0.0,"y":0.0,"z":-160.0}],"positionsFlipped":[]},{"name":"353d376","positions":[{"x":0.0,"y":0.0,"z":32.0},{"x":0.0,"y":0.0,"z":-32.0},{"x":0.0,"y":0.0,"z":64.0},{"x":0.0,"y":0.0,"z":-64.0},{"x":0.0,"y":0.0,"z":96.0},{"x":0.0,"y":0.0,"z":-96.0},{"x":0.0,"y":0.0,"z":160.0},{"x":0.0,"y":0.0,"z":-160.0}],"positionsFlipped":[]},{"name":"70ae3a54","positions":[{"x":0.0,"y":0.0,"z":32.0},{"x":0.0,"y":0.0,"z":-32.0},{"x":0.0,"y":0.0,"z":64.0},{"x":0.0,"y":0.0,"z":-64.0},{"x":0.0,"y":0.0,"z":96.0},{"x":0.0,"y":0.0,"z":-96.0},{"x":0.0,"y":0.0,"z":160.0},{"x":0.0,"y":0.0,"z":-160.0}],"positionsFlipped":[]},{"name":"a4e7afe0","positions":[{"x":0.0,"y":0.0,"z":32.0},{"x":0.0,"y":0.0,"z":-32.0},{"x":0.0,"y":0.0,"z":64.0},{"x":0.0,"y":0.0,"z":-64.0},{"x":0.0,"y":0.0,"z":96.0},{"x":0.0,"y":0.0,"z":-96.0},{"x":0.0,"y":0.0,"z":160.0},{"x":0.0,"y":0.0,"z":-160.0},{"x":0.0,"y":0.0,"z":0.0},{"x":0.0,"y":0.0,"z":128.0},{"x":0.0,"y":0.0,"z":-128.0}],"positionsFlipped":[]},{"name":"72356b3a","positions":[{"x":0.0,"y":0.0,"z":0.0},{"x":0.0,"y":0.0,"z":128.0},{"x":0.0,"y":0.0,"z":-128.0}],"positionsFlipped":[]},{"name":"285cf618","positions":[{"x":0.0,"y":0.0,"z":0.0},{"x":0.0,"y":0.0,"z":128.0},{"x":0.0,"y":0.0,"z":-128.0}],"positionsFlipped":[]},{"name":"8d4ffe93","positions":[{"x":0.0,"y":0.0,"z":0.0},{"x":0.0,"y":0.0,"z":128.0},{"x":0.0,"y":0.0,"z":-128.0}],"positionsFlipped":[{"x":0.0,"y":0.0,"z":0.0},{"x":0.0,"y":0.0,"z":128.0},{"x":0.0,"y":0.0,"z":-128.0}]},{"name":"ca38824a","positions":[{"x":0.0,"y":0.0,"z":0.0},{"x":0.0,"y":0.0,"z":128.0},{"x":0.0,"y":0.0,"z":-128.0}],"positionsFlipped":[{"x":0.0,"y":0.0,"z":0.0},{"x":0.0,"y":0.0,"z":128.0},{"x":0.0,"y":0.0,"z":-128.0}]},{"name":"a8066297","positions":[{"x":0.0,"y":0.0,"z":0.0},{"x":0.0,"y":0.0,"z":128.0},{"x":0.0,"y":0.0,"z":-128.0}],"positionsFlipped":[]},{"name":"3237ab1","positions":[{"x":0.0,"y":0.0,"z":0.0},{"x":0.0,"y":0.0,"z":128.0},{"x":0.0,"y":0.0,"z":-128.0}],"positionsFlipped":[{"x":0.0,"y":0.0,"z":0.0},{"x":0.0,"y":0.0,"z":128.0},{"x":0.0,"y":0.0,"z":-128.0}]},{"name":"4a0a0e0","positions":[{"x":0.0,"y":0.0,"z":0.0},{"x":0.0,"y":0.0,"z":128.0},{"x":0.0,"y":0.0,"z":-128.0}],"positionsFlipped":[{"x":0.0,"y":0.0,"z":0.0},{"x":0.0,"y":0.0,"z":128.0},{"x":0.0,"y":0.0,"z":-128.0}]},{"name":"8397529d","positions":[{"x":0.0,"y":0.0,"z":0.0},{"x":0.0,"y":0.0,"z":128.0},{"x":0.0,"y":0.0,"z":-128.0}],"positionsFlipped":[{"x":0.0,"y":0.0,"z":0.0},{"x":0.0,"y":0.0,"z":128.0},{"x":0.0,"y":0.0,"z":-128.0}]},{"name":"f64c2de1","positions":[{"x":0.0,"y":0.0,"z":0.0},{"x":0.0,"y":0.0,"z":128.0},{"x":0.0,"y":0.0,"z":-128.0}],"positionsFlipped":[{"x":0.0,"y":0.0,"z":0.0},{"x":0.0,"y":0.0,"z":128.0},{"x":0.0,"y":0.0,"z":-128.0}]},{"name":"dbde856","positions":[{"x":0.0,"y":0.0,"z":0.0},{"x":0.0,"y":0.0,"z":128.0},{"x":0.0,"y":0.0,"z":-128.0}],"positionsFlipped":[{"x":0.0,"y":0.0,"z":0.0},{"x":0.0,"y":0.0,"z":128.0},{"x":0.0,"y":0.0,"z":-128.0}]},{"name":"ca22d3d4","positions":[{"x":0.0,"y":0.0,"z":0.0},{"x":0.0,"y":0.0,"z":128.0},{"x":0.0,"y":0.0,"z":-128.0}],"positionsFlipped":[{"x":0.0,"y":0.0,"z":0.0},{"x":0.0,"y":0.0,"z":128.0},{"x":0.0,"y":0.0,"z":-128.0}]},{"name":"7b16854b","positions":[{"x":-18.0,"y":0.0,"z":25.0},{"x":-18.0,"y":0.0,"z":40.0},{"x":-18.0,"y":0.0,"z":57.0},{"x":-18.0,"y":0.0,"z":72.0},{"x":-18.0,"y":0.0,"z":89.0},{"x":-18.0,"y":0.0,"z":104.0},{"x":-18.0,"y":0.0,"z":153.0},{"x":-18.0,"y":0.0,"z":168.0},{"x":-18.0,"y":0.0,"z":-25.0},{"x":-18.0,"y":0.0,"z":-40.0},{"x":-18.0,"y":0.0,"z":-57.0},{"x":-18.0,"y":0.0,"z":-72.0},{"x":-18.0,"y":0.0,"z":-89.0},{"x":-18.0,"y":0.0,"z":-104.0},{"x":-18.0,"y":0.0,"z":-153.0},{"x":-18.0,"y":0.0,"z":-168.0}],"positionsFlipped":[{"x":-18.0,"y":0.0,"z":25.0},{"x":-18.0,"y":0.0,"z":40.0},{"x":-18.0,"y":0.0,"z":57.0},{"x":-18.0,"y":0.0,"z":72.0},{"x":-18.0,"y":0.0,"z":89.0},{"x":-18.0,"y":0.0,"z":104.0},{"x":-18.0,"y":0.0,"z":153.0},{"x":-18.0,"y":0.0,"z":168.0},{"x":-18.0,"y":0.0,"z":-25.0},{"x":-18.0,"y":0.0,"z":-40.0},{"x":-18.0,"y":0.0,"z":-57.0},{"x":-18.0,"y":0.0,"z":-72.0},{"x":-18.0,"y":0.0,"z":-89.0},{"x":-18.0,"y":0.0,"z":-104.0},{"x":-18.0,"y":0.0,"z":-153.0},{"x":-18.0,"y":0.0,"z":-168.0}]},{"name":"a7266dba","positions":[{"x":-18.0,"y":0.0,"z":25.0},{"x":-18.0,"y":0.0,"z":40.0},{"x":-18.0,"y":0.0,"z":57.0},{"x":-18.0,"y":0.0,"z":72.0},{"x":-18.0,"y":0.0,"z":89.0},{"x":-18.0,"y":0.0,"z":104.0},{"x":-18.0,"y":0.0,"z":153.0},{"x":-18.0,"y":0.0,"z":168.0},{"x":-18.0,"y":0.0,"z":-25.0},{"x":-18.0,"y":0.0,"z":-40.0},{"x":-18.0,"y":0.0,"z":-57.0},{"x":-18.0,"y":0.0,"z":-72.0},{"x":-18.0,"y":0.0,"z":-89.0},{"x":-18.0,"y":0.0,"z":-104.0},{"x":-18.0,"y":0.0,"z":-153.0},{"x":-18.0,"y":0.0,"z":-168.0}],"positionsFlipped":[{"x":-18.0,"y":0.0,"z":25.0},{"x":-18.0,"y":0.0,"z":40.0},{"x":-18.0,"y":0.0,"z":57.0},{"x":-18.0,"y":0.0,"z":72.0},{"x":-18.0,"y":0.0,"z":89.0},{"x":-18.0,"y":0.0,"z":104.0},{"x":-18.0,"y":0.0,"z":153.0},{"x":-18.0,"y":0.0,"z":168.0},{"x":-18.0,"y":0.0,"z":-25.0},{"x":-18.0,"y":0.0,"z":-40.0},{"x":-18.0,"y":0.0,"z":-57.0},{"x":-18.0,"y":0.0,"z":-72.0},{"x":-18.0,"y":0.0,"z":-89.0},{"x":-18.0,"y":0.0,"z":-104.0},{"x":-18.0,"y":0.0,"z":-153.0},{"x":-18.0,"y":0.0,"z":-168.0}]},{"name":"90da197a","positions":[{"x":0.0,"y":0.0,"z":-184.0}],"positionsFlipped":[{"x":0.0,"y":0.0,"z":184.0}]},{"name":"aeeb16d8","positions":[{"x":0.0,"y":0.0,"z":-184.0}],"positionsFlipped":[{"x":0.0,"y":0.0,"z":184.0}]},{"name":"13df260","positions":[{"x":0.0,"y":0.0,"z":-184.0}],"positionsFlipped":[{"x":0.0,"y":0.0,"z":184.0}]},{"name":"50d9495b","positions":[{"x":0.0,"y":0.0,"z":-184.0}],"positionsFlipped":[{"x":0.0,"y":0.0,"z":184.0}]},{"name":"300347bb","positions":[{"x":0.0,"y":0.0,"z":32.0}],"positionsFlipped":[{"x":0.0,"y":0.0,"z":-32.0}]},{"name":"b8e9599","positions":[{"x":0.0,"y":0.0,"z":32.0}],"positionsFlipped":[{"x":0.0,"y":0.0,"z":-32.0}]}]}