{"positionDefinitions":[{"name":"68f79e7f","positions":[{"x":0.0,"y":0.0,"z":0.0},{"x":0.0,"y":0.0,"z":32.0},{"x":0.0,"y":0.0,"z":-32.0},{"x":0.0,"y":0.0,"z":64.0},{"x":0.0,"y":0.0,"z":-64.0},{"x":0.0,"y":0.0,"z":128.0},{"x":0.0,"y":0.0,"z":-128.0}],"positionsFlipped":[]},{"name":"4cbd4fc2","positions":[{"x":0.0,"y":0.0,"z":0.0},{"x":0.0,"y":0.0,"z":32.0},{"x":0.0,"y":0.0,"z":-32.0},{"x":0.0,"y":0.0,"z":64.0},{"x":0.0,"y":0.0,"z":-64.0},{"x":0.0,"y":0.0,"z":128.0},{"x":0.0,"y":0.0,"z":-128.0}],"positionsFlipped":[]},{"name":"fff49db4","positions":[{"x":0.0,"y":0.0,"z":0.0},{"x":0.0,"y":0.0,"z":32.0},{"x":0.0,"y":0.0,"z":-32.0},{"x":0.0,"y":0.0,"z":64.0},{"x":0.0,"y":0.0,"z":-64.0},{"x":0.0,"y":0.0,"z":128.0},{"x":0.0,"y":0.0,"z":-128.0}],"positionsFlipped":[]},{"name":"585066b4","positions":[{"x":0.0,"y":0.0,"z":96.0},{"x":0.0,"y":0.0,"z":-96.0}],"positionsFlipped":[]},{"name":"f2bbe192","positions":[{"x":0.0,"y":0.0,"z":96.0},{"x":0.0,"y":0.0,"z":-96.0}],"positionsFlipped":[]},{"name":"b64759a2","positions":[{"x":0.0,"y":0.0,"z":96.0},{"x":0.0,"y":0.0,"z":-96.0}],"positionsFlipped":[]},{"name":"ae5634d4","positions":[{"x":0.0,"y":0.0,"z":96.0},{"x":0.0,"y":0.0,"z":-96.0}],"positionsFlipped":[{"x":0.0,"y":0.0,"z":96.0},{"x":0.0,"y":0.0,"z":-96.0}]},{"name":"c886801","positions":[{"x":0.0,"y":0.0,"z":96.0},{"x":0.0,"y":0.0,"z":-96.0}],"positionsFlipped":[{"x":0.0,"y":0.0,"z":96.0},{"x":0.0,"y":0.0,"z":-96.0}]},{"name":"a1eea321","positions":[{"x":0.0,"y":0.0,"z":96.0},{"x":0.0,"y":0.0,"z":-96.0}],"positionsFlipped":[{"x":0.0,"y":0.0,"z":96.0},{"x":0.0,"y":0.0,"z":-96.0}]},{"name":"8e6fbd04","positions":[{"x":0.0,"y":0.0,"z":96.0},{"x":0.0,"y":0.0,"z":-96.0}],"positionsFlipped":[{"x":0.0,"y":0.0,"z":96.0},{"x":0.0,"y":0.0,"z":-96.0}]},{"name":"a22d2db0","positions":[{"x":0.0,"y":0.0,"z":96.0},{"x":0.0,"y":0.0,"z":-96.0}],"positionsFlipped":[{"x":0.0,"y":0.0,"z":96.0},{"x":0.0,"y":0.0,"z":-96.0}]},{"name":"58c05d0a","positions":[{"x":0.0,"y":0.0,"z":96.0},{"x":0.0,"y":0.0,"z":-96.0}],"positionsFlipped":[{"x":0.0,"y":0.0,"z":96.0},{"x":0.0,"y":0.0,"z":-96.0}]},{"name":"843f3886","positions":[{"x":0.0,"y":0.0,"z":96.0},{"x":0.0,"y":0.0,"z":-96.0}],"positionsFlipped":[{"x":0.0,"y":0.0,"z":96.0},{"x":0.0,"y":0.0,"z":-96.0}]},{"name":"7cf533e0","positions":[{"x":0.0,"y":0.0,"z":96.0},{"x":0.0,"y":0.0,"z":-96.0}],"positionsFlipped":[{"x":0.0,"y":0.0,"z":96.0},{"x":0.0,"y":0.0,"z":-96.0}]},{"name":"c7eb5d9a","positions":[{"x":0.0,"y":0.0,"z":96.0},{"x":0.0,"y":0.0,"z":-96.0}],"positionsFlipped":[{"x":0.0,"y":0.0,"z":96.0},{"x":0.0,"y":0.0,"z":-96.0}]},{"name":"44e91277","positions":[{"x":0.0,"y":0.0,"z":96.0},{"x":0.0,"y":0.0,"z":-96.0}],"positionsFlipped":[{"x":0.0,"y":0.0,"z":96.0},{"x":0.0,"y":0.0,"z":-96.0}]},{"name":"fb526cc2","positions":[{"x":0.0,"y":0.0,"z":96.0},{"x":0.0,"y":0.0,"z":-96.0}],"positionsFlipped":[{"x":0.0,"y":0.0,"z":96.0},{"x":0.0,"y":0.0,"z":-96.0}]},{"name":"f7ee6acc","positions":[{"x":0.0,"y":0.0,"z":96.0},{"x":0.0,"y":0.0,"z":-96.0}],"positionsFlipped":[{"x":0.0,"y":0.0,"z":96.0},{"x":0.0,"y":0.0,"z":-96.0}]},{"name":"cc2ceb60","positions":[{"x":0.0,"y":0.0,"z":96.0},{"x":0.0,"y":0.0,"z":-96.0}],"positionsFlipped":[{"x":0.0,"y":0.0,"z":96.0},{"x":0.0,"y":0.0,"z":-96.0}]},{"name":"788c8df6","positions":[{"x":0.0,"y":0.0,"z":96.0},{"x":0.0,"y":0.0,"z":-96.0}],"positionsFlipped":[{"x":0.0,"y":0.0,"z":96.0},{"x":0.0,"y":0.0,"z":-96.0}]},{"name":"3eec4bb6","positions":[{"x":0.0,"y":0.0,"z":96.0},{"x":0.0,"y":0.0,"z":-96.0}],"positionsFlipped":[{"x":0.0,"y":0.0,"z":96.0},{"x":0.0,"y":0.0,"z":-96.0}]},{"name":"186f98a","positions":[{"x":0.0,"y":0.0,"z":-160.0}],"positionsFlipped":[{"x":0.0,"y":0.0,"z":160.0}]},{"name":"71af10da","positions":[{"x":0.0,"y":0.0,"z":-160.0}],"positionsFlipped":[{"x":0.0,"y":0.0,"z":160.0}]},{"name":"cf9967e4","positions":[{"x":0.0,"y":0.0,"z":-160.0}],"positionsFlipped":[{"x":0.0,"y":0.0,"z":160.0}]},{"name":"8971bebe","positions":[{"x":0.0,"y":0.0,"z":-160.0}],"positionsFlipped":[{"x":0.0,"y":0.0,"z":160.0}]},{"name":"c8edebd5","positions":[{"x":0.0,"y":0.0,"z":0.0}],"positionsFlipped":[{"x":0.0,"y":0.0,"z":0.0}]},{"name":"61b3a6c1","positions":[{"x":13.0,"y":0.0,"z":-10.0},{"x":7.0,"y":0.0,"z":-10.0},{"x":-13.0,"y":0.0,"z":-10.0},{"x":-7.0,"y":0.0,"z":-10.0},{"x":13.0,"y":0.0,"z":-42.0},{"x":7.0,"y":0.0,"z":-42.0},{"x":-13.0,"y":0.0,"z":-42.0},{"x":-7.0,"y":0.0,"z":-42.0},{"x":13.0,"y":0.0,"z":-74.0},{"x":7.0,"y":0.0,"z":-74.0},{"x":-13.0,"y":0.0,"z":-74.0},{"x":-7.0,"y":0.0,"z":-74.0},{"x":13.0,"y":0.0,"z":-138.0},{"x":7.0,"y":0.0,"z":-138.0},{"x":-13.0,"y":0.0,"z":-138.0},{"x":-7.0,"y":0.0,"z":-138.0},{"x":13.0,"y":0.0,"z":-170.0},{"x":7.0,"y":0.0,"z":-170.0},{"x":-13.0,"y":0.0,"z":-170.0},{"x":-7.0,"y":0.0,"z":-170.0},{"x":13.0,"y":0.0,"z":22.0},{"x":7.0,"y":0.0,"z":22.0},{"x":-13.0,"y":0.0,"z":22.0},{"x":-7.0,"y":0.0,"z":22.0},{"x":13.0,"y":0.0,"z":54.0},{"x":7.0,"y":0.0,"z":54.0},{"x":-13.0,"y":0.0,"z":54.0},{"x":-7.0,"y":0.0,"z":54.0},{"x":13.0,"y":0.0,"z":118.0},{"x":7.0,"y":0.0,"z":118.0},{"x":-13.0,"y":0.0,"z":118.0},{"x":-7.0,"y":0.0,"z":118.0},{"x":13.0,"y":0.0,"z":150.0},{"x":7.0,"y":0.0,"z":150.0},{"x":-13.0,"y":0.0,"z":150.0},{"x":-7.0,"y":0.0,"z":150.0}],"positionsFlipped":[{"x":13.0,"y":0.0,"z":10.0},{"x":7.0,"y":0.0,"z":10.0},{"x":-13.0,"y":0.0,"z":10.0},{"x":-7.0,"y":0.0,"z":10.0},{"x":13.0,"y":0.0,"z":42.0},{"x":7.0,"y":0.0,"z":42.0},{"x":-13.0,"y":0.0,"z":42.0},{"x":-7.0,"y":0.0,"z":42.0},{"x":13.0,"y":0.0,"z":74.0},{"x":7.0,"y":0.0,"z":74.0},{"x":-13.0,"y":0.0,"z":74.0},{"x":-7.0,"y":0.0,"z":74.0},{"x":13.0,"y":0.0,"z":138.0},{"x":7.0,"y":0.0,"z":138.0},{"x":-13.0,"y":0.0,"z":138.0},{"x":-7.0,"y":0.0,"z":138.0},{"x":13.0,"y":0.0,"z":170.0},{"x":7.0,"y":0.0,"z":170.0},{"x":-13.0,"y":0.0,"z":170.0},{"x":-7.0,"y":0.0,"z":170.0},{"x":13.0,"y":0.0,"z":-22.0},{"x":7.0,"y":0.0,"z":-22.0},{"x":-13.0,"y":0.0,"z":-22.0},{"x":-7.0,"y":0.0,"z":-22.0},{"x":13.0,"y":0.0,"z":-54.0},{"x":7.0,"y":0.0,"z":-54.0},{"x":-13.0,"y":0.0,"z":-54.0},{"x":-7.0,"y":0.0,"z":-54.0},{"x":13.0,"y":0.0,"z":-118.0},{"x":7.0,"y":0.0,"z":-118.0},{"x":-13.0,"y":0.0,"z":-118.0},{"x":-7.0,"y":0.0,"z":-118.0},{"x":13.0,"y":0.0,"z":-150.0},{"x":7.0,"y":0.0,"z":-150.0},{"x":-13.0,"y":0.0,"z":-150.0},{"x":-7.0,"y":0.0,"z":-150.0}]},{"name":"ab0ebc67","positions":[{"x":13.0,"y":0.0,"z":-10.0},{"x":7.0,"y":0.0,"z":-10.0},{"x":-13.0,"y":0.0,"z":-10.0},{"x":-7.0,"y":0.0,"z":-10.0},{"x":13.0,"y":0.0,"z":-42.0},{"x":7.0,"y":0.0,"z":-42.0},{"x":-13.0,"y":0.0,"z":-42.0},{"x":-7.0,"y":0.0,"z":-42.0},{"x":13.0,"y":0.0,"z":-74.0},{"x":7.0,"y":0.0,"z":-74.0},{"x":-13.0,"y":0.0,"z":-74.0},{"x":-7.0,"y":0.0,"z":-74.0},{"x":13.0,"y":0.0,"z":-138.0},{"x":7.0,"y":0.0,"z":-138.0},{"x":-13.0,"y":0.0,"z":-138.0},{"x":-7.0,"y":0.0,"z":-138.0},{"x":13.0,"y":0.0,"z":-170.0},{"x":7.0,"y":0.0,"z":-170.0},{"x":-13.0,"y":0.0,"z":-170.0},{"x":-7.0,"y":0.0,"z":-170.0},{"x":13.0,"y":0.0,"z":22.0},{"x":7.0,"y":0.0,"z":22.0},{"x":-13.0,"y":0.0,"z":22.0},{"x":-7.0,"y":0.0,"z":22.0},{"x":13.0,"y":0.0,"z":54.0},{"x":7.0,"y":0.0,"z":54.0},{"x":-13.0,"y":0.0,"z":54.0},{"x":-7.0,"y":0.0,"z":54.0},{"x":13.0,"y":0.0,"z":118.0},{"x":7.0,"y":0.0,"z":118.0},{"x":-13.0,"y":0.0,"z":118.0},{"x":-7.0,"y":0.0,"z":118.0},{"x":13.0,"y":0.0,"z":150.0},{"x":7.0,"y":0.0,"z":150.0},{"x":-13.0,"y":0.0,"z":150.0},{"x":-7.0,"y":0.0,"z":150.0}],"positionsFlipped":[{"x":13.0,"y":0.0,"z":10.0},{"x":7.0,"y":0.0,"z":10.0},{"x":-13.0,"y":0.0,"z":10.0},{"x":-7.0,"y":0.0,"z":10.0},{"x":13.0,"y":0.0,"z":42.0},{"x":7.0,"y":0.0,"z":42.0},{"x":-13.0,"y":0.0,"z":42.0},{"x":-7.0,"y":0.0,"z":42.0},{"x":13.0,"y":0.0,"z":74.0},{"x":7.0,"y":0.0,"z":74.0},{"x":-13.0,"y":0.0,"z":74.0},{"x":-7.0,"y":0.0,"z":74.0},{"x":13.0,"y":0.0,"z":138.0},{"x":7.0,"y":0.0,"z":138.0},{"x":-13.0,"y":0.0,"z":138.0},{"x":-7.0,"y":0.0,"z":138.0},{"x":13.0,"y":0.0,"z":170.0},{"x":7.0,"y":0.0,"z":170.0},{"x":-13.0,"y":0.0,"z":170.0},{"x":-7.0,"y":0.0,"z":170.0},{"x":13.0,"y":0.0,"z":-22.0},{"x":7.0,"y":0.0,"z":-22.0},{"x":-13.0,"y":0.0,"z":-22.0},{"x":-7.0,"y":0.0,"z":-22.0},{"x":13.0,"y":0.0,"z":-54.0},{"x":7.0,"y":0.0,"z":-54.0},{"x":-13.0,"y":0.0,"z":-54.0},{"x":-7.0,"y":0.0,"z":-54.0},{"x":13.0,"y":0.0,"z":-118.0},{"x":7.0,"y":0.0,"z":-118.0},{"x":-13.0,"y":0.0,"z":-118.0},{"x":-7.0,"y":0.0,"z":-118.0},{"x":13.0,"y":0.0,"z":-150.0},{"x":7.0,"y":0.0,"z":-150.0},{"x":-13.0,"y":0.0,"z":-150.0},{"x":-7.0,"y":0.0,"z":-150.0}]},{"name":"62f3cb5","positions":[{"x":0.0,"y":0.0,"z":0.0},{"x":0.0,"y":0.0,"z":32.0},{"x":0.0,"y":0.0,"z":-32.0},{"x":0.0,"y":0.0,"z":64.0},{"x":0.0,"y":0.0,"z":-64.0},{"x":0.0,"y":0.0,"z":96.0},{"x":0.0,"y":0.0,"z":-96.0},{"x":0.0,"y":0.0,"z":128.0},{"x":0.0,"y":0.0,"z":-128.0},{"x":0.0,"y":0.0,"z":160.0},{"x":0.0,"y":0.0,"z":-160.0}],"positionsFlipped":[]}]}