{"positionDefinitions":[{"name":"6dfff26b","positions":[{"x":0.0,"y":0.0,"z":0.0},{"x":0.0,"y":0.0,"z":64.0},{"x":0.0,"y":0.0,"z":-64.0}],"positionsFlipped":[]},{"name":"fb12f6f3","positions":[{"x":0.0,"y":0.0,"z":0.0},{"x":0.0,"y":0.0,"z":64.0},{"x":0.0,"y":0.0,"z":-64.0}],"positionsFlipped":[]},{"name":"df38da26","positions":[{"x":0.0,"y":0.0,"z":0.0},{"x":0.0,"y":0.0,"z":64.0},{"x":0.0,"y":0.0,"z":-64.0}],"positionsFlipped":[]},{"name":"f99c6114","positions":[{"x":0.0,"y":0.0,"z":0.0},{"x":0.0,"y":0.0,"z":64.0},{"x":0.0,"y":0.0,"z":-64.0}],"positionsFlipped":[{"x":0.0,"y":0.0,"z":0.0},{"x":0.0,"y":0.0,"z":64.0},{"x":0.0,"y":0.0,"z":-64.0}]},{"name":"6c82b206","positions":[{"x":0.0,"y":0.0,"z":0.0},{"x":0.0,"y":0.0,"z":64.0},{"x":0.0,"y":0.0,"z":-64.0}],"positionsFlipped":[{"x":0.0,"y":0.0,"z":0.0},{"x":0.0,"y":0.0,"z":64.0},{"x":0.0,"y":0.0,"z":-64.0}]},{"name":"28eb57f6","positions":[{"x":0.0,"y":0.0,"z":0.0},{"x":0.0,"y":0.0,"z":64.0},{"x":0.0,"y":0.0,"z":-64.0}],"positionsFlipped":[{"x":0.0,"y":0.0,"z":0.0},{"x":0.0,"y":0.0,"z":64.0},{"x":0.0,"y":0.0,"z":-64.0}]},{"name":"b7716cb6","positions":[{"x":0.0,"y":0.0,"z":0.0},{"x":0.0,"y":0.0,"z":64.0},{"x":0.0,"y":0.0,"z":-64.0}],"positionsFlipped":[{"x":0.0,"y":0.0,"z":0.0},{"x":0.0,"y":0.0,"z":64.0},{"x":0.0,"y":0.0,"z":-64.0}]},{"name":"698f48c0","positions":[{"x":0.0,"y":0.0,"z":0.0},{"x":0.0,"y":0.0,"z":64.0},{"x":0.0,"y":0.0,"z":-64.0}],"positionsFlipped":[{"x":0.0,"y":0.0,"z":0.0},{"x":0.0,"y":0.0,"z":64.0},{"x":0.0,"y":0.0,"z":-64.0}]},{"name":"da05170f","positions":[{"x":0.0,"y":0.0,"z":0.0},{"x":0.0,"y":0.0,"z":64.0},{"x":0.0,"y":0.0,"z":-64.0}],"positionsFlipped":[{"x":0.0,"y":0.0,"z":0.0},{"x":0.0,"y":0.0,"z":64.0},{"x":0.0,"y":0.0,"z":-64.0}]},{"name":"fa05d91d","positions":[{"x":0.0,"y":0.0,"z":0.0},{"x":0.0,"y":0.0,"z":64.0},{"x":0.0,"y":0.0,"z":-64.0}],"positionsFlipped":[{"x":0.0,"y":0.0,"z":0.0},{"x":0.0,"y":0.0,"z":64.0},{"x":0.0,"y":0.0,"z":-64.0}]},{"name":"98d90509","positions":[{"x":0.0,"y":0.0,"z":0.0},{"x":0.0,"y":0.0,"z":64.0},{"x":0.0,"y":0.0,"z":-64.0}],"positionsFlipped":[{"x":0.0,"y":0.0,"z":0.0},{"x":0.0,"y":0.0,"z":64.0},{"x":0.0,"y":0.0,"z":-64.0}]},{"name":"bffe8e22","positions":[{"x":0.0,"y":0.0,"z":32.0},{"x":0.0,"y":0.0,"z":-32.0}],"positionsFlipped":[]},{"name":"5a1abe6a","positions":[{"x":0.0,"y":0.0,"z":32.0},{"x":0.0,"y":0.0,"z":-32.0}],"positionsFlipped":[]},{"name":"bbefc8ea","positions":[{"x":0.0,"y":0.0,"z":32.0},{"x":0.0,"y":0.0,"z":-32.0}],"positionsFlipped":[]},{"name":"64683994","positions":[{"x":0.0,"y":0.0,"z":0.0},{"x":0.0,"y":0.0,"z":32.0},{"x":0.0,"y":0.0,"z":-32.0},{"x":0.0,"y":0.0,"z":64.0},{"x":0.0,"y":0.0,"z":-64.0}],"positionsFlipped":[]},{"name":"d2f55e69","positions":[{"x":0.0,"y":0.0,"z":32.0},{"x":0.0,"y":0.0,"z":-32.0}],"positionsFlipped":[{"x":0.0,"y":0.0,"z":32.0},{"x":0.0,"y":0.0,"z":-32.0}]},{"name":"b2c3d2a7","positions":[],"positionsFlipped":[{"x":0.0,"y":0.0,"z":-96.0}]},{"name":"e113ab2c","positions":[],"positionsFlipped":[{"x":0.0,"y":0.0,"z":-96.0}]},{"name":"51c792e5","positions":[],"positionsFlipped":[{"x":0.0,"y":0.0,"z":-96.0}]},{"name":"ad28c4b3","positions":[{"x":18.0,"y":-2.0,"z":20.0},{"x":12.0,"y":-2.0,"z":20.0},{"x":-18.0,"y":-2.0,"z":20.0},{"x":-12.0,"y":-2.0,"z":20.0},{"x":18.0,"y":-2.0,"z":-44.0},{"x":12.0,"y":-2.0,"z":-44.0},{"x":-18.0,"y":-2.0,"z":-44.0},{"x":-12.0,"y":-2.0,"z":-44.0}],"positionsFlipped":[{"x":18.0,"y":-2.0,"z":-20.0},{"x":12.0,"y":-2.0,"z":-20.0},{"x":-18.0,"y":-2.0,"z":-20.0},{"x":-12.0,"y":-2.0,"z":-20.0},{"x":18.0,"y":-2.0,"z":44.0},{"x":12.0,"y":-2.0,"z":44.0},{"x":-18.0,"y":-2.0,"z":44.0},{"x":-12.0,"y":-2.0,"z":44.0},{"x":18.0,"y":-2.0,"z":-84.0},{"x":12.0,"y":-2.0,"z":-84.0},{"x":-18.0,"y":-2.0,"z":-84.0},{"x":-12.0,"y":-2.0,"z":-84.0}]},{"name":"52bba61","positions":[{"x":18.0,"y":-2.0,"z":20.0},{"x":12.0,"y":-2.0,"z":20.0},{"x":-18.0,"y":-2.0,"z":20.0},{"x":-12.0,"y":-2.0,"z":20.0},{"x":18.0,"y":-2.0,"z":-44.0},{"x":12.0,"y":-2.0,"z":-44.0},{"x":-18.0,"y":-2.0,"z":-44.0},{"x":-12.0,"y":-2.0,"z":-44.0}],"positionsFlipped":[{"x":18.0,"y":-2.0,"z":-20.0},{"x":12.0,"y":-2.0,"z":-20.0},{"x":-18.0,"y":-2.0,"z":-20.0},{"x":-12.0,"y":-2.0,"z":-20.0},{"x":18.0,"y":-2.0,"z":44.0},{"x":12.0,"y":-2.0,"z":44.0},{"x":-18.0,"y":-2.0,"z":44.0},{"x":-12.0,"y":-2.0,"z":44.0},{"x":18.0,"y":-2.0,"z":-84.0},{"x":12.0,"y":-2.0,"z":-84.0},{"x":-18.0,"y":-2.0,"z":-84.0},{"x":-12.0,"y":-2.0,"z":-84.0}]},{"name":"586da6e3","positions":[],"positionsFlipped":[{"x":0.0,"y":0.0,"z":104.0}]},{"name":"696f1744","positions":[],"positionsFlipped":[{"x":0.0,"y":0.0,"z":104.0}]},{"name":"fec784b3","positions":[],"positionsFlipped":[{"x":0.0,"y":0.0,"z":104.0}]},{"name":"c00760f6","positions":[],"positionsFlipped":[{"x":0.0,"y":0.0,"z":104.0}]},{"name":"b11c0054","positions":[],"positionsFlipped":[{"x":0.0,"y":0.0,"z":104.0}]},{"name":"a8b7f877","positions":[],"positionsFlipped":[{"x":0.0,"y":0.0,"z":104.0}]},{"name":"6d7f80ac","positions":[],"positionsFlipped":[{"x":0.0,"y":0.0,"z":112.0}]}]}