{"positionDefinitions":[{"name":"ffa51cbe","positions":[{"x":0.0,"y":0.0,"z":0.0},{"x":0.0,"y":0.0,"z":32.0},{"x":0.0,"y":0.0,"z":-32.0},{"x":0.0,"y":0.0,"z":64.0},{"x":0.0,"y":0.0,"z":-64.0},{"x":0.0,"y":0.0,"z":128.0},{"x":0.0,"y":0.0,"z":-128.0}],"positionsFlipped":[]},{"name":"42210ec","positions":[{"x":0.0,"y":0.0,"z":0.0},{"x":0.0,"y":0.0,"z":32.0},{"x":0.0,"y":0.0,"z":-32.0},{"x":0.0,"y":0.0,"z":64.0},{"x":0.0,"y":0.0,"z":-64.0},{"x":0.0,"y":0.0,"z":128.0},{"x":0.0,"y":0.0,"z":-128.0}],"positionsFlipped":[]},{"name":"b2dd1fef","positions":[{"x":0.0,"y":0.0,"z":0.0},{"x":0.0,"y":0.0,"z":32.0},{"x":0.0,"y":0.0,"z":-32.0},{"x":0.0,"y":0.0,"z":64.0},{"x":0.0,"y":0.0,"z":-64.0},{"x":0.0,"y":0.0,"z":128.0},{"x":0.0,"y":0.0,"z":-128.0}],"positionsFlipped":[]},{"name":"93ac56e5","positions":[{"x":0.0,"y":0.0,"z":96.0},{"x":0.0,"y":0.0,"z":-96.0}],"positionsFlipped":[]},{"name":"dc0517f6","positions":[{"x":0.0,"y":0.0,"z":96.0},{"x":0.0,"y":0.0,"z":-96.0}],"positionsFlipped":[]},{"name":"637f916b","positions":[{"x":0.0,"y":0.0,"z":96.0},{"x":0.0,"y":0.0,"z":-96.0}],"positionsFlipped":[]},{"name":"8d879c17","positions":[{"x":0.0,"y":0.0,"z":96.0},{"x":0.0,"y":0.0,"z":-96.0}],"positionsFlipped":[{"x":0.0,"y":0.0,"z":96.0},{"x":0.0,"y":0.0,"z":-96.0}]},{"name":"702d9318","positions":[{"x":0.0,"y":0.0,"z":96.0},{"x":0.0,"y":0.0,"z":-96.0}],"positionsFlipped":[{"x":0.0,"y":0.0,"z":96.0},{"x":0.0,"y":0.0,"z":-96.0}]},{"name":"e61f859e","positions":[{"x":0.0,"y":0.0,"z":96.0},{"x":0.0,"y":0.0,"z":-96.0}],"positionsFlipped":[{"x":0.0,"y":0.0,"z":96.0},{"x":0.0,"y":0.0,"z":-96.0}]},{"name":"6bf9dc50","positions":[{"x":0.0,"y":0.0,"z":96.0},{"x":0.0,"y":0.0,"z":-96.0}],"positionsFlipped":[{"x":0.0,"y":0.0,"z":96.0},{"x":0.0,"y":0.0,"z":-96.0}]},{"name":"4fa62fe7","positions":[{"x":0.0,"y":0.0,"z":96.0},{"x":0.0,"y":0.0,"z":-96.0}],"positionsFlipped":[{"x":0.0,"y":0.0,"z":96.0},{"x":0.0,"y":0.0,"z":-96.0}]},{"name":"41844fd2","positions":[{"x":0.0,"y":0.0,"z":0.0}],"positionsFlipped":[]},{"name":"c83215d1","positions":[{"x":0.0,"y":0.0,"z":0.0}],"positionsFlipped":[{"x":0.0,"y":0.0,"z":0.0}]},{"name":"10b854e0","positions":[{"x":-0.25,"y":0.0,"z":0.0}],"positionsFlipped":[{"x":-0.25,"y":0.0,"z":0.0}]},{"name":"e6a8d1ac","positions":[{"x":-0.25,"y":0.0,"z":0.0}],"positionsFlipped":[{"x":-0.25,"y":0.0,"z":0.0}]},{"name":"7d375c51","positions":[],"positionsFlipped":[{"x":0.0,"y":0.0,"z":-160.0}]},{"name":"de52aa44","positions":[],"positionsFlipped":[{"x":0.0,"y":0.0,"z":-160.0}]},{"name":"79f77bb4","positions":[],"positionsFlipped":[{"x":0.0,"y":0.0,"z":-160.0}]},{"name":"50c8b35","positions":[{"x":18.0,"y":0.0,"z":-12.0},{"x":12.0,"y":0.0,"z":-12.0},{"x":-18.0,"y":0.0,"z":-12.0},{"x":-12.0,"y":0.0,"z":-12.0},{"x":18.0,"y":0.0,"z":-44.0},{"x":12.0,"y":0.0,"z":-44.0},{"x":-18.0,"y":0.0,"z":-44.0},{"x":-12.0,"y":0.0,"z":-44.0},{"x":18.0,"y":0.0,"z":-76.0},{"x":12.0,"y":0.0,"z":-76.0},{"x":-18.0,"y":0.0,"z":-76.0},{"x":-12.0,"y":0.0,"z":-76.0},{"x":18.0,"y":0.0,"z":-140.0},{"x":12.0,"y":0.0,"z":-140.0},{"x":-18.0,"y":0.0,"z":-140.0},{"x":-12.0,"y":0.0,"z":-140.0},{"x":18.0,"y":0.0,"z":20.0},{"x":12.0,"y":0.0,"z":20.0},{"x":-18.0,"y":0.0,"z":20.0},{"x":-12.0,"y":0.0,"z":20.0},{"x":18.0,"y":0.0,"z":52.0},{"x":12.0,"y":0.0,"z":52.0},{"x":-18.0,"y":0.0,"z":52.0},{"x":-12.0,"y":0.0,"z":52.0},{"x":18.0,"y":0.0,"z":116.0},{"x":12.0,"y":0.0,"z":116.0},{"x":-18.0,"y":0.0,"z":116.0},{"x":-12.0,"y":0.0,"z":116.0}],"positionsFlipped":[{"x":18.0,"y":0.0,"z":12.0},{"x":12.0,"y":0.0,"z":12.0},{"x":-18.0,"y":0.0,"z":12.0},{"x":-12.0,"y":0.0,"z":12.0},{"x":18.0,"y":0.0,"z":44.0},{"x":12.0,"y":0.0,"z":44.0},{"x":-18.0,"y":0.0,"z":44.0},{"x":-12.0,"y":0.0,"z":44.0},{"x":18.0,"y":0.0,"z":76.0},{"x":12.0,"y":0.0,"z":76.0},{"x":-18.0,"y":0.0,"z":76.0},{"x":-12.0,"y":0.0,"z":76.0},{"x":18.0,"y":0.0,"z":140.0},{"x":12.0,"y":0.0,"z":140.0},{"x":-18.0,"y":0.0,"z":140.0},{"x":-12.0,"y":0.0,"z":140.0},{"x":18.0,"y":0.0,"z":-20.0},{"x":12.0,"y":0.0,"z":-20.0},{"x":-18.0,"y":0.0,"z":-20.0},{"x":-12.0,"y":0.0,"z":-20.0},{"x":18.0,"y":0.0,"z":-52.0},{"x":12.0,"y":0.0,"z":-52.0},{"x":-18.0,"y":0.0,"z":-52.0},{"x":-12.0,"y":0.0,"z":-52.0},{"x":18.0,"y":0.0,"z":-116.0},{"x":12.0,"y":0.0,"z":-116.0},{"x":-18.0,"y":0.0,"z":-116.0},{"x":-12.0,"y":0.0,"z":-116.0},{"x":18.0,"y":0.0,"z":-148.0},{"x":12.0,"y":0.0,"z":-148.0},{"x":-18.0,"y":0.0,"z":-148.0},{"x":-12.0,"y":0.0,"z":-148.0}]},{"name":"e38ba665","positions":[{"x":18.0,"y":0.0,"z":-12.0},{"x":12.0,"y":0.0,"z":-12.0},{"x":-18.0,"y":0.0,"z":-12.0},{"x":-12.0,"y":0.0,"z":-12.0},{"x":18.0,"y":0.0,"z":-44.0},{"x":12.0,"y":0.0,"z":-44.0},{"x":-18.0,"y":0.0,"z":-44.0},{"x":-12.0,"y":0.0,"z":-44.0},{"x":18.0,"y":0.0,"z":-76.0},{"x":12.0,"y":0.0,"z":-76.0},{"x":-18.0,"y":0.0,"z":-76.0},{"x":-12.0,"y":0.0,"z":-76.0},{"x":18.0,"y":0.0,"z":-140.0},{"x":12.0,"y":0.0,"z":-140.0},{"x":-18.0,"y":0.0,"z":-140.0},{"x":-12.0,"y":0.0,"z":-140.0},{"x":18.0,"y":0.0,"z":20.0},{"x":12.0,"y":0.0,"z":20.0},{"x":-18.0,"y":0.0,"z":20.0},{"x":-12.0,"y":0.0,"z":20.0},{"x":18.0,"y":0.0,"z":52.0},{"x":12.0,"y":0.0,"z":52.0},{"x":-18.0,"y":0.0,"z":52.0},{"x":-12.0,"y":0.0,"z":52.0},{"x":18.0,"y":0.0,"z":116.0},{"x":12.0,"y":0.0,"z":116.0},{"x":-18.0,"y":0.0,"z":116.0},{"x":-12.0,"y":0.0,"z":116.0}],"positionsFlipped":[{"x":18.0,"y":0.0,"z":12.0},{"x":12.0,"y":0.0,"z":12.0},{"x":-18.0,"y":0.0,"z":12.0},{"x":-12.0,"y":0.0,"z":12.0},{"x":18.0,"y":0.0,"z":44.0},{"x":12.0,"y":0.0,"z":44.0},{"x":-18.0,"y":0.0,"z":44.0},{"x":-12.0,"y":0.0,"z":44.0},{"x":18.0,"y":0.0,"z":76.0},{"x":12.0,"y":0.0,"z":76.0},{"x":-18.0,"y":0.0,"z":76.0},{"x":-12.0,"y":0.0,"z":76.0},{"x":18.0,"y":0.0,"z":140.0},{"x":12.0,"y":0.0,"z":140.0},{"x":-18.0,"y":0.0,"z":140.0},{"x":-12.0,"y":0.0,"z":140.0},{"x":18.0,"y":0.0,"z":-20.0},{"x":12.0,"y":0.0,"z":-20.0},{"x":-18.0,"y":0.0,"z":-20.0},{"x":-12.0,"y":0.0,"z":-20.0},{"x":18.0,"y":0.0,"z":-52.0},{"x":12.0,"y":0.0,"z":-52.0},{"x":-18.0,"y":0.0,"z":-52.0},{"x":-12.0,"y":0.0,"z":-52.0},{"x":18.0,"y":0.0,"z":-116.0},{"x":12.0,"y":0.0,"z":-116.0},{"x":-18.0,"y":0.0,"z":-116.0},{"x":-12.0,"y":0.0,"z":-116.0},{"x":18.0,"y":0.0,"z":-148.0},{"x":12.0,"y":0.0,"z":-148.0},{"x":-18.0,"y":0.0,"z":-148.0},{"x":-12.0,"y":0.0,"z":-148.0}]},{"name":"b1571e2d","positions":[{"x":0.0,"y":0.0,"z":0.0},{"x":0.0,"y":0.0,"z":32.0},{"x":0.0,"y":0.0,"z":-32.0},{"x":0.0,"y":0.0,"z":64.0},{"x":0.0,"y":0.0,"z":-64.0},{"x":0.0,"y":0.0,"z":96.0},{"x":0.0,"y":0.0,"z":-96.0},{"x":0.0,"y":0.0,"z":128.0},{"x":0.0,"y":0.0,"z":-128.0},{"x":0.0,"y":0.0,"z":-160.0}],"positionsFlipped":[]},{"name":"972b65a5","positions":[],"positionsFlipped":[{"x":0.0,"y":0.0,"z":168.0}]},{"name":"6477abcc","positions":[],"positionsFlipped":[{"x":0.0,"y":0.0,"z":168.0}]},{"name":"cfc74ee6","positions":[],"positionsFlipped":[{"x":0.0,"y":0.0,"z":168.0}]},{"name":"8f08b4fc","positions":[],"positionsFlipped":[{"x":0.0,"y":0.0,"z":168.0}]},{"name":"bd9c6ab3","positions":[],"positionsFlipped":[{"x":0.0,"y":0.0,"z":168.0}]},{"name":"18c698b7","positions":[],"positionsFlipped":[{"x":0.0,"y":0.0,"z":168.0}]},{"name":"7a1ea435","positions":[],"positionsFlipped":[{"x":0.0,"y":0.0,"z":168.0}]},{"name":"41aaf3ef","positions":[{"x":0.0,"y":0.0,"z":-120.0}],"positionsFlipped":[]},{"name":"e0b5b1c6","positions":[],"positionsFlipped":[{"x":0.0,"y":0.0,"z":176.0}]}]}