{"positionDefinitions":[{"name":"7cd8ad09","positions":[{"x":0.0,"y":0.0,"z":0.0}],"positionsFlipped":[]},{"name":"3a8988a7","positions":[{"x":0.0,"y":0.0,"z":0.0}],"positionsFlipped":[]},{"name":"5ac06ae3","positions":[{"x":0.0,"y":0.0,"z":0.0},{"x":0.0,"y":0.0,"z":32.0},{"x":0.0,"y":0.0,"z":-32.0}],"positionsFlipped":[]},{"name":"35502565","positions":[{"x":0.0,"y":0.0,"z":0.0}],"positionsFlipped":[]},{"name":"800091c7","positions":[{"x":0.0,"y":0.0,"z":0.0}],"positionsFlipped":[{"x":0.0,"y":0.0,"z":0.0}]},{"name":"f9963056","positions":[{"x":0.0,"y":0.0,"z":0.0},{"x":0.0,"y":0.0,"z":32.0},{"x":0.0,"y":0.0,"z":-32.0}],"positionsFlipped":[]},{"name":"78ca2dab","positions":[{"x":0.0,"y":0.0,"z":0.0}],"positionsFlipped":[]},{"name":"cd2c964b","positions":[{"x":0.0,"y":0.0,"z":32.0}],"positionsFlipped":[{"x":0.0,"y":0.0,"z":-32.0}]},{"name":"2651ddd2","positions":[{"x":0.0,"y":0.0,"z":32.0}],"positionsFlipped":[{"x":0.0,"y":0.0,"z":-32.0}]},{"name":"b2dfef1c","positions":[{"x":0.0,"y":0.0,"z":32.0}],"positionsFlipped":[{"x":0.0,"y":0.0,"z":-32.0}]},{"name":"669f1f9e","positions":[{"x":0.0,"y":0.0,"z":32.0}],"positionsFlipped":[{"x":0.0,"y":0.0,"z":-32.0}]},{"name":"aea7812c","positions":[{"x":14.0,"y":0.0,"z":-12.0},{"x":-14.0,"y":0.0,"z":-12.0},{"x":14.0,"y":0.0,"z":20.0},{"x":-14.0,"y":0.0,"z":20.0}],"positionsFlipped":[{"x":14.0,"y":0.0,"z":12.0},{"x":-14.0,"y":0.0,"z":12.0},{"x":14.0,"y":0.0,"z":-20.0},{"x":-14.0,"y":0.0,"z":-20.0}]},{"name":"8d7f8f3a","positions":[{"x":14.0,"y":0.0,"z":-12.0},{"x":-14.0,"y":0.0,"z":-12.0},{"x":14.0,"y":0.0,"z":20.0},{"x":-14.0,"y":0.0,"z":20.0}],"positionsFlipped":[{"x":14.0,"y":0.0,"z":12.0},{"x":-14.0,"y":0.0,"z":12.0},{"x":14.0,"y":0.0,"z":-20.0},{"x":-14.0,"y":0.0,"z":-20.0}]},{"name":"ea2da046","positions":[{"x":0.0,"y":0.0,"z":0.0}],"positionsFlipped":[{"x":0.0,"y":0.0,"z":0.0}]},{"name":"45237438","positions":[{"x":0.0,"y":0.0,"z":0.0}],"positionsFlipped":[{"x":0.0,"y":0.0,"z":0.0}]},{"name":"886cf97e","positions":[{"x":0.0,"y":0.0,"z":0.0}],"positionsFlipped":[{"x":0.0,"y":0.0,"z":0.0}]}]}