{"positionDefinitions":[{"name":"7fcb30c","positions":[{"x":0.0,"y":0.0,"z":16.0},{"x":0.0,"y":0.0,"z":-16.0},{"x":0.0,"y":0.0,"z":80.0},{"x":0.0,"y":0.0,"z":-80.0}],"positionsFlipped":[]},{"name":"78237826","positions":[{"x":0.0,"y":0.0,"z":16.0},{"x":0.0,"y":0.0,"z":-16.0},{"x":0.0,"y":0.0,"z":80.0},{"x":0.0,"y":0.0,"z":-80.0}],"positionsFlipped":[]},{"name":"6652b6f5","positions":[{"x":0.0,"y":0.0,"z":16.0},{"x":0.0,"y":0.0,"z":-16.0},{"x":0.0,"y":0.0,"z":80.0},{"x":0.0,"y":0.0,"z":-80.0}],"positionsFlipped":[]},{"name":"64179426","positions":[{"x":0.0,"y":0.0,"z":48.0},{"x":0.0,"y":0.0,"z":-48.0}],"positionsFlipped":[]},{"name":"bb147699","positions":[{"x":0.0,"y":0.0,"z":48.0},{"x":0.0,"y":0.0,"z":-48.0}],"positionsFlipped":[]},{"name":"d6fb98db","positions":[{"x":0.0,"y":0.0,"z":48.0},{"x":0.0,"y":0.0,"z":-48.0}],"positionsFlipped":[]},{"name":"6e508f1b","positions":[{"x":0.0,"y":0.0,"z":48.0},{"x":0.0,"y":0.0,"z":-48.0}],"positionsFlipped":[{"x":0.0,"y":0.0,"z":48.0},{"x":0.0,"y":0.0,"z":-48.0}]},{"name":"7929bdb6","positions":[{"x":0.0,"y":0.0,"z":48.0},{"x":0.0,"y":0.0,"z":-48.0}],"positionsFlipped":[{"x":0.0,"y":0.0,"z":48.0},{"x":0.0,"y":0.0,"z":-48.0}]},{"name":"eeb1ebee","positions":[{"x":0.0,"y":0.0,"z":48.0},{"x":0.0,"y":0.0,"z":-48.0}],"positionsFlipped":[{"x":0.0,"y":0.0,"z":48.0},{"x":0.0,"y":0.0,"z":-48.0}]},{"name":"50f52f1d","positions":[{"x":0.0,"y":0.0,"z":48.0},{"x":0.0,"y":0.0,"z":-48.0}],"positionsFlipped":[{"x":0.0,"y":0.0,"z":48.0},{"x":0.0,"y":0.0,"z":-48.0}]},{"name":"3ddd0107","positions":[{"x":0.0,"y":0.0,"z":48.0},{"x":0.0,"y":0.0,"z":-48.0}],"positionsFlipped":[{"x":0.0,"y":0.0,"z":48.0},{"x":0.0,"y":0.0,"z":-48.0}]},{"name":"9aad41d","positions":[{"x":0.0,"y":0.0,"z":48.0},{"x":0.0,"y":0.0,"z":-48.0},{"x":0.0,"y":0.0,"z":16.0},{"x":0.0,"y":0.0,"z":-16.0},{"x":0.0,"y":0.0,"z":80.0},{"x":0.0,"y":0.0,"z":-80.0},{"x":0.0,"y":0.0,"z":112.0},{"x":0.0,"y":0.0,"z":-112.0}],"positionsFlipped":[]},{"name":"2028e790","positions":[{"x":0.0,"y":0.0,"z":112.0}],"positionsFlipped":[{"x":0.0,"y":0.0,"z":-112.0}]},{"name":"7bf742d6","positions":[{"x":0.0,"y":0.0,"z":112.0}],"positionsFlipped":[{"x":0.0,"y":0.0,"z":-112.0}]},{"name":"997877e5","positions":[{"x":0.0,"y":0.0,"z":112.0}],"positionsFlipped":[{"x":0.0,"y":0.0,"z":-112.0}]},{"name":"e2b8f037","positions":[{"x":0.0,"y":0.0,"z":112.0}],"positionsFlipped":[{"x":0.0,"y":0.0,"z":-112.0}]},{"name":"614f4fd0","positions":[{"x":18.0,"y":0.0,"z":-4.0},{"x":12.0,"y":0.0,"z":-4.0},{"x":6.0,"y":0.0,"z":-4.0},{"x":-18.0,"y":0.0,"z":-4.0},{"x":-12.0,"y":0.0,"z":-4.0},{"x":18.0,"y":0.0,"z":-68.0},{"x":12.0,"y":0.0,"z":-68.0},{"x":6.0,"y":0.0,"z":-68.0},{"x":-18.0,"y":0.0,"z":-68.0},{"x":-12.0,"y":0.0,"z":-68.0},{"x":18.0,"y":0.0,"z":-97.0},{"x":12.0,"y":0.0,"z":-97.0},{"x":6.0,"y":0.0,"z":-97.0},{"x":-18.0,"y":0.0,"z":-97.0},{"x":-12.0,"y":0.0,"z":-97.0},{"x":18.0,"y":0.0,"z":28.0},{"x":12.0,"y":0.0,"z":28.0},{"x":6.0,"y":0.0,"z":28.0},{"x":-18.0,"y":0.0,"z":28.0},{"x":-12.0,"y":0.0,"z":28.0},{"x":18.0,"y":0.0,"z":92.0},{"x":12.0,"y":0.0,"z":92.0},{"x":6.0,"y":0.0,"z":92.0},{"x":-18.0,"y":0.0,"z":92.0},{"x":-12.0,"y":0.0,"z":92.0},{"x":18.0,"y":0.0,"z":120.0},{"x":12.0,"y":0.0,"z":120.0},{"x":6.0,"y":0.0,"z":120.0},{"x":-18.0,"y":0.0,"z":120.0},{"x":-12.0,"y":0.0,"z":120.0}],"positionsFlipped":[{"x":18.0,"y":0.0,"z":4.0},{"x":12.0,"y":0.0,"z":4.0},{"x":-6.0,"y":0.0,"z":4.0},{"x":-18.0,"y":0.0,"z":4.0},{"x":-12.0,"y":0.0,"z":4.0},{"x":18.0,"y":0.0,"z":68.0},{"x":12.0,"y":0.0,"z":68.0},{"x":-6.0,"y":0.0,"z":68.0},{"x":-18.0,"y":0.0,"z":68.0},{"x":-12.0,"y":0.0,"z":68.0},{"x":18.0,"y":0.0,"z":97.0},{"x":12.0,"y":0.0,"z":97.0},{"x":-6.0,"y":0.0,"z":97.0},{"x":-18.0,"y":0.0,"z":97.0},{"x":-12.0,"y":0.0,"z":97.0},{"x":18.0,"y":0.0,"z":-28.0},{"x":12.0,"y":0.0,"z":-28.0},{"x":-6.0,"y":0.0,"z":-28.0},{"x":-18.0,"y":0.0,"z":-28.0},{"x":-12.0,"y":0.0,"z":-28.0},{"x":18.0,"y":0.0,"z":-92.0},{"x":12.0,"y":0.0,"z":-92.0},{"x":-6.0,"y":0.0,"z":-92.0},{"x":-18.0,"y":0.0,"z":-92.0},{"x":-12.0,"y":0.0,"z":-92.0},{"x":18.0,"y":0.0,"z":-120.0},{"x":12.0,"y":0.0,"z":-120.0},{"x":-6.0,"y":0.0,"z":-120.0},{"x":-18.0,"y":0.0,"z":-120.0},{"x":-12.0,"y":0.0,"z":-120.0}]},{"name":"9f1c24aa","positions":[{"x":18.0,"y":0.0,"z":-4.0},{"x":12.0,"y":0.0,"z":-4.0},{"x":6.0,"y":0.0,"z":-4.0},{"x":-18.0,"y":0.0,"z":-4.0},{"x":-12.0,"y":0.0,"z":-4.0},{"x":18.0,"y":0.0,"z":-68.0},{"x":12.0,"y":0.0,"z":-68.0},{"x":6.0,"y":0.0,"z":-68.0},{"x":-18.0,"y":0.0,"z":-68.0},{"x":-12.0,"y":0.0,"z":-68.0},{"x":18.0,"y":0.0,"z":-97.0},{"x":12.0,"y":0.0,"z":-97.0},{"x":6.0,"y":0.0,"z":-97.0},{"x":-18.0,"y":0.0,"z":-97.0},{"x":-12.0,"y":0.0,"z":-97.0},{"x":18.0,"y":0.0,"z":28.0},{"x":12.0,"y":0.0,"z":28.0},{"x":6.0,"y":0.0,"z":28.0},{"x":-18.0,"y":0.0,"z":28.0},{"x":-12.0,"y":0.0,"z":28.0},{"x":18.0,"y":0.0,"z":92.0},{"x":12.0,"y":0.0,"z":92.0},{"x":6.0,"y":0.0,"z":92.0},{"x":-18.0,"y":0.0,"z":92.0},{"x":-12.0,"y":0.0,"z":92.0},{"x":18.0,"y":0.0,"z":120.0},{"x":12.0,"y":0.0,"z":120.0},{"x":6.0,"y":0.0,"z":120.0},{"x":-18.0,"y":0.0,"z":120.0},{"x":-12.0,"y":0.0,"z":120.0}],"positionsFlipped":[{"x":18.0,"y":0.0,"z":4.0},{"x":12.0,"y":0.0,"z":4.0},{"x":-6.0,"y":0.0,"z":4.0},{"x":-18.0,"y":0.0,"z":4.0},{"x":-12.0,"y":0.0,"z":4.0},{"x":18.0,"y":0.0,"z":68.0},{"x":12.0,"y":0.0,"z":68.0},{"x":-6.0,"y":0.0,"z":68.0},{"x":-18.0,"y":0.0,"z":68.0},{"x":-12.0,"y":0.0,"z":68.0},{"x":18.0,"y":0.0,"z":97.0},{"x":12.0,"y":0.0,"z":97.0},{"x":-6.0,"y":0.0,"z":97.0},{"x":-18.0,"y":0.0,"z":97.0},{"x":-12.0,"y":0.0,"z":97.0},{"x":18.0,"y":0.0,"z":-28.0},{"x":12.0,"y":0.0,"z":-28.0},{"x":-6.0,"y":0.0,"z":-28.0},{"x":-18.0,"y":0.0,"z":-28.0},{"x":-12.0,"y":0.0,"z":-28.0},{"x":18.0,"y":0.0,"z":-92.0},{"x":12.0,"y":0.0,"z":-92.0},{"x":-6.0,"y":0.0,"z":-92.0},{"x":-18.0,"y":0.0,"z":-92.0},{"x":-12.0,"y":0.0,"z":-92.0},{"x":18.0,"y":0.0,"z":-120.0},{"x":12.0,"y":0.0,"z":-120.0},{"x":-6.0,"y":0.0,"z":-120.0},{"x":-18.0,"y":0.0,"z":-120.0},{"x":-12.0,"y":0.0,"z":-120.0}]}]}