{"positionDefinitions":[{"name":"cff8edb2","positions":[{"x":0.0,"y":0.0,"z":0.0}],"positionsFlipped":[]},{"name":"beab00ed","positions":[{"x":0.0,"y":0.0,"z":0.0}],"positionsFlipped":[]},{"name":"8da96548","positions":[{"x":0.0,"y":0.0,"z":0.0}],"positionsFlipped":[]},{"name":"cef2eb64","positions":[{"x":0.0,"y":0.0,"z":0.0}],"positionsFlipped":[{"x":0.0,"y":0.0,"z":0.0}]},{"name":"1d078519","positions":[{"x":0.0,"y":0.0,"z":0.0}],"positionsFlipped":[{"x":0.0,"y":0.0,"z":0.0}]},{"name":"b93e6f3","positions":[{"x":0.0,"y":0.0,"z":0.0}],"positionsFlipped":[{"x":0.0,"y":0.0,"z":0.0}]},{"name":"c0b85f90","positions":[{"x":0.0,"y":0.0,"z":0.0}],"positionsFlipped":[{"x":0.0,"y":0.0,"z":0.0}]},{"name":"d8ba3325","positions":[{"x":0.0,"y":0.0,"z":0.0}],"positionsFlipped":[{"x":0.0,"y":0.0,"z":0.0}]},{"name":"c4cf07fa","positions":[{"x":0.0,"y":0.0,"z":32.0},{"x":0.0,"y":0.0,"z":-32.0}],"positionsFlipped":[]},{"name":"66de0d03","positions":[{"x":0.0,"y":0.0,"z":32.0},{"x":0.0,"y":0.0,"z":-32.0}],"positionsFlipped":[]},{"name":"31beb0b5","positions":[{"x":0.0,"y":0.0,"z":0.0},{"x":0.0,"y":0.0,"z":32.0},{"x":0.0,"y":0.0,"z":-32.0}],"positionsFlipped":[]},{"name":"9e39b80b","positions":[{"x":0.0,"y":0.0,"z":32.0},{"x":0.0,"y":0.0,"z":-32.0}],"positionsFlipped":[]},{"name":"2ee28866","positions":[{"x":0.0,"y":0.0,"z":32.0}],"positionsFlipped":[{"x":0.0,"y":0.0,"z":-32.0}]},{"name":"564eaa21","positions":[{"x":0.0,"y":0.0,"z":32.0}],"positionsFlipped":[{"x":0.0,"y":0.0,"z":-32.0}]},{"name":"4aa1c1fc","positions":[{"x":18.0,"y":0.0,"z":20.0},{"x":12.0,"y":0.0,"z":20.0},{"x":-18.0,"y":0.0,"z":20.0},{"x":-12.0,"y":0.0,"z":20.0},{"x":18.0,"y":0.0,"z":-44.0},{"x":12.0,"y":0.0,"z":-44.0},{"x":-18.0,"y":0.0,"z":-44.0},{"x":-12.0,"y":0.0,"z":-44.0}],"positionsFlipped":[{"x":18.0,"y":0.0,"z":-20.0},{"x":12.0,"y":0.0,"z":-20.0},{"x":-18.0,"y":0.0,"z":-20.0},{"x":-12.0,"y":0.0,"z":-20.0},{"x":18.0,"y":0.0,"z":44.0},{"x":12.0,"y":0.0,"z":44.0},{"x":-18.0,"y":0.0,"z":44.0},{"x":-12.0,"y":0.0,"z":44.0}]},{"name":"56299b48","positions":[{"x":18.0,"y":0.0,"z":20.0},{"x":12.0,"y":0.0,"z":20.0},{"x":-18.0,"y":0.0,"z":20.0},{"x":-12.0,"y":0.0,"z":20.0},{"x":18.0,"y":0.0,"z":-44.0},{"x":12.0,"y":0.0,"z":-44.0},{"x":-18.0,"y":0.0,"z":-44.0},{"x":-12.0,"y":0.0,"z":-44.0}],"positionsFlipped":[{"x":18.0,"y":0.0,"z":-20.0},{"x":12.0,"y":0.0,"z":-20.0},{"x":-18.0,"y":0.0,"z":-20.0},{"x":-12.0,"y":0.0,"z":-20.0},{"x":18.0,"y":0.0,"z":44.0},{"x":12.0,"y":0.0,"z":44.0},{"x":-18.0,"y":0.0,"z":44.0},{"x":-12.0,"y":0.0,"z":44.0}]},{"name":"97e7b8e8","positions":[{"x":0.0,"y":0.0,"z":13.0},{"x":0.0,"y":0.0,"z":-13.0}],"positionsFlipped":[]},{"name":"5919fab1","positions":[{"x":0.0,"y":0.0,"z":13.0},{"x":0.0,"y":0.0,"z":-13.0}],"positionsFlipped":[]},{"name":"547e7736","positions":[{"x":0.0,"y":0.0,"z":0.0}],"positionsFlipped":[{"x":0.0,"y":0.0,"z":0.0}]},{"name":"b34a3453","positions":[{"x":0.0,"y":0.0,"z":0.0}],"positionsFlipped":[{"x":0.0,"y":0.0,"z":0.0}]},{"name":"cc286b12","positions":[{"x":0.0,"y":0.0,"z":0.0}],"positionsFlipped":[{"x":0.0,"y":0.0,"z":0.0}]},{"name":"b84a58a","positions":[{"x":0.0,"y":0.0,"z":32.0}],"positionsFlipped":[{"x":0.0,"y":0.0,"z":-32.0}]},{"name":"4ecc3156","positions":[{"x":0.0,"y":0.0,"z":-56.0}],"positionsFlipped":[]},{"name":"e7f70538","positions":[{"x":0.0,"y":0.0,"z":-56.0}],"positionsFlipped":[]},{"name":"4a6e73ff","positions":[{"x":0.0,"y":0.0,"z":72.0}],"positionsFlipped":[]},{"name":"ec126b12","positions":[{"x":0.0,"y":0.0,"z":72.0}],"positionsFlipped":[]},{"name":"d9988b1b","positions":[{"x":0.0,"y":0.0,"z":72.0}],"positionsFlipped":[]},{"name":"9ab95664","positions":[{"x":0.0,"y":0.0,"z":72.0}],"positionsFlipped":[]},{"name":"a15df924","positions":[{"x":0.0,"y":0.0,"z":72.0}],"positionsFlipped":[]},{"name":"10181373","positions":[{"x":0.0,"y":0.0,"z":72.0}],"positionsFlipped":[]},{"name":"183d3825","positions":[{"x":0.0,"y":0.0,"z":72.0}],"positionsFlipped":[]},{"name":"1ee75469","positions":[],"positionsFlipped":[{"x":0.0,"y":0.0,"z":80.0}]}]}