{"positionDefinitions":[{"name":"8d6b9f8c","positions":[{"x":0.0,"y":0.0,"z":0.0}],"positionsFlipped":[]},{"name":"9d4f25d1","positions":[{"x":0.0,"y":0.0,"z":0.0}],"positionsFlipped":[{"x":0.0,"y":0.0,"z":0.0}]},{"name":"2ff942b0","positions":[{"x":0.0,"y":0.0,"z":16.0},{"x":0.0,"y":0.0,"z":-16.0},{"x":0.0,"y":0.0,"z":-48.0}],"positionsFlipped":[]},{"name":"caf98a14","positions":[{"x":0.0,"y":0.0,"z":16.0},{"x":0.0,"y":0.0,"z":-16.0},{"x":0.0,"y":0.0,"z":-48.0}],"positionsFlipped":[]},{"name":"a808be3b","positions":[{"x":0.0,"y":0.0,"z":16.0},{"x":0.0,"y":0.0,"z":-16.0},{"x":0.0,"y":0.0,"z":-48.0}],"positionsFlipped":[]},{"name":"171382bf","positions":[{"x":0.0,"y":0.0,"z":16.0},{"x":0.0,"y":0.0,"z":-16.0},{"x":0.0,"y":0.0,"z":48.0},{"x":0.0,"y":0.0,"z":-48.0}],"positionsFlipped":[]},{"name":"df13d618","positions":[],"positionsFlipped":[{"x":0.0,"y":0.0,"z":48.0}]},{"name":"56117326","positions":[],"positionsFlipped":[{"x":0.0,"y":0.0,"z":48.0}]},{"name":"c3302d64","positions":[],"positionsFlipped":[{"x":0.0,"y":0.0,"z":48.0}]},{"name":"9b7c5e02","positions":[{"x":16.0,"y":0.0,"z":4.0},{"x":10.0,"y":0.0,"z":4.0},{"x":-16.0,"y":0.0,"z":4.0},{"x":-10.0,"y":0.0,"z":4.0},{"x":16.0,"y":0.0,"z":36.0},{"x":10.0,"y":0.0,"z":36.0},{"x":-16.0,"y":0.0,"z":36.0},{"x":-10.0,"y":0.0,"z":36.0},{"x":16.0,"y":0.0,"z":-28.0},{"x":10.0,"y":0.0,"z":-28.0},{"x":-16.0,"y":0.0,"z":-28.0},{"x":-10.0,"y":0.0,"z":-28.0},{"x":16.0,"y":0.0,"z":-60.0},{"x":10.0,"y":0.0,"z":-60.0},{"x":-16.0,"y":0.0,"z":-60.0},{"x":-10.0,"y":0.0,"z":-60.0}],"positionsFlipped":[{"x":16.0,"y":0.0,"z":-4.0},{"x":10.0,"y":0.0,"z":-4.0},{"x":-16.0,"y":0.0,"z":-4.0},{"x":-10.0,"y":0.0,"z":-4.0},{"x":16.0,"y":0.0,"z":-36.0},{"x":10.0,"y":0.0,"z":-36.0},{"x":-16.0,"y":0.0,"z":-36.0},{"x":-10.0,"y":0.0,"z":-36.0},{"x":16.0,"y":0.0,"z":28.0},{"x":10.0,"y":0.0,"z":28.0},{"x":-16.0,"y":0.0,"z":28.0},{"x":-10.0,"y":0.0,"z":28.0},{"x":16.0,"y":0.0,"z":60.0},{"x":10.0,"y":0.0,"z":60.0},{"x":-16.0,"y":0.0,"z":60.0},{"x":-10.0,"y":0.0,"z":60.0}]},{"name":"92b4fdd2","positions":[{"x":16.0,"y":0.0,"z":4.0},{"x":10.0,"y":0.0,"z":4.0},{"x":-16.0,"y":0.0,"z":4.0},{"x":-10.0,"y":0.0,"z":4.0},{"x":16.0,"y":0.0,"z":36.0},{"x":10.0,"y":0.0,"z":36.0},{"x":-16.0,"y":0.0,"z":36.0},{"x":-10.0,"y":0.0,"z":36.0},{"x":16.0,"y":0.0,"z":-28.0},{"x":10.0,"y":0.0,"z":-28.0},{"x":-16.0,"y":0.0,"z":-28.0},{"x":-10.0,"y":0.0,"z":-28.0},{"x":16.0,"y":0.0,"z":-60.0},{"x":10.0,"y":0.0,"z":-60.0},{"x":-16.0,"y":0.0,"z":-60.0},{"x":-10.0,"y":0.0,"z":-60.0}],"positionsFlipped":[{"x":16.0,"y":0.0,"z":-4.0},{"x":10.0,"y":0.0,"z":-4.0},{"x":-16.0,"y":0.0,"z":-4.0},{"x":-10.0,"y":0.0,"z":-4.0},{"x":16.0,"y":0.0,"z":-36.0},{"x":10.0,"y":0.0,"z":-36.0},{"x":-16.0,"y":0.0,"z":-36.0},{"x":-10.0,"y":0.0,"z":-36.0},{"x":16.0,"y":0.0,"z":28.0},{"x":10.0,"y":0.0,"z":28.0},{"x":-16.0,"y":0.0,"z":28.0},{"x":-10.0,"y":0.0,"z":28.0},{"x":16.0,"y":0.0,"z":60.0},{"x":10.0,"y":0.0,"z":60.0},{"x":-16.0,"y":0.0,"z":60.0},{"x":-10.0,"y":0.0,"z":60.0}]},{"name":"a69fbcef","positions":[],"positionsFlipped":[{"x":0.0,"y":0.0,"z":-88.0}]},{"name":"f9439916","positions":[],"positionsFlipped":[{"x":0.0,"y":0.0,"z":-88.0}]},{"name":"92be1349","positions":[],"positionsFlipped":[{"x":0.0,"y":0.0,"z":-88.0}]},{"name":"e0bea8e7","positions":[],"positionsFlipped":[{"x":0.0,"y":0.0,"z":-88.0}]},{"name":"477983d2","positions":[],"positionsFlipped":[{"x":0.0,"y":0.0,"z":-88.0}]},{"name":"ca2db0c9","positions":[],"positionsFlipped":[{"x":0.0,"y":0.0,"z":-88.0}]},{"name":"c1533157","positions":[],"positionsFlipped":[{"x":0.0,"y":0.0,"z":-88.0}]}]}