{"positionDefinitions":[{"name":"d2ca81ad","positions":[{"x":0.0,"y":0.0,"z":32.0},{"x":0.0,"y":0.0,"z":-32.0},{"x":0.0,"y":0.0,"z":64.0},{"x":0.0,"y":0.0,"z":-64.0},{"x":0.0,"y":0.0,"z":96.0},{"x":0.0,"y":0.0,"z":-96.0},{"x":0.0,"y":0.0,"z":160.0},{"x":0.0,"y":0.0,"z":-160.0}],"positionsFlipped":[]},{"name":"5857f18f","positions":[{"x":0.0,"y":0.0,"z":32.0},{"x":0.0,"y":0.0,"z":-32.0},{"x":0.0,"y":0.0,"z":64.0},{"x":0.0,"y":0.0,"z":-64.0},{"x":0.0,"y":0.0,"z":96.0},{"x":0.0,"y":0.0,"z":-96.0},{"x":0.0,"y":0.0,"z":160.0},{"x":0.0,"y":0.0,"z":-160.0}],"positionsFlipped":[]},{"name":"7ade9def","positions":[{"x":0.0,"y":0.0,"z":32.0},{"x":0.0,"y":0.0,"z":-32.0},{"x":0.0,"y":0.0,"z":64.0},{"x":0.0,"y":0.0,"z":-64.0},{"x":0.0,"y":0.0,"z":96.0},{"x":0.0,"y":0.0,"z":-96.0},{"x":0.0,"y":0.0,"z":160.0},{"x":0.0,"y":0.0,"z":-160.0}],"positionsFlipped":[]},{"name":"486be641","positions":[{"x":0.0,"y":0.0,"z":32.0},{"x":0.0,"y":0.0,"z":-32.0},{"x":0.0,"y":0.0,"z":64.0},{"x":0.0,"y":0.0,"z":-64.0},{"x":0.0,"y":0.0,"z":96.0},{"x":0.0,"y":0.0,"z":-96.0},{"x":0.0,"y":0.0,"z":160.0},{"x":0.0,"y":0.0,"z":-160.0},{"x":0.0,"y":0.0,"z":0.0},{"x":0.0,"y":0.0,"z":128.0},{"x":0.0,"y":0.0,"z":-128.0}],"positionsFlipped":[]},{"name":"24efc0a","positions":[{"x":0.0,"y":0.0,"z":0.0},{"x":0.0,"y":0.0,"z":128.0},{"x":0.0,"y":0.0,"z":-128.0}],"positionsFlipped":[]},{"name":"fd61f338","positions":[{"x":0.0,"y":0.0,"z":0.0},{"x":0.0,"y":0.0,"z":128.0},{"x":0.0,"y":0.0,"z":-128.0}],"positionsFlipped":[]},{"name":"707b8fc4","positions":[{"x":0.0,"y":0.0,"z":0.0},{"x":0.0,"y":0.0,"z":128.0},{"x":0.0,"y":0.0,"z":-128.0}],"positionsFlipped":[{"x":0.0,"y":0.0,"z":0.0},{"x":0.0,"y":0.0,"z":128.0},{"x":0.0,"y":0.0,"z":-128.0}]},{"name":"4d8d5543","positions":[{"x":0.0,"y":0.0,"z":0.0},{"x":0.0,"y":0.0,"z":128.0},{"x":0.0,"y":0.0,"z":-128.0}],"positionsFlipped":[{"x":0.0,"y":0.0,"z":0.0},{"x":0.0,"y":0.0,"z":128.0},{"x":0.0,"y":0.0,"z":-128.0}]},{"name":"2ec8b174","positions":[{"x":0.0,"y":0.0,"z":0.0},{"x":0.0,"y":0.0,"z":128.0},{"x":0.0,"y":0.0,"z":-128.0}],"positionsFlipped":[]},{"name":"2bbbe75","positions":[{"x":0.0,"y":0.0,"z":0.0},{"x":0.0,"y":0.0,"z":128.0},{"x":0.0,"y":0.0,"z":-128.0}],"positionsFlipped":[{"x":0.0,"y":0.0,"z":0.0},{"x":0.0,"y":0.0,"z":128.0},{"x":0.0,"y":0.0,"z":-128.0}]},{"name":"6f531923","positions":[{"x":0.0,"y":0.0,"z":0.0},{"x":0.0,"y":0.0,"z":128.0},{"x":0.0,"y":0.0,"z":-128.0}],"positionsFlipped":[{"x":0.0,"y":0.0,"z":0.0},{"x":0.0,"y":0.0,"z":128.0},{"x":0.0,"y":0.0,"z":-128.0}]},{"name":"20fc3dec","positions":[{"x":0.0,"y":0.0,"z":0.0},{"x":0.0,"y":0.0,"z":128.0},{"x":0.0,"y":0.0,"z":-128.0}],"positionsFlipped":[{"x":0.0,"y":0.0,"z":0.0},{"x":0.0,"y":0.0,"z":128.0},{"x":0.0,"y":0.0,"z":-128.0}]},{"name":"b1f27fc6","positions":[{"x":0.0,"y":0.0,"z":0.0},{"x":0.0,"y":0.0,"z":128.0},{"x":0.0,"y":0.0,"z":-128.0}],"positionsFlipped":[{"x":0.0,"y":0.0,"z":0.0},{"x":0.0,"y":0.0,"z":128.0},{"x":0.0,"y":0.0,"z":-128.0}]},{"name":"997a5e3","positions":[{"x":0.0,"y":0.0,"z":0.0},{"x":0.0,"y":0.0,"z":128.0},{"x":0.0,"y":0.0,"z":-128.0}],"positionsFlipped":[{"x":0.0,"y":0.0,"z":0.0},{"x":0.0,"y":0.0,"z":128.0},{"x":0.0,"y":0.0,"z":-128.0}]},{"name":"caa3f8f7","positions":[{"x":0.0,"y":0.0,"z":0.0},{"x":0.0,"y":0.0,"z":128.0},{"x":0.0,"y":0.0,"z":-128.0}],"positionsFlipped":[{"x":0.0,"y":0.0,"z":0.0},{"x":0.0,"y":0.0,"z":128.0},{"x":0.0,"y":0.0,"z":-128.0}]},{"name":"a19b84ec","positions":[{"x":-18.0,"y":0.0,"z":25.0},{"x":-18.0,"y":0.0,"z":40.0},{"x":-18.0,"y":0.0,"z":57.0},{"x":-18.0,"y":0.0,"z":72.0},{"x":-18.0,"y":0.0,"z":89.0},{"x":-18.0,"y":0.0,"z":104.0},{"x":-18.0,"y":0.0,"z":153.0},{"x":-18.0,"y":0.0,"z":168.0},{"x":-18.0,"y":0.0,"z":-25.0},{"x":-18.0,"y":0.0,"z":-40.0},{"x":-18.0,"y":0.0,"z":-57.0},{"x":-18.0,"y":0.0,"z":-72.0},{"x":-18.0,"y":0.0,"z":-89.0},{"x":-18.0,"y":0.0,"z":-104.0},{"x":-18.0,"y":0.0,"z":-153.0},{"x":-18.0,"y":0.0,"z":-168.0}],"positionsFlipped":[{"x":-18.0,"y":0.0,"z":25.0},{"x":-18.0,"y":0.0,"z":40.0},{"x":-18.0,"y":0.0,"z":57.0},{"x":-18.0,"y":0.0,"z":72.0},{"x":-18.0,"y":0.0,"z":89.0},{"x":-18.0,"y":0.0,"z":104.0},{"x":-18.0,"y":0.0,"z":153.0},{"x":-18.0,"y":0.0,"z":168.0},{"x":-18.0,"y":0.0,"z":-25.0},{"x":-18.0,"y":0.0,"z":-40.0},{"x":-18.0,"y":0.0,"z":-57.0},{"x":-18.0,"y":0.0,"z":-72.0},{"x":-18.0,"y":0.0,"z":-89.0},{"x":-18.0,"y":0.0,"z":-104.0},{"x":-18.0,"y":0.0,"z":-153.0},{"x":-18.0,"y":0.0,"z":-168.0}]},{"name":"b25d8479","positions":[{"x":-18.0,"y":0.0,"z":25.0},{"x":-18.0,"y":0.0,"z":40.0},{"x":-18.0,"y":0.0,"z":57.0},{"x":-18.0,"y":0.0,"z":72.0},{"x":-18.0,"y":0.0,"z":89.0},{"x":-18.0,"y":0.0,"z":104.0},{"x":-18.0,"y":0.0,"z":153.0},{"x":-18.0,"y":0.0,"z":168.0},{"x":-18.0,"y":0.0,"z":-25.0},{"x":-18.0,"y":0.0,"z":-40.0},{"x":-18.0,"y":0.0,"z":-57.0},{"x":-18.0,"y":0.0,"z":-72.0},{"x":-18.0,"y":0.0,"z":-89.0},{"x":-18.0,"y":0.0,"z":-104.0},{"x":-18.0,"y":0.0,"z":-153.0},{"x":-18.0,"y":0.0,"z":-168.0}],"positionsFlipped":[{"x":-18.0,"y":0.0,"z":25.0},{"x":-18.0,"y":0.0,"z":40.0},{"x":-18.0,"y":0.0,"z":57.0},{"x":-18.0,"y":0.0,"z":72.0},{"x":-18.0,"y":0.0,"z":89.0},{"x":-18.0,"y":0.0,"z":104.0},{"x":-18.0,"y":0.0,"z":153.0},{"x":-18.0,"y":0.0,"z":168.0},{"x":-18.0,"y":0.0,"z":-25.0},{"x":-18.0,"y":0.0,"z":-40.0},{"x":-18.0,"y":0.0,"z":-57.0},{"x":-18.0,"y":0.0,"z":-72.0},{"x":-18.0,"y":0.0,"z":-89.0},{"x":-18.0,"y":0.0,"z":-104.0},{"x":-18.0,"y":0.0,"z":-153.0},{"x":-18.0,"y":0.0,"z":-168.0}]},{"name":"522bd743","positions":[],"positionsFlipped":[{"x":0.0,"y":0.0,"z":184.0}]},{"name":"bdff0580","positions":[],"positionsFlipped":[{"x":0.0,"y":0.0,"z":184.0}]},{"name":"c9c98ab1","positions":[],"positionsFlipped":[{"x":0.0,"y":0.0,"z":184.0}]},{"name":"928b1004","positions":[],"positionsFlipped":[{"x":0.0,"y":0.0,"z":184.0}]},{"name":"7b678e78","positions":[],"positionsFlipped":[{"x":0.0,"y":0.0,"z":-200.0}]},{"name":"af86a92d","positions":[],"positionsFlipped":[{"x":0.0,"y":0.0,"z":-200.0}]},{"name":"e11f31aa","positions":[],"positionsFlipped":[{"x":0.0,"y":0.0,"z":-200.0}]},{"name":"9fe3bb76","positions":[],"positionsFlipped":[{"x":0.0,"y":0.0,"z":-200.0}]},{"name":"a59f44b9","positions":[],"positionsFlipped":[{"x":0.0,"y":0.0,"z":-200.0}]},{"name":"3cfc4b23","positions":[],"positionsFlipped":[{"x":0.0,"y":0.0,"z":-200.0}]},{"name":"dfb32cf6","positions":[{"x":0.0,"y":0.0,"z":32.0}],"positionsFlipped":[{"x":0.0,"y":0.0,"z":-32.0}]},{"name":"92928277","positions":[{"x":0.0,"y":0.0,"z":32.0}],"positionsFlipped":[{"x":0.0,"y":0.0,"z":-32.0}]}]}