{"positionDefinitions":[{"name":"f90642d6","positions":[{"x":0.0,"y":0.0,"z":0.0}],"positionsFlipped":[]},{"name":"b0b13d6f","positions":[{"x":0.0,"y":0.0,"z":0.0}],"positionsFlipped":[]},{"name":"1d87231a","positions":[{"x":0.0,"y":0.0,"z":0.0}],"positionsFlipped":[]},{"name":"cfd44e96","positions":[{"x":0.0,"y":0.0,"z":0.0}],"positionsFlipped":[{"x":0.0,"y":0.0,"z":0.0}]},{"name":"6f7b21df","positions":[{"x":0.0,"y":0.0,"z":0.0}],"positionsFlipped":[{"x":0.0,"y":0.0,"z":0.0}]},{"name":"a9936685","positions":[{"x":0.0,"y":0.0,"z":0.0}],"positionsFlipped":[{"x":0.0,"y":0.0,"z":0.0}]},{"name":"14f500e7","positions":[{"x":0.0,"y":0.0,"z":0.0}],"positionsFlipped":[{"x":0.0,"y":0.0,"z":0.0}]},{"name":"d6b86c08","positions":[{"x":0.0,"y":0.0,"z":0.0}],"positionsFlipped":[{"x":0.0,"y":0.0,"z":0.0}]},{"name":"194619fe","positions":[{"x":0.0,"y":0.0,"z":32.0},{"x":0.0,"y":0.0,"z":-32.0}],"positionsFlipped":[]},{"name":"cb7eaece","positions":[{"x":0.0,"y":0.0,"z":32.0},{"x":0.0,"y":0.0,"z":-32.0}],"positionsFlipped":[]},{"name":"d1484935","positions":[{"x":0.0,"y":0.0,"z":0.0},{"x":0.0,"y":0.0,"z":32.0},{"x":0.0,"y":0.0,"z":-32.0}],"positionsFlipped":[]},{"name":"3d113e2c","positions":[{"x":0.0,"y":0.0,"z":32.0},{"x":0.0,"y":0.0,"z":-32.0}],"positionsFlipped":[]},{"name":"401441b6","positions":[{"x":0.0,"y":0.0,"z":32.0}],"positionsFlipped":[{"x":0.0,"y":0.0,"z":-32.0}]},{"name":"9c3f6c6e","positions":[{"x":0.0,"y":0.0,"z":32.0}],"positionsFlipped":[{"x":0.0,"y":0.0,"z":-32.0}]},{"name":"4debc149","positions":[{"x":18.0,"y":0.0,"z":20.0},{"x":12.0,"y":0.0,"z":20.0},{"x":-18.0,"y":0.0,"z":20.0},{"x":-12.0,"y":0.0,"z":20.0},{"x":18.0,"y":0.0,"z":-44.0},{"x":12.0,"y":0.0,"z":-44.0},{"x":-18.0,"y":0.0,"z":-44.0},{"x":-12.0,"y":0.0,"z":-44.0}],"positionsFlipped":[{"x":18.0,"y":0.0,"z":-20.0},{"x":12.0,"y":0.0,"z":-20.0},{"x":-18.0,"y":0.0,"z":-20.0},{"x":-12.0,"y":0.0,"z":-20.0},{"x":18.0,"y":0.0,"z":44.0},{"x":12.0,"y":0.0,"z":44.0},{"x":-18.0,"y":0.0,"z":44.0},{"x":-12.0,"y":0.0,"z":44.0}]},{"name":"e0556893","positions":[{"x":18.0,"y":0.0,"z":20.0},{"x":12.0,"y":0.0,"z":20.0},{"x":-18.0,"y":0.0,"z":20.0},{"x":-12.0,"y":0.0,"z":20.0},{"x":18.0,"y":0.0,"z":-44.0},{"x":12.0,"y":0.0,"z":-44.0},{"x":-18.0,"y":0.0,"z":-44.0},{"x":-12.0,"y":0.0,"z":-44.0}],"positionsFlipped":[{"x":18.0,"y":0.0,"z":-20.0},{"x":12.0,"y":0.0,"z":-20.0},{"x":-18.0,"y":0.0,"z":-20.0},{"x":-12.0,"y":0.0,"z":-20.0},{"x":18.0,"y":0.0,"z":44.0},{"x":12.0,"y":0.0,"z":44.0},{"x":-18.0,"y":0.0,"z":44.0},{"x":-12.0,"y":0.0,"z":44.0}]},{"name":"9c9b86f3","positions":[{"x":0.0,"y":0.0,"z":13.0},{"x":0.0,"y":0.0,"z":-13.0}],"positionsFlipped":[]},{"name":"6e97a990","positions":[{"x":0.0,"y":0.0,"z":13.0},{"x":0.0,"y":0.0,"z":-13.0}],"positionsFlipped":[]},{"name":"6768e0c9","positions":[{"x":0.0,"y":0.0,"z":0.0}],"positionsFlipped":[{"x":0.0,"y":0.0,"z":0.0}]},{"name":"422e0995","positions":[{"x":0.0,"y":0.0,"z":0.0}],"positionsFlipped":[{"x":0.0,"y":0.0,"z":0.0}]},{"name":"bd7085c0","positions":[{"x":0.0,"y":0.0,"z":0.0}],"positionsFlipped":[{"x":0.0,"y":0.0,"z":0.0}]},{"name":"f428cd46","positions":[{"x":0.0,"y":0.0,"z":32.0}],"positionsFlipped":[{"x":0.0,"y":0.0,"z":-32.0}]},{"name":"81d48dea","positions":[],"positionsFlipped":[{"x":0.0,"y":0.0,"z":56.0}]},{"name":"4eb34417","positions":[],"positionsFlipped":[{"x":0.0,"y":0.0,"z":56.0}]},{"name":"c98ce371","positions":[],"positionsFlipped":[{"x":0.0,"y":0.0,"z":-72.0}]},{"name":"ceb22750","positions":[],"positionsFlipped":[{"x":0.0,"y":0.0,"z":-72.0}]},{"name":"3eeb4cda","positions":[],"positionsFlipped":[{"x":0.0,"y":0.0,"z":-72.0}]},{"name":"7a6d50da","positions":[],"positionsFlipped":[{"x":0.0,"y":0.0,"z":-72.0}]},{"name":"94815bb0","positions":[],"positionsFlipped":[{"x":0.0,"y":0.0,"z":-72.0}]},{"name":"849f62ba","positions":[],"positionsFlipped":[{"x":0.0,"y":0.0,"z":-72.0}]},{"name":"411c2d7d","positions":[],"positionsFlipped":[{"x":0.0,"y":0.0,"z":-72.0}]},{"name":"f1bf201a","positions":[{"x":0.0,"y":0.0,"z":-80.0}],"positionsFlipped":[]}]}