{"positionDefinitions":[{"name":"a1e80087","positions":[{"x":0.0,"y":0.0,"z":0.0},{"x":0.0,"y":0.0,"z":32.0}],"positionsFlipped":[]},{"name":"938e9443","positions":[{"x":0.0,"y":0.0,"z":0.0},{"x":0.0,"y":0.0,"z":32.0}],"positionsFlipped":[]},{"name":"86547303","positions":[{"x":0.0,"y":0.0,"z":-32.0}],"positionsFlipped":[]},{"name":"76ff9ba0","positions":[{"x":0.0,"y":0.0,"z":-32.0}],"positionsFlipped":[]},{"name":"873a9f61","positions":[{"x":0.0,"y":0.0,"z":-32.0},{"x":0.0,"y":0.0,"z":32.0},{"x":0.0,"y":0.0,"z":0.0},{"x":0.0,"y":0.0,"z":-96.0},{"x":0.0,"y":0.0,"z":96.0}],"positionsFlipped":[]},{"name":"ffb0b42b","positions":[{"x":0.0,"y":0.0,"z":64.0},{"x":0.0,"y":0.0,"z":-64.0}],"positionsFlipped":[]},{"name":"f24de90b","positions":[{"x":0.0,"y":0.0,"z":64.0},{"x":0.0,"y":0.0,"z":-64.0}],"positionsFlipped":[]},{"name":"28c3e688","positions":[{"x":0.0,"y":0.0,"z":64.0},{"x":0.0,"y":0.0,"z":-64.0}],"positionsFlipped":[]},{"name":"c6643f1c","positions":[{"x":0.0,"y":0.0,"z":64.0},{"x":0.0,"y":0.0,"z":-64.0}],"positionsFlipped":[{"x":0.0,"y":0.0,"z":64.0},{"x":0.0,"y":0.0,"z":-64.0}]},{"name":"9d8b9a8b","positions":[{"x":0.0,"y":0.0,"z":64.0},{"x":0.0,"y":0.0,"z":-64.0}],"positionsFlipped":[{"x":0.0,"y":0.0,"z":64.0},{"x":0.0,"y":0.0,"z":-64.0}]},{"name":"ffd428d6","positions":[{"x":0.0,"y":0.0,"z":64.0},{"x":0.0,"y":0.0,"z":-64.0}],"positionsFlipped":[{"x":0.0,"y":0.0,"z":64.0},{"x":0.0,"y":0.0,"z":-64.0}]},{"name":"723ce322","positions":[{"x":0.0,"y":0.0,"z":64.0},{"x":0.0,"y":0.0,"z":-64.0}],"positionsFlipped":[{"x":0.0,"y":0.0,"z":64.0},{"x":0.0,"y":0.0,"z":-64.0}]},{"name":"c8da30b7","positions":[{"x":0.0,"y":0.0,"z":64.0},{"x":0.0,"y":0.0,"z":-64.0}],"positionsFlipped":[{"x":0.0,"y":0.0,"z":64.0},{"x":0.0,"y":0.0,"z":-64.0}]},{"name":"b3936a7b","positions":[{"x":0.0,"y":0.0,"z":64.0},{"x":0.0,"y":0.0,"z":-64.0}],"positionsFlipped":[{"x":0.0,"y":0.0,"z":64.0},{"x":0.0,"y":0.0,"z":-64.0}]},{"name":"7c837fd9","positions":[{"x":0.0,"y":0.0,"z":64.0},{"x":0.0,"y":0.0,"z":-64.0}],"positionsFlipped":[]},{"name":"bcd443de","positions":[{"x":0.0,"y":0.0,"z":64.0},{"x":0.0,"y":0.0,"z":-64.0}],"positionsFlipped":[{"x":0.0,"y":0.0,"z":64.0},{"x":0.0,"y":0.0,"z":-64.0}]},{"name":"6c4daa79","positions":[{"x":0.0,"y":0.0,"z":96.0}],"positionsFlipped":[{"x":0.0,"y":0.0,"z":-96.0}]},{"name":"bebcb8f","positions":[{"x":0.0,"y":0.0,"z":96.0}],"positionsFlipped":[{"x":0.0,"y":0.0,"z":-96.0}]},{"name":"8c172926","positions":[{"x":0.0,"y":0.0,"z":96.0}],"positionsFlipped":[{"x":0.0,"y":0.0,"z":-96.0}]},{"name":"a1a8e385","positions":[{"x":0.0,"y":0.0,"z":96.0},{"x":0.0,"y":0.0,"z":-96.0},{"x":0.0,"y":0.0,"z":64.0},{"x":0.0,"y":0.0,"z":-64.0},{"x":0.0,"y":0.0,"z":32.0},{"x":0.0,"y":0.0,"z":-32.0},{"x":0.0,"y":0.0,"z":0.0}],"positionsFlipped":[]},{"name":"5d3b6834","positions":[{"x":0.0,"y":0.0,"z":64.0},{"x":0.0,"y":0.0,"z":-64.0}],"positionsFlipped":[{"x":0.0,"y":0.0,"z":64.0},{"x":0.0,"y":0.0,"z":-64.0}]},{"name":"fca1bca5","positions":[{"x":16.0,"y":0.0,"z":-10.0},{"x":10.0,"y":0.0,"z":-10.0},{"x":-16.0,"y":0.0,"z":-10.0},{"x":-10.0,"y":0.0,"z":-10.0},{"x":16.0,"y":0.0,"z":22.0},{"x":10.0,"y":0.0,"z":22.0},{"x":-16.0,"y":0.0,"z":22.0},{"x":-10.0,"y":0.0,"z":22.0},{"x":16.0,"y":0.0,"z":38.0},{"x":10.0,"y":0.0,"z":38.0},{"x":-16.0,"y":0.0,"z":38.0},{"x":-10.0,"y":0.0,"z":38.0},{"x":16.0,"y":0.0,"z":86.0},{"x":10.0,"y":0.0,"z":86.0},{"x":-16.0,"y":0.0,"z":86.0},{"x":-10.0,"y":0.0,"z":86.0},{"x":16.0,"y":0.0,"z":-102.0},{"x":10.0,"y":0.0,"z":-102.0},{"x":-16.0,"y":0.0,"z":-102.0},{"x":-10.0,"y":0.0,"z":-102.0}],"positionsFlipped":[{"x":16.0,"y":0.0,"z":10.0},{"x":10.0,"y":0.0,"z":10.0},{"x":-16.0,"y":0.0,"z":10.0},{"x":-10.0,"y":0.0,"z":10.0},{"x":16.0,"y":0.0,"z":-22.0},{"x":10.0,"y":0.0,"z":-22.0},{"x":-16.0,"y":0.0,"z":-22.0},{"x":-10.0,"y":0.0,"z":-22.0},{"x":16.0,"y":0.0,"z":-38.0},{"x":10.0,"y":0.0,"z":-38.0},{"x":-16.0,"y":0.0,"z":-38.0},{"x":-10.0,"y":0.0,"z":-38.0},{"x":16.0,"y":0.0,"z":-86.0},{"x":10.0,"y":0.0,"z":-86.0},{"x":-16.0,"y":0.0,"z":-86.0},{"x":-10.0,"y":0.0,"z":-86.0},{"x":16.0,"y":0.0,"z":102.0},{"x":10.0,"y":0.0,"z":102.0},{"x":-16.0,"y":0.0,"z":102.0},{"x":-10.0,"y":0.0,"z":102.0}]},{"name":"7e3fd09a","positions":[{"x":16.0,"y":0.0,"z":-10.0},{"x":10.0,"y":0.0,"z":-10.0},{"x":-16.0,"y":0.0,"z":-10.0},{"x":-10.0,"y":0.0,"z":-10.0},{"x":16.0,"y":0.0,"z":22.0},{"x":10.0,"y":0.0,"z":22.0},{"x":-16.0,"y":0.0,"z":22.0},{"x":-10.0,"y":0.0,"z":22.0},{"x":16.0,"y":0.0,"z":38.0},{"x":10.0,"y":0.0,"z":38.0},{"x":-16.0,"y":0.0,"z":38.0},{"x":-10.0,"y":0.0,"z":38.0},{"x":16.0,"y":0.0,"z":86.0},{"x":10.0,"y":0.0,"z":86.0},{"x":-16.0,"y":0.0,"z":86.0},{"x":-10.0,"y":0.0,"z":86.0},{"x":16.0,"y":0.0,"z":-102.0},{"x":10.0,"y":0.0,"z":-102.0},{"x":-16.0,"y":0.0,"z":-102.0},{"x":-10.0,"y":0.0,"z":-102.0}],"positionsFlipped":[{"x":16.0,"y":0.0,"z":10.0},{"x":10.0,"y":0.0,"z":10.0},{"x":-16.0,"y":0.0,"z":10.0},{"x":-10.0,"y":0.0,"z":10.0},{"x":16.0,"y":0.0,"z":-22.0},{"x":10.0,"y":0.0,"z":-22.0},{"x":-16.0,"y":0.0,"z":-22.0},{"x":-10.0,"y":0.0,"z":-22.0},{"x":16.0,"y":0.0,"z":-38.0},{"x":10.0,"y":0.0,"z":-38.0},{"x":-16.0,"y":0.0,"z":-38.0},{"x":-10.0,"y":0.0,"z":-38.0},{"x":16.0,"y":0.0,"z":-86.0},{"x":10.0,"y":0.0,"z":-86.0},{"x":-16.0,"y":0.0,"z":-86.0},{"x":-10.0,"y":0.0,"z":-86.0},{"x":16.0,"y":0.0,"z":102.0},{"x":10.0,"y":0.0,"z":102.0},{"x":-16.0,"y":0.0,"z":102.0},{"x":-10.0,"y":0.0,"z":102.0}]}]}