{"positionDefinitions":[{"name":"3764dedb","positions":[{"x":0.0,"y":0.0,"z":0.0},{"x":0.0,"y":0.0,"z":64.0},{"x":0.0,"y":0.0,"z":-64.0}],"positionsFlipped":[]},{"name":"d612e60e","positions":[{"x":0.0,"y":0.0,"z":0.0},{"x":0.0,"y":0.0,"z":64.0},{"x":0.0,"y":0.0,"z":-64.0}],"positionsFlipped":[]},{"name":"9972d397","positions":[{"x":0.0,"y":0.0,"z":0.0},{"x":0.0,"y":0.0,"z":64.0},{"x":0.0,"y":0.0,"z":-64.0}],"positionsFlipped":[]},{"name":"b2c90076","positions":[{"x":0.0,"y":0.0,"z":0.0},{"x":0.0,"y":0.0,"z":64.0},{"x":0.0,"y":0.0,"z":-64.0}],"positionsFlipped":[{"x":0.0,"y":0.0,"z":0.0},{"x":0.0,"y":0.0,"z":64.0},{"x":0.0,"y":0.0,"z":-64.0}]},{"name":"3225399b","positions":[{"x":0.0,"y":0.0,"z":0.0},{"x":0.0,"y":0.0,"z":64.0},{"x":0.0,"y":0.0,"z":-64.0}],"positionsFlipped":[{"x":0.0,"y":0.0,"z":0.0},{"x":0.0,"y":0.0,"z":64.0},{"x":0.0,"y":0.0,"z":-64.0}]},{"name":"8ce35c5c","positions":[{"x":0.0,"y":0.0,"z":0.0},{"x":0.0,"y":0.0,"z":64.0},{"x":0.0,"y":0.0,"z":-64.0}],"positionsFlipped":[{"x":0.0,"y":0.0,"z":0.0},{"x":0.0,"y":0.0,"z":64.0},{"x":0.0,"y":0.0,"z":-64.0}]},{"name":"1dcdf271","positions":[{"x":0.0,"y":0.0,"z":0.0},{"x":0.0,"y":0.0,"z":64.0},{"x":0.0,"y":0.0,"z":-64.0}],"positionsFlipped":[{"x":0.0,"y":0.0,"z":0.0},{"x":0.0,"y":0.0,"z":64.0},{"x":0.0,"y":0.0,"z":-64.0}]},{"name":"cbf19b7e","positions":[{"x":0.0,"y":0.0,"z":0.0},{"x":0.0,"y":0.0,"z":64.0},{"x":0.0,"y":0.0,"z":-64.0}],"positionsFlipped":[{"x":0.0,"y":0.0,"z":0.0},{"x":0.0,"y":0.0,"z":64.0},{"x":0.0,"y":0.0,"z":-64.0}]},{"name":"aa132769","positions":[{"x":0.0,"y":0.0,"z":0.0},{"x":0.0,"y":0.0,"z":64.0},{"x":0.0,"y":0.0,"z":-64.0}],"positionsFlipped":[{"x":0.0,"y":0.0,"z":0.0},{"x":0.0,"y":0.0,"z":64.0},{"x":0.0,"y":0.0,"z":-64.0}]},{"name":"fdcd12d4","positions":[{"x":0.0,"y":0.0,"z":0.0},{"x":0.0,"y":0.0,"z":64.0},{"x":0.0,"y":0.0,"z":-64.0}],"positionsFlipped":[{"x":0.0,"y":0.0,"z":0.0},{"x":0.0,"y":0.0,"z":64.0},{"x":0.0,"y":0.0,"z":-64.0}]},{"name":"6238dd24","positions":[{"x":0.0,"y":0.0,"z":0.0},{"x":0.0,"y":0.0,"z":64.0},{"x":0.0,"y":0.0,"z":-64.0}],"positionsFlipped":[{"x":0.0,"y":0.0,"z":0.0},{"x":0.0,"y":0.0,"z":64.0},{"x":0.0,"y":0.0,"z":-64.0}]},{"name":"caad653a","positions":[{"x":0.0,"y":0.0,"z":32.0},{"x":0.0,"y":0.0,"z":-32.0}],"positionsFlipped":[]},{"name":"802eda87","positions":[{"x":0.0,"y":0.0,"z":32.0},{"x":0.0,"y":0.0,"z":-32.0}],"positionsFlipped":[]},{"name":"7d04c8ef","positions":[{"x":0.0,"y":0.0,"z":32.0},{"x":0.0,"y":0.0,"z":-32.0}],"positionsFlipped":[]},{"name":"8fd468d7","positions":[{"x":0.0,"y":0.0,"z":0.0},{"x":0.0,"y":0.0,"z":32.0},{"x":0.0,"y":0.0,"z":-32.0},{"x":0.0,"y":0.0,"z":64.0},{"x":0.0,"y":0.0,"z":-64.0}],"positionsFlipped":[]},{"name":"22bc62f","positions":[{"x":0.0,"y":0.0,"z":32.0},{"x":0.0,"y":0.0,"z":-32.0}],"positionsFlipped":[{"x":0.0,"y":0.0,"z":32.0},{"x":0.0,"y":0.0,"z":-32.0}]},{"name":"897c579","positions":[{"x":0.0,"y":0.0,"z":96.0}],"positionsFlipped":[]},{"name":"e6585b61","positions":[{"x":0.0,"y":0.0,"z":96.0}],"positionsFlipped":[]},{"name":"8c73c89b","positions":[{"x":0.0,"y":0.0,"z":96.0}],"positionsFlipped":[]},{"name":"a6ab9926","positions":[{"x":18.0,"y":-2.0,"z":20.0},{"x":12.0,"y":-2.0,"z":20.0},{"x":-18.0,"y":-2.0,"z":20.0},{"x":-12.0,"y":-2.0,"z":20.0},{"x":18.0,"y":-2.0,"z":-44.0},{"x":12.0,"y":-2.0,"z":-44.0},{"x":-18.0,"y":-2.0,"z":-44.0},{"x":-12.0,"y":-2.0,"z":-44.0},{"x":18.0,"y":-2.0,"z":84.0},{"x":12.0,"y":-2.0,"z":84.0},{"x":-18.0,"y":-2.0,"z":84.0},{"x":-12.0,"y":-2.0,"z":84.0}],"positionsFlipped":[{"x":18.0,"y":-2.0,"z":-20.0},{"x":12.0,"y":-2.0,"z":-20.0},{"x":-18.0,"y":-2.0,"z":-20.0},{"x":-12.0,"y":-2.0,"z":-20.0},{"x":18.0,"y":-2.0,"z":44.0},{"x":12.0,"y":-2.0,"z":44.0},{"x":-18.0,"y":-2.0,"z":44.0},{"x":-12.0,"y":-2.0,"z":44.0}]},{"name":"c01db9dc","positions":[{"x":18.0,"y":-2.0,"z":20.0},{"x":12.0,"y":-2.0,"z":20.0},{"x":-18.0,"y":-2.0,"z":20.0},{"x":-12.0,"y":-2.0,"z":20.0},{"x":18.0,"y":-2.0,"z":-44.0},{"x":12.0,"y":-2.0,"z":-44.0},{"x":-18.0,"y":-2.0,"z":-44.0},{"x":-12.0,"y":-2.0,"z":-44.0},{"x":18.0,"y":-2.0,"z":84.0},{"x":12.0,"y":-2.0,"z":84.0},{"x":-18.0,"y":-2.0,"z":84.0},{"x":-12.0,"y":-2.0,"z":84.0}],"positionsFlipped":[{"x":18.0,"y":-2.0,"z":-20.0},{"x":12.0,"y":-2.0,"z":-20.0},{"x":-18.0,"y":-2.0,"z":-20.0},{"x":-12.0,"y":-2.0,"z":-20.0},{"x":18.0,"y":-2.0,"z":44.0},{"x":12.0,"y":-2.0,"z":44.0},{"x":-18.0,"y":-2.0,"z":44.0},{"x":-12.0,"y":-2.0,"z":44.0}]},{"name":"3c8d7c4c","positions":[{"x":0.0,"y":0.0,"z":-104.0}],"positionsFlipped":[]},{"name":"f4f0b2a9","positions":[{"x":0.0,"y":0.0,"z":-104.0}],"positionsFlipped":[]},{"name":"f1b65f18","positions":[{"x":0.0,"y":0.0,"z":-104.0}],"positionsFlipped":[]},{"name":"89d9fc06","positions":[{"x":0.0,"y":0.0,"z":-104.0}],"positionsFlipped":[]},{"name":"36333861","positions":[{"x":0.0,"y":0.0,"z":-104.0}],"positionsFlipped":[]},{"name":"998a17e5","positions":[{"x":0.0,"y":0.0,"z":-104.0}],"positionsFlipped":[]},{"name":"ca35c487","positions":[{"x":0.0,"y":0.0,"z":-112.0}],"positionsFlipped":[]}]}