{"positionDefinitions":[{"name":"87557efc","positions":[{"x":0.0,"y":0.0,"z":16.0},{"x":0.0,"y":0.0,"z":-16.0},{"x":0.0,"y":0.0,"z":80.0},{"x":0.0,"y":0.0,"z":-80.0},{"x":0.0,"y":0.0,"z":112.0},{"x":0.0,"y":0.0,"z":-112.0}],"positionsFlipped":[]},{"name":"483c6779","positions":[{"x":0.0,"y":0.0,"z":16.0},{"x":0.0,"y":0.0,"z":-16.0},{"x":0.0,"y":0.0,"z":80.0},{"x":0.0,"y":0.0,"z":-80.0},{"x":0.0,"y":0.0,"z":112.0},{"x":0.0,"y":0.0,"z":-112.0}],"positionsFlipped":[]},{"name":"845a758","positions":[{"x":0.0,"y":0.0,"z":16.0},{"x":0.0,"y":0.0,"z":-16.0},{"x":0.0,"y":0.0,"z":80.0},{"x":0.0,"y":0.0,"z":-80.0},{"x":0.0,"y":0.0,"z":112.0},{"x":0.0,"y":0.0,"z":-112.0}],"positionsFlipped":[]},{"name":"cf6c7905","positions":[{"x":0.0,"y":0.0,"z":16.0},{"x":0.0,"y":0.0,"z":-16.0},{"x":0.0,"y":0.0,"z":48.0},{"x":0.0,"y":0.0,"z":-48.0},{"x":0.0,"y":0.0,"z":80.0},{"x":0.0,"y":0.0,"z":-80.0},{"x":0.0,"y":0.0,"z":112.0},{"x":0.0,"y":0.0,"z":-112.0}],"positionsFlipped":[]},{"name":"757f9068","positions":[{"x":0.0,"y":0.0,"z":48.0},{"x":0.0,"y":0.0,"z":-48.0}],"positionsFlipped":[]},{"name":"b20e776d","positions":[{"x":0.0,"y":0.0,"z":48.0},{"x":0.0,"y":0.0,"z":-48.0}],"positionsFlipped":[]},{"name":"834dce67","positions":[{"x":0.0,"y":0.0,"z":48.0},{"x":0.0,"y":0.0,"z":-48.0}],"positionsFlipped":[]},{"name":"fcf0f442","positions":[{"x":0.0,"y":0.0,"z":48.0},{"x":0.0,"y":0.0,"z":-48.0}],"positionsFlipped":[{"x":0.0,"y":0.0,"z":48.0},{"x":0.0,"y":0.0,"z":-48.0}]},{"name":"6c3cd813","positions":[{"x":0.0,"y":0.0,"z":48.0},{"x":0.0,"y":0.0,"z":-48.0}],"positionsFlipped":[{"x":0.0,"y":0.0,"z":48.0},{"x":0.0,"y":0.0,"z":-48.0}]},{"name":"ed22f39d","positions":[{"x":0.0,"y":0.0,"z":48.0},{"x":0.0,"y":0.0,"z":-48.0}],"positionsFlipped":[{"x":0.0,"y":0.0,"z":48.0},{"x":0.0,"y":0.0,"z":-48.0}]},{"name":"8bf4fb5","positions":[{"x":0.0,"y":0.0,"z":48.0},{"x":0.0,"y":0.0,"z":-48.0}],"positionsFlipped":[{"x":0.0,"y":0.0,"z":48.0},{"x":0.0,"y":0.0,"z":-48.0}]},{"name":"193aa198","positions":[{"x":0.0,"y":0.0,"z":48.0},{"x":0.0,"y":0.0,"z":-48.0}],"positionsFlipped":[{"x":0.0,"y":0.0,"z":48.0},{"x":0.0,"y":0.0,"z":-48.0}]},{"name":"ed623dc3","positions":[{"x":0.0,"y":0.0,"z":0.0}],"positionsFlipped":[{"x":0.0,"y":0.0,"z":0.0}]},{"name":"ad180183","positions":[{"x":0.0,"y":0.0,"z":0.0}],"positionsFlipped":[{"x":0.0,"y":0.0,"z":0.0}]},{"name":"379f0a50","positions":[{"x":0.0,"y":0.0,"z":0.0}],"positionsFlipped":[{"x":0.0,"y":0.0,"z":0.0}]},{"name":"5140cde3","positions":[{"x":0.0,"y":0.0,"z":0.0}],"positionsFlipped":[{"x":0.0,"y":0.0,"z":0.0}]},{"name":"75c7af4f","positions":[{"x":0.0,"y":0.0,"z":16.0}],"positionsFlipped":[{"x":0.0,"y":0.0,"z":-16.0}]},{"name":"bf69f5c7","positions":[{"x":0.0,"y":0.0,"z":16.0}],"positionsFlipped":[{"x":0.0,"y":0.0,"z":-16.0}]},{"name":"42e05460","positions":[{"x":18.0,"y":0.0,"z":4.0},{"x":12.0,"y":0.0,"z":4.0},{"x":-18.0,"y":0.0,"z":4.0},{"x":-12.0,"y":0.0,"z":4.0},{"x":18.0,"y":0.0,"z":68.0},{"x":12.0,"y":0.0,"z":68.0},{"x":-18.0,"y":0.0,"z":68.0},{"x":-12.0,"y":0.0,"z":68.0},{"x":18.0,"y":0.0,"z":100.0},{"x":12.0,"y":0.0,"z":100.0},{"x":-18.0,"y":0.0,"z":100.0},{"x":-12.0,"y":0.0,"z":100.0},{"x":18.0,"y":0.0,"z":-28.0},{"x":12.0,"y":0.0,"z":-28.0},{"x":-18.0,"y":0.0,"z":-28.0},{"x":-12.0,"y":0.0,"z":-28.0},{"x":18.0,"y":0.0,"z":-92.0},{"x":12.0,"y":0.0,"z":-92.0},{"x":-18.0,"y":0.0,"z":-92.0},{"x":-12.0,"y":0.0,"z":-92.0},{"x":18.0,"y":0.0,"z":-124.0},{"x":12.0,"y":0.0,"z":-124.0},{"x":-18.0,"y":0.0,"z":-124.0},{"x":-12.0,"y":0.0,"z":-124.0}],"positionsFlipped":[{"x":18.0,"y":0.0,"z":-4.0},{"x":12.0,"y":0.0,"z":-4.0},{"x":-18.0,"y":0.0,"z":-4.0},{"x":-12.0,"y":0.0,"z":-4.0},{"x":18.0,"y":0.0,"z":-68.0},{"x":12.0,"y":0.0,"z":-68.0},{"x":-18.0,"y":0.0,"z":-68.0},{"x":-12.0,"y":0.0,"z":-68.0},{"x":18.0,"y":0.0,"z":-100.0},{"x":12.0,"y":0.0,"z":-100.0},{"x":-18.0,"y":0.0,"z":-100.0},{"x":-12.0,"y":0.0,"z":-100.0},{"x":18.0,"y":0.0,"z":28.0},{"x":12.0,"y":0.0,"z":28.0},{"x":-18.0,"y":0.0,"z":28.0},{"x":-12.0,"y":0.0,"z":28.0},{"x":18.0,"y":0.0,"z":92.0},{"x":12.0,"y":0.0,"z":92.0},{"x":-18.0,"y":0.0,"z":92.0},{"x":-12.0,"y":0.0,"z":92.0},{"x":18.0,"y":0.0,"z":124.0},{"x":12.0,"y":0.0,"z":124.0},{"x":-18.0,"y":0.0,"z":124.0},{"x":-12.0,"y":0.0,"z":124.0}]},{"name":"8b09410f","positions":[{"x":18.0,"y":0.0,"z":4.0},{"x":12.0,"y":0.0,"z":4.0},{"x":-18.0,"y":0.0,"z":4.0},{"x":-12.0,"y":0.0,"z":4.0},{"x":18.0,"y":0.0,"z":68.0},{"x":12.0,"y":0.0,"z":68.0},{"x":-18.0,"y":0.0,"z":68.0},{"x":-12.0,"y":0.0,"z":68.0},{"x":18.0,"y":0.0,"z":100.0},{"x":12.0,"y":0.0,"z":100.0},{"x":-18.0,"y":0.0,"z":100.0},{"x":-12.0,"y":0.0,"z":100.0},{"x":18.0,"y":0.0,"z":-28.0},{"x":12.0,"y":0.0,"z":-28.0},{"x":-18.0,"y":0.0,"z":-28.0},{"x":-12.0,"y":0.0,"z":-28.0},{"x":18.0,"y":0.0,"z":-92.0},{"x":12.0,"y":0.0,"z":-92.0},{"x":-18.0,"y":0.0,"z":-92.0},{"x":-12.0,"y":0.0,"z":-92.0},{"x":18.0,"y":0.0,"z":-124.0},{"x":12.0,"y":0.0,"z":-124.0},{"x":-18.0,"y":0.0,"z":-124.0},{"x":-12.0,"y":0.0,"z":-124.0}],"positionsFlipped":[{"x":18.0,"y":0.0,"z":-4.0},{"x":12.0,"y":0.0,"z":-4.0},{"x":-18.0,"y":0.0,"z":-4.0},{"x":-12.0,"y":0.0,"z":-4.0},{"x":18.0,"y":0.0,"z":-68.0},{"x":12.0,"y":0.0,"z":-68.0},{"x":-18.0,"y":0.0,"z":-68.0},{"x":-12.0,"y":0.0,"z":-68.0},{"x":18.0,"y":0.0,"z":-100.0},{"x":12.0,"y":0.0,"z":-100.0},{"x":-18.0,"y":0.0,"z":-100.0},{"x":-12.0,"y":0.0,"z":-100.0},{"x":18.0,"y":0.0,"z":28.0},{"x":12.0,"y":0.0,"z":28.0},{"x":-18.0,"y":0.0,"z":28.0},{"x":-12.0,"y":0.0,"z":28.0},{"x":18.0,"y":0.0,"z":92.0},{"x":12.0,"y":0.0,"z":92.0},{"x":-18.0,"y":0.0,"z":92.0},{"x":-12.0,"y":0.0,"z":92.0},{"x":18.0,"y":0.0,"z":124.0},{"x":12.0,"y":0.0,"z":124.0},{"x":-18.0,"y":0.0,"z":124.0},{"x":-12.0,"y":0.0,"z":124.0}]},{"name":"6e2d504e","positions":[{"x":0.0,"y":0.0,"z":0.0},{"x":0.0,"y":0.0,"z":-35.0},{"x":0.0,"y":0.0,"z":35.0},{"x":0.0,"y":0.0,"z":-61.0},{"x":0.0,"y":0.0,"z":61.0},{"x":0.0,"y":0.0,"z":-96.0},{"x":0.0,"y":0.0,"z":96.0}],"positionsFlipped":[]},{"name":"7a1f9ee","positions":[{"x":0.0,"y":0.0,"z":-35.0},{"x":0.0,"y":0.0,"z":35.0},{"x":0.0,"y":0.0,"z":-61.0},{"x":0.0,"y":0.0,"z":61.0},{"x":0.0,"y":0.0,"z":-96.0},{"x":0.0,"y":0.0,"z":96.0}],"positionsFlipped":[]},{"name":"1fbdbb99","positions":[{"x":0.0,"y":0.0,"z":0.0}],"positionsFlipped":[]},{"name":"8a3fc4ae","positions":[{"x":0.0,"y":0.0,"z":0.0}],"positionsFlipped":[{"x":0.0,"y":0.0,"z":0.0}]},{"name":"d3fec0cc","positions":[{"x":0.0,"y":0.0,"z":0.0}],"positionsFlipped":[{"x":0.0,"y":0.0,"z":0.0}]},{"name":"97a98863","positions":[{"x":0.0,"y":0.0,"z":-136.0}],"positionsFlipped":[{"x":0.0,"y":0.0,"z":136.0}]},{"name":"1f0f48d7","positions":[{"x":0.0,"y":0.0,"z":-136.0}],"positionsFlipped":[{"x":0.0,"y":0.0,"z":136.0}]},{"name":"9ea8bffb","positions":[{"x":0.0,"y":0.0,"z":0.0},{"x":0.0,"y":0.0,"z":16.0},{"x":0.0,"y":0.0,"z":-16.0},{"x":0.0,"y":0.0,"z":32.0},{"x":0.0,"y":0.0,"z":-32.0},{"x":0.0,"y":0.0,"z":48.0},{"x":0.0,"y":0.0,"z":-48.0},{"x":0.0,"y":0.0,"z":64.0},{"x":0.0,"y":0.0,"z":-64.0},{"x":0.0,"y":0.0,"z":80.0},{"x":0.0,"y":0.0,"z":-80.0}],"positionsFlipped":[]}]}