{"positionDefinitions":[{"name":"23eb3328","positions":[{"x":0.0,"y":0.0,"z":32.0},{"x":0.0,"y":0.0,"z":-32.0},{"x":0.0,"y":0.0,"z":64.0},{"x":0.0,"y":0.0,"z":-64.0},{"x":0.0,"y":0.0,"z":96.0},{"x":0.0,"y":0.0,"z":-96.0},{"x":0.0,"y":0.0,"z":160.0},{"x":0.0,"y":0.0,"z":-160.0}],"positionsFlipped":[]},{"name":"1afc7443","positions":[{"x":0.0,"y":0.0,"z":32.0},{"x":0.0,"y":0.0,"z":-32.0},{"x":0.0,"y":0.0,"z":64.0},{"x":0.0,"y":0.0,"z":-64.0},{"x":0.0,"y":0.0,"z":96.0},{"x":0.0,"y":0.0,"z":-96.0},{"x":0.0,"y":0.0,"z":160.0},{"x":0.0,"y":0.0,"z":-160.0}],"positionsFlipped":[]},{"name":"1a375321","positions":[{"x":0.0,"y":0.0,"z":32.0},{"x":0.0,"y":0.0,"z":-32.0},{"x":0.0,"y":0.0,"z":64.0},{"x":0.0,"y":0.0,"z":-64.0},{"x":0.0,"y":0.0,"z":96.0},{"x":0.0,"y":0.0,"z":-96.0},{"x":0.0,"y":0.0,"z":160.0},{"x":0.0,"y":0.0,"z":-160.0}],"positionsFlipped":[]},{"name":"c7986064","positions":[{"x":0.0,"y":0.0,"z":32.0},{"x":0.0,"y":0.0,"z":-32.0},{"x":0.0,"y":0.0,"z":64.0},{"x":0.0,"y":0.0,"z":-64.0},{"x":0.0,"y":0.0,"z":96.0},{"x":0.0,"y":0.0,"z":-96.0},{"x":0.0,"y":0.0,"z":160.0},{"x":0.0,"y":0.0,"z":-160.0},{"x":0.0,"y":0.0,"z":0.0},{"x":0.0,"y":0.0,"z":128.0},{"x":0.0,"y":0.0,"z":-128.0}],"positionsFlipped":[]},{"name":"c90ff1f4","positions":[{"x":0.0,"y":0.0,"z":0.0},{"x":0.0,"y":0.0,"z":128.0},{"x":0.0,"y":0.0,"z":-128.0}],"positionsFlipped":[]},{"name":"221a7b64","positions":[{"x":0.0,"y":0.0,"z":0.0},{"x":0.0,"y":0.0,"z":128.0},{"x":0.0,"y":0.0,"z":-128.0}],"positionsFlipped":[]},{"name":"36d80a7b","positions":[{"x":0.0,"y":0.0,"z":0.0},{"x":0.0,"y":0.0,"z":128.0},{"x":0.0,"y":0.0,"z":-128.0}],"positionsFlipped":[{"x":0.0,"y":0.0,"z":0.0},{"x":0.0,"y":0.0,"z":128.0},{"x":0.0,"y":0.0,"z":-128.0}]},{"name":"7ed5be9f","positions":[{"x":0.0,"y":0.0,"z":0.0},{"x":0.0,"y":0.0,"z":128.0},{"x":0.0,"y":0.0,"z":-128.0}],"positionsFlipped":[{"x":0.0,"y":0.0,"z":0.0},{"x":0.0,"y":0.0,"z":128.0},{"x":0.0,"y":0.0,"z":-128.0}]},{"name":"7573b347","positions":[{"x":0.0,"y":0.0,"z":0.0},{"x":0.0,"y":0.0,"z":128.0},{"x":0.0,"y":0.0,"z":-128.0}],"positionsFlipped":[]},{"name":"d3a5098","positions":[{"x":0.0,"y":0.0,"z":0.0},{"x":0.0,"y":0.0,"z":128.0},{"x":0.0,"y":0.0,"z":-128.0}],"positionsFlipped":[{"x":0.0,"y":0.0,"z":0.0},{"x":0.0,"y":0.0,"z":128.0},{"x":0.0,"y":0.0,"z":-128.0}]},{"name":"7a9ccca6","positions":[{"x":0.0,"y":0.0,"z":0.0},{"x":0.0,"y":0.0,"z":128.0},{"x":0.0,"y":0.0,"z":-128.0}],"positionsFlipped":[{"x":0.0,"y":0.0,"z":0.0},{"x":0.0,"y":0.0,"z":128.0},{"x":0.0,"y":0.0,"z":-128.0}]},{"name":"fe7f6220","positions":[{"x":0.0,"y":0.0,"z":0.0},{"x":0.0,"y":0.0,"z":128.0},{"x":0.0,"y":0.0,"z":-128.0}],"positionsFlipped":[{"x":0.0,"y":0.0,"z":0.0},{"x":0.0,"y":0.0,"z":128.0},{"x":0.0,"y":0.0,"z":-128.0}]},{"name":"a85887a3","positions":[{"x":0.0,"y":0.0,"z":0.0},{"x":0.0,"y":0.0,"z":128.0},{"x":0.0,"y":0.0,"z":-128.0}],"positionsFlipped":[{"x":0.0,"y":0.0,"z":0.0},{"x":0.0,"y":0.0,"z":128.0},{"x":0.0,"y":0.0,"z":-128.0}]},{"name":"67abf8cf","positions":[{"x":0.0,"y":0.0,"z":0.0},{"x":0.0,"y":0.0,"z":128.0},{"x":0.0,"y":0.0,"z":-128.0}],"positionsFlipped":[{"x":0.0,"y":0.0,"z":0.0},{"x":0.0,"y":0.0,"z":128.0},{"x":0.0,"y":0.0,"z":-128.0}]},{"name":"2c01f526","positions":[{"x":0.0,"y":0.0,"z":0.0},{"x":0.0,"y":0.0,"z":128.0},{"x":0.0,"y":0.0,"z":-128.0}],"positionsFlipped":[{"x":0.0,"y":0.0,"z":0.0},{"x":0.0,"y":0.0,"z":128.0},{"x":0.0,"y":0.0,"z":-128.0}]},{"name":"3b2cda51","positions":[{"x":0.0,"y":0.0,"z":-184.0}],"positionsFlipped":[]},{"name":"13260175","positions":[{"x":0.0,"y":0.0,"z":-184.0}],"positionsFlipped":[]},{"name":"b88f5eaf","positions":[{"x":0.0,"y":0.0,"z":-184.0}],"positionsFlipped":[]},{"name":"dc5ffd01","positions":[{"x":0.0,"y":0.0,"z":-184.0}],"positionsFlipped":[]},{"name":"3c602692","positions":[{"x":0.0,"y":0.0,"z":200.0}],"positionsFlipped":[]},{"name":"a8629c41","positions":[{"x":0.0,"y":0.0,"z":200.0}],"positionsFlipped":[]},{"name":"7e6641f1","positions":[{"x":0.0,"y":0.0,"z":200.0}],"positionsFlipped":[]},{"name":"f5973141","positions":[{"x":0.0,"y":0.0,"z":200.0}],"positionsFlipped":[]},{"name":"600e495a","positions":[{"x":0.0,"y":0.0,"z":200.0}],"positionsFlipped":[]},{"name":"2b6e89ca","positions":[{"x":0.0,"y":0.0,"z":200.0}],"positionsFlipped":[]},{"name":"346d728c","positions":[{"x":18.0,"y":0.0,"z":-44.0},{"x":12.0,"y":0.0,"z":-44.0},{"x":-18.0,"y":0.0,"z":-44.0},{"x":-12.0,"y":0.0,"z":-44.0},{"x":18.0,"y":0.0,"z":-76.0},{"x":12.0,"y":0.0,"z":-76.0},{"x":-18.0,"y":0.0,"z":-76.0},{"x":-12.0,"y":0.0,"z":-76.0},{"x":18.0,"y":0.0,"z":-108.0},{"x":12.0,"y":0.0,"z":-108.0},{"x":-18.0,"y":0.0,"z":-108.0},{"x":-12.0,"y":0.0,"z":-108.0},{"x":18.0,"y":0.0,"z":-172.0},{"x":12.0,"y":0.0,"z":-172.0},{"x":-18.0,"y":0.0,"z":-172.0},{"x":-12.0,"y":0.0,"z":-172.0},{"x":18.0,"y":0.0,"z":20.0},{"x":12.0,"y":0.0,"z":20.0},{"x":-18.0,"y":0.0,"z":20.0},{"x":-12.0,"y":0.0,"z":20.0},{"x":18.0,"y":0.0,"z":52.0},{"x":12.0,"y":0.0,"z":52.0},{"x":-18.0,"y":0.0,"z":52.0},{"x":-12.0,"y":0.0,"z":52.0},{"x":18.0,"y":0.0,"z":84.0},{"x":12.0,"y":0.0,"z":84.0},{"x":-18.0,"y":0.0,"z":84.0},{"x":-12.0,"y":0.0,"z":84.0},{"x":18.0,"y":0.0,"z":148.0},{"x":12.0,"y":0.0,"z":148.0},{"x":-18.0,"y":0.0,"z":148.0},{"x":-12.0,"y":0.0,"z":148.0}],"positionsFlipped":[{"x":18.0,"y":0.0,"z":44.0},{"x":12.0,"y":0.0,"z":44.0},{"x":-18.0,"y":0.0,"z":44.0},{"x":-12.0,"y":0.0,"z":44.0},{"x":18.0,"y":0.0,"z":76.0},{"x":12.0,"y":0.0,"z":76.0},{"x":-18.0,"y":0.0,"z":76.0},{"x":-12.0,"y":0.0,"z":76.0},{"x":18.0,"y":0.0,"z":108.0},{"x":12.0,"y":0.0,"z":108.0},{"x":-18.0,"y":0.0,"z":108.0},{"x":-12.0,"y":0.0,"z":108.0},{"x":18.0,"y":0.0,"z":172.0},{"x":12.0,"y":0.0,"z":172.0},{"x":-18.0,"y":0.0,"z":172.0},{"x":-12.0,"y":0.0,"z":172.0},{"x":18.0,"y":0.0,"z":-20.0},{"x":12.0,"y":0.0,"z":-20.0},{"x":-18.0,"y":0.0,"z":-20.0},{"x":-12.0,"y":0.0,"z":-20.0},{"x":18.0,"y":0.0,"z":-52.0},{"x":12.0,"y":0.0,"z":-52.0},{"x":-18.0,"y":0.0,"z":-52.0},{"x":-12.0,"y":0.0,"z":-52.0},{"x":18.0,"y":0.0,"z":-84.0},{"x":12.0,"y":0.0,"z":-84.0},{"x":-18.0,"y":0.0,"z":-84.0},{"x":-12.0,"y":0.0,"z":-84.0},{"x":18.0,"y":0.0,"z":-148.0},{"x":12.0,"y":0.0,"z":-148.0},{"x":-18.0,"y":0.0,"z":-148.0},{"x":-12.0,"y":0.0,"z":-148.0}]},{"name":"b7a16a82","positions":[{"x":18.0,"y":0.0,"z":-44.0},{"x":12.0,"y":0.0,"z":-44.0},{"x":-18.0,"y":0.0,"z":-44.0},{"x":-12.0,"y":0.0,"z":-44.0},{"x":18.0,"y":0.0,"z":-76.0},{"x":12.0,"y":0.0,"z":-76.0},{"x":-18.0,"y":0.0,"z":-76.0},{"x":-12.0,"y":0.0,"z":-76.0},{"x":18.0,"y":0.0,"z":-108.0},{"x":12.0,"y":0.0,"z":-108.0},{"x":-18.0,"y":0.0,"z":-108.0},{"x":-12.0,"y":0.0,"z":-108.0},{"x":18.0,"y":0.0,"z":-172.0},{"x":12.0,"y":0.0,"z":-172.0},{"x":-18.0,"y":0.0,"z":-172.0},{"x":-12.0,"y":0.0,"z":-172.0},{"x":18.0,"y":0.0,"z":20.0},{"x":12.0,"y":0.0,"z":20.0},{"x":-18.0,"y":0.0,"z":20.0},{"x":-12.0,"y":0.0,"z":20.0},{"x":18.0,"y":0.0,"z":52.0},{"x":12.0,"y":0.0,"z":52.0},{"x":-18.0,"y":0.0,"z":52.0},{"x":-12.0,"y":0.0,"z":52.0},{"x":18.0,"y":0.0,"z":84.0},{"x":12.0,"y":0.0,"z":84.0},{"x":-18.0,"y":0.0,"z":84.0},{"x":-12.0,"y":0.0,"z":84.0},{"x":18.0,"y":0.0,"z":148.0},{"x":12.0,"y":0.0,"z":148.0},{"x":-18.0,"y":0.0,"z":148.0},{"x":-12.0,"y":0.0,"z":148.0}],"positionsFlipped":[{"x":18.0,"y":0.0,"z":44.0},{"x":12.0,"y":0.0,"z":44.0},{"x":-18.0,"y":0.0,"z":44.0},{"x":-12.0,"y":0.0,"z":44.0},{"x":18.0,"y":0.0,"z":76.0},{"x":12.0,"y":0.0,"z":76.0},{"x":-18.0,"y":0.0,"z":76.0},{"x":-12.0,"y":0.0,"z":76.0},{"x":18.0,"y":0.0,"z":108.0},{"x":12.0,"y":0.0,"z":108.0},{"x":-18.0,"y":0.0,"z":108.0},{"x":-12.0,"y":0.0,"z":108.0},{"x":18.0,"y":0.0,"z":172.0},{"x":12.0,"y":0.0,"z":172.0},{"x":-18.0,"y":0.0,"z":172.0},{"x":-12.0,"y":0.0,"z":172.0},{"x":18.0,"y":0.0,"z":-20.0},{"x":12.0,"y":0.0,"z":-20.0},{"x":-18.0,"y":0.0,"z":-20.0},{"x":-12.0,"y":0.0,"z":-20.0},{"x":18.0,"y":0.0,"z":-52.0},{"x":12.0,"y":0.0,"z":-52.0},{"x":-18.0,"y":0.0,"z":-52.0},{"x":-12.0,"y":0.0,"z":-52.0},{"x":18.0,"y":0.0,"z":-84.0},{"x":12.0,"y":0.0,"z":-84.0},{"x":-18.0,"y":0.0,"z":-84.0},{"x":-12.0,"y":0.0,"z":-84.0},{"x":18.0,"y":0.0,"z":-148.0},{"x":12.0,"y":0.0,"z":-148.0},{"x":-18.0,"y":0.0,"z":-148.0},{"x":-12.0,"y":0.0,"z":-148.0}]},{"name":"eb6d464f","positions":[{"x":0.0,"y":0.0,"z":-120.0}],"positionsFlipped":[]},{"name":"1ac46603","positions":[{"x":0.0,"y":0.0,"z":32.0}],"positionsFlipped":[{"x":0.0,"y":0.0,"z":-32.0}]},{"name":"46861f0d","positions":[{"x":0.0,"y":0.0,"z":32.0}],"positionsFlipped":[{"x":0.0,"y":0.0,"z":-32.0}]}]}