{"positionDefinitions":[{"name":"82992b10","positions":[{"x":0.0,"y":0.0,"z":0.0},{"x":0.0,"y":0.0,"z":32.0},{"x":0.0,"y":0.0,"z":-32.0},{"x":0.0,"y":0.0,"z":64.0},{"x":0.0,"y":0.0,"z":-64.0},{"x":0.0,"y":0.0,"z":128.0},{"x":0.0,"y":0.0,"z":-128.0}],"positionsFlipped":[]},{"name":"453fb302","positions":[{"x":0.0,"y":0.0,"z":0.0},{"x":0.0,"y":0.0,"z":32.0},{"x":0.0,"y":0.0,"z":-32.0},{"x":0.0,"y":0.0,"z":64.0},{"x":0.0,"y":0.0,"z":-64.0},{"x":0.0,"y":0.0,"z":128.0},{"x":0.0,"y":0.0,"z":-128.0}],"positionsFlipped":[]},{"name":"a277cf84","positions":[{"x":0.0,"y":0.0,"z":0.0},{"x":0.0,"y":0.0,"z":32.0},{"x":0.0,"y":0.0,"z":-32.0},{"x":0.0,"y":0.0,"z":64.0},{"x":0.0,"y":0.0,"z":-64.0},{"x":0.0,"y":0.0,"z":128.0},{"x":0.0,"y":0.0,"z":-128.0}],"positionsFlipped":[]},{"name":"33c439f6","positions":[{"x":0.0,"y":0.0,"z":96.0},{"x":0.0,"y":0.0,"z":-96.0}],"positionsFlipped":[]},{"name":"f317ca8a","positions":[{"x":0.0,"y":0.0,"z":96.0},{"x":0.0,"y":0.0,"z":-96.0}],"positionsFlipped":[]},{"name":"e732a139","positions":[{"x":0.0,"y":0.0,"z":96.0},{"x":0.0,"y":0.0,"z":-96.0}],"positionsFlipped":[]},{"name":"9673d0b2","positions":[{"x":0.0,"y":0.0,"z":96.0},{"x":0.0,"y":0.0,"z":-96.0}],"positionsFlipped":[{"x":0.0,"y":0.0,"z":96.0},{"x":0.0,"y":0.0,"z":-96.0}]},{"name":"d966748d","positions":[{"x":0.0,"y":0.0,"z":96.0},{"x":0.0,"y":0.0,"z":-96.0}],"positionsFlipped":[{"x":0.0,"y":0.0,"z":96.0},{"x":0.0,"y":0.0,"z":-96.0}]},{"name":"86d51631","positions":[{"x":0.0,"y":0.0,"z":96.0},{"x":0.0,"y":0.0,"z":-96.0}],"positionsFlipped":[{"x":0.0,"y":0.0,"z":96.0},{"x":0.0,"y":0.0,"z":-96.0}]},{"name":"f7e47623","positions":[{"x":0.0,"y":0.0,"z":96.0},{"x":0.0,"y":0.0,"z":-96.0}],"positionsFlipped":[{"x":0.0,"y":0.0,"z":96.0},{"x":0.0,"y":0.0,"z":-96.0}]},{"name":"cee72fff","positions":[{"x":0.0,"y":0.0,"z":96.0},{"x":0.0,"y":0.0,"z":-96.0}],"positionsFlipped":[{"x":0.0,"y":0.0,"z":96.0},{"x":0.0,"y":0.0,"z":-96.0}]},{"name":"923d348f","positions":[{"x":0.0,"y":0.0,"z":0.0}],"positionsFlipped":[]},{"name":"55af478b","positions":[{"x":0.0,"y":0.0,"z":0.0}],"positionsFlipped":[{"x":0.0,"y":0.0,"z":0.0}]},{"name":"56fa7034","positions":[{"x":-0.25,"y":0.0,"z":0.0}],"positionsFlipped":[{"x":-0.25,"y":0.0,"z":0.0}]},{"name":"9d7e7dfd","positions":[{"x":-0.25,"y":0.0,"z":0.0}],"positionsFlipped":[{"x":-0.25,"y":0.0,"z":0.0}]},{"name":"69bf42ec","positions":[{"x":0.0,"y":0.0,"z":160.0}],"positionsFlipped":[{"x":0.0,"y":0.0,"z":-160.0}]},{"name":"f172c41f","positions":[{"x":0.0,"y":0.0,"z":160.0}],"positionsFlipped":[{"x":0.0,"y":0.0,"z":-160.0}]},{"name":"41d3ac1e","positions":[{"x":0.0,"y":0.0,"z":160.0}],"positionsFlipped":[{"x":0.0,"y":0.0,"z":-160.0}]},{"name":"6bcfbcd0","positions":[{"x":18.0,"y":0.0,"z":-12.0},{"x":12.0,"y":0.0,"z":-12.0},{"x":-18.0,"y":0.0,"z":-12.0},{"x":-12.0,"y":0.0,"z":-12.0},{"x":18.0,"y":0.0,"z":-44.0},{"x":12.0,"y":0.0,"z":-44.0},{"x":-18.0,"y":0.0,"z":-44.0},{"x":-12.0,"y":0.0,"z":-44.0},{"x":18.0,"y":0.0,"z":-76.0},{"x":12.0,"y":0.0,"z":-76.0},{"x":-18.0,"y":0.0,"z":-76.0},{"x":-12.0,"y":0.0,"z":-76.0},{"x":18.0,"y":0.0,"z":-140.0},{"x":12.0,"y":0.0,"z":-140.0},{"x":-18.0,"y":0.0,"z":-140.0},{"x":-12.0,"y":0.0,"z":-140.0},{"x":18.0,"y":0.0,"z":20.0},{"x":12.0,"y":0.0,"z":20.0},{"x":-18.0,"y":0.0,"z":20.0},{"x":-12.0,"y":0.0,"z":20.0},{"x":18.0,"y":0.0,"z":52.0},{"x":12.0,"y":0.0,"z":52.0},{"x":-18.0,"y":0.0,"z":52.0},{"x":-12.0,"y":0.0,"z":52.0},{"x":18.0,"y":0.0,"z":116.0},{"x":12.0,"y":0.0,"z":116.0},{"x":-18.0,"y":0.0,"z":116.0},{"x":-12.0,"y":0.0,"z":116.0},{"x":18.0,"y":0.0,"z":148.0},{"x":12.0,"y":0.0,"z":148.0},{"x":-18.0,"y":0.0,"z":148.0},{"x":-12.0,"y":0.0,"z":148.0}],"positionsFlipped":[{"x":18.0,"y":0.0,"z":12.0},{"x":12.0,"y":0.0,"z":12.0},{"x":-18.0,"y":0.0,"z":12.0},{"x":-12.0,"y":0.0,"z":12.0},{"x":18.0,"y":0.0,"z":44.0},{"x":12.0,"y":0.0,"z":44.0},{"x":-18.0,"y":0.0,"z":44.0},{"x":-12.0,"y":0.0,"z":44.0},{"x":18.0,"y":0.0,"z":76.0},{"x":12.0,"y":0.0,"z":76.0},{"x":-18.0,"y":0.0,"z":76.0},{"x":-12.0,"y":0.0,"z":76.0},{"x":18.0,"y":0.0,"z":140.0},{"x":12.0,"y":0.0,"z":140.0},{"x":-18.0,"y":0.0,"z":140.0},{"x":-12.0,"y":0.0,"z":140.0},{"x":18.0,"y":0.0,"z":-20.0},{"x":12.0,"y":0.0,"z":-20.0},{"x":-18.0,"y":0.0,"z":-20.0},{"x":-12.0,"y":0.0,"z":-20.0},{"x":18.0,"y":0.0,"z":-52.0},{"x":12.0,"y":0.0,"z":-52.0},{"x":-18.0,"y":0.0,"z":-52.0},{"x":-12.0,"y":0.0,"z":-52.0},{"x":18.0,"y":0.0,"z":-116.0},{"x":12.0,"y":0.0,"z":-116.0},{"x":-18.0,"y":0.0,"z":-116.0},{"x":-12.0,"y":0.0,"z":-116.0},{"x":18.0,"y":0.0,"z":-148.0},{"x":12.0,"y":0.0,"z":-148.0},{"x":-18.0,"y":0.0,"z":-148.0},{"x":-12.0,"y":0.0,"z":-148.0}]},{"name":"23b1be2f","positions":[{"x":18.0,"y":0.0,"z":-12.0},{"x":12.0,"y":0.0,"z":-12.0},{"x":-18.0,"y":0.0,"z":-12.0},{"x":-12.0,"y":0.0,"z":-12.0},{"x":18.0,"y":0.0,"z":-44.0},{"x":12.0,"y":0.0,"z":-44.0},{"x":-18.0,"y":0.0,"z":-44.0},{"x":-12.0,"y":0.0,"z":-44.0},{"x":18.0,"y":0.0,"z":-76.0},{"x":12.0,"y":0.0,"z":-76.0},{"x":-18.0,"y":0.0,"z":-76.0},{"x":-12.0,"y":0.0,"z":-76.0},{"x":18.0,"y":0.0,"z":-140.0},{"x":12.0,"y":0.0,"z":-140.0},{"x":-18.0,"y":0.0,"z":-140.0},{"x":-12.0,"y":0.0,"z":-140.0},{"x":18.0,"y":0.0,"z":20.0},{"x":12.0,"y":0.0,"z":20.0},{"x":-18.0,"y":0.0,"z":20.0},{"x":-12.0,"y":0.0,"z":20.0},{"x":18.0,"y":0.0,"z":52.0},{"x":12.0,"y":0.0,"z":52.0},{"x":-18.0,"y":0.0,"z":52.0},{"x":-12.0,"y":0.0,"z":52.0},{"x":18.0,"y":0.0,"z":116.0},{"x":12.0,"y":0.0,"z":116.0},{"x":-18.0,"y":0.0,"z":116.0},{"x":-12.0,"y":0.0,"z":116.0},{"x":18.0,"y":0.0,"z":148.0},{"x":12.0,"y":0.0,"z":148.0},{"x":-18.0,"y":0.0,"z":148.0},{"x":-12.0,"y":0.0,"z":148.0}],"positionsFlipped":[{"x":18.0,"y":0.0,"z":12.0},{"x":12.0,"y":0.0,"z":12.0},{"x":-18.0,"y":0.0,"z":12.0},{"x":-12.0,"y":0.0,"z":12.0},{"x":18.0,"y":0.0,"z":44.0},{"x":12.0,"y":0.0,"z":44.0},{"x":-18.0,"y":0.0,"z":44.0},{"x":-12.0,"y":0.0,"z":44.0},{"x":18.0,"y":0.0,"z":76.0},{"x":12.0,"y":0.0,"z":76.0},{"x":-18.0,"y":0.0,"z":76.0},{"x":-12.0,"y":0.0,"z":76.0},{"x":18.0,"y":0.0,"z":140.0},{"x":12.0,"y":0.0,"z":140.0},{"x":-18.0,"y":0.0,"z":140.0},{"x":-12.0,"y":0.0,"z":140.0},{"x":18.0,"y":0.0,"z":-20.0},{"x":12.0,"y":0.0,"z":-20.0},{"x":-18.0,"y":0.0,"z":-20.0},{"x":-12.0,"y":0.0,"z":-20.0},{"x":18.0,"y":0.0,"z":-52.0},{"x":12.0,"y":0.0,"z":-52.0},{"x":-18.0,"y":0.0,"z":-52.0},{"x":-12.0,"y":0.0,"z":-52.0},{"x":18.0,"y":0.0,"z":-116.0},{"x":12.0,"y":0.0,"z":-116.0},{"x":-18.0,"y":0.0,"z":-116.0},{"x":-12.0,"y":0.0,"z":-116.0},{"x":18.0,"y":0.0,"z":-148.0},{"x":12.0,"y":0.0,"z":-148.0},{"x":-18.0,"y":0.0,"z":-148.0},{"x":-12.0,"y":0.0,"z":-148.0}]},{"name":"24aec1","positions":[{"x":0.0,"y":0.0,"z":0.0},{"x":0.0,"y":0.0,"z":32.0},{"x":0.0,"y":0.0,"z":-32.0},{"x":0.0,"y":0.0,"z":64.0},{"x":0.0,"y":0.0,"z":-64.0},{"x":0.0,"y":0.0,"z":96.0},{"x":0.0,"y":0.0,"z":-96.0},{"x":0.0,"y":0.0,"z":128.0},{"x":0.0,"y":0.0,"z":-128.0},{"x":0.0,"y":0.0,"z":160.0},{"x":0.0,"y":0.0,"z":-160.0}],"positionsFlipped":[]}]}