{"positionDefinitions":[{"name":"8912118e","positions":[{"x":0.0,"y":0.0,"z":16.0},{"x":0.0,"y":0.0,"z":-16.0},{"x":0.0,"y":0.0,"z":48.0},{"x":0.0,"y":0.0,"z":112.0},{"x":0.0,"y":0.0,"z":-112.0},{"x":0.0,"y":0.0,"z":144.0},{"x":0.0,"y":0.0,"z":-144.0}],"positionsFlipped":[{"x":0.0,"y":0.0,"z":16.0},{"x":0.0,"y":0.0,"z":-16.0},{"x":0.0,"y":0.0,"z":-48.0},{"x":0.0,"y":0.0,"z":112.0},{"x":0.0,"y":0.0,"z":-112.0},{"x":0.0,"y":0.0,"z":144.0},{"x":0.0,"y":0.0,"z":-144.0}]},{"name":"8659787","positions":[{"x":0.0,"y":0.0,"z":16.0},{"x":0.0,"y":0.0,"z":-16.0},{"x":0.0,"y":0.0,"z":48.0},{"x":0.0,"y":0.0,"z":112.0},{"x":0.0,"y":0.0,"z":-112.0},{"x":0.0,"y":0.0,"z":144.0},{"x":0.0,"y":0.0,"z":-144.0}],"positionsFlipped":[{"x":0.0,"y":0.0,"z":16.0},{"x":0.0,"y":0.0,"z":-16.0},{"x":0.0,"y":0.0,"z":-48.0},{"x":0.0,"y":0.0,"z":112.0},{"x":0.0,"y":0.0,"z":-112.0},{"x":0.0,"y":0.0,"z":144.0},{"x":0.0,"y":0.0,"z":-144.0}]},{"name":"a63c055a","positions":[{"x":0.0,"y":0.0,"z":16.0},{"x":0.0,"y":0.0,"z":-16.0},{"x":0.0,"y":0.0,"z":48.0},{"x":0.0,"y":0.0,"z":-48.0},{"x":0.0,"y":0.0,"z":112.0},{"x":0.0,"y":0.0,"z":-112.0},{"x":0.0,"y":0.0,"z":144.0},{"x":0.0,"y":0.0,"z":-144.0}],"positionsFlipped":[{"x":0.0,"y":0.0,"z":16.0},{"x":0.0,"y":0.0,"z":-16.0},{"x":0.0,"y":0.0,"z":48.0},{"x":0.0,"y":0.0,"z":-48.0},{"x":0.0,"y":0.0,"z":112.0},{"x":0.0,"y":0.0,"z":-112.0},{"x":0.0,"y":0.0,"z":144.0},{"x":0.0,"y":0.0,"z":-144.0}]},{"name":"19bc39a8","positions":[{"x":0.0,"y":0.0,"z":16.0},{"x":0.0,"y":0.0,"z":-16.0},{"x":0.0,"y":0.0,"z":48.0},{"x":0.0,"y":0.0,"z":-48.0},{"x":0.0,"y":0.0,"z":80.0},{"x":0.0,"y":0.0,"z":-80.0},{"x":0.0,"y":0.0,"z":112.0},{"x":0.0,"y":0.0,"z":-112.0},{"x":0.0,"y":0.0,"z":144.0},{"x":0.0,"y":0.0,"z":-144.0}],"positionsFlipped":[{"x":0.0,"y":0.0,"z":16.0},{"x":0.0,"y":0.0,"z":-16.0},{"x":0.0,"y":0.0,"z":48.0},{"x":0.0,"y":0.0,"z":-48.0},{"x":0.0,"y":0.0,"z":80.0},{"x":0.0,"y":0.0,"z":-80.0},{"x":0.0,"y":0.0,"z":112.0},{"x":0.0,"y":0.0,"z":-112.0},{"x":0.0,"y":0.0,"z":144.0},{"x":0.0,"y":0.0,"z":-144.0}]},{"name":"a1969b24","positions":[{"x":0.0,"y":0.0,"z":-48.0}],"positionsFlipped":[{"x":0.0,"y":0.0,"z":48.0}]},{"name":"155d2bdd","positions":[{"x":0.0,"y":0.0,"z":-48.0}],"positionsFlipped":[{"x":0.0,"y":0.0,"z":48.0}]},{"name":"ac357f88","positions":[{"x":0.0,"y":0.0,"z":-48.0}],"positionsFlipped":[{"x":0.0,"y":0.0,"z":48.0}]},{"name":"9d04c9e4","positions":[{"x":0.0,"y":0.0,"z":80.0},{"x":0.0,"y":0.0,"z":-80.0}],"positionsFlipped":[{"x":0.0,"y":0.0,"z":80.0},{"x":0.0,"y":0.0,"z":-80.0}]},{"name":"a5401ab3","positions":[{"x":0.0,"y":0.0,"z":80.0},{"x":0.0,"y":0.0,"z":-80.0}],"positionsFlipped":[{"x":0.0,"y":0.0,"z":80.0},{"x":0.0,"y":0.0,"z":-80.0}]},{"name":"3dc93e00","positions":[{"x":0.0,"y":0.0,"z":80.0},{"x":0.0,"y":0.0,"z":-80.0}],"positionsFlipped":[{"x":0.0,"y":0.0,"z":80.0},{"x":0.0,"y":0.0,"z":-80.0}]},{"name":"612737db","positions":[{"x":0.0,"y":0.0,"z":80.0},{"x":0.0,"y":0.0,"z":-80.0}],"positionsFlipped":[{"x":0.0,"y":0.0,"z":80.0},{"x":0.0,"y":0.0,"z":-80.0}]},{"name":"6fa1f863","positions":[{"x":0.0,"y":0.0,"z":80.0},{"x":0.0,"y":0.0,"z":-80.0}],"positionsFlipped":[{"x":0.0,"y":0.0,"z":80.0},{"x":0.0,"y":0.0,"z":-80.0}]},{"name":"11f0185a","positions":[{"x":0.0,"y":0.0,"z":80.0},{"x":0.0,"y":0.0,"z":-80.0}],"positionsFlipped":[{"x":0.0,"y":0.0,"z":80.0},{"x":0.0,"y":0.0,"z":-80.0}]},{"name":"6b9b08cc","positions":[{"x":0.0,"y":0.0,"z":80.0},{"x":0.0,"y":0.0,"z":-80.0}],"positionsFlipped":[{"x":0.0,"y":0.0,"z":80.0},{"x":0.0,"y":0.0,"z":-80.0}]},{"name":"c0893984","positions":[{"x":0.0,"y":0.0,"z":80.0},{"x":0.0,"y":0.0,"z":-80.0}],"positionsFlipped":[{"x":0.0,"y":0.0,"z":80.0},{"x":0.0,"y":0.0,"z":-80.0}]},{"name":"da78fa29","positions":[{"x":0.0,"y":0.0,"z":80.0},{"x":0.0,"y":0.0,"z":-80.0}],"positionsFlipped":[{"x":0.0,"y":0.0,"z":80.0},{"x":0.0,"y":0.0,"z":-80.0}]},{"name":"669758e8","positions":[{"x":0.0,"y":0.0,"z":0.0}],"positionsFlipped":[]},{"name":"a048b451","positions":[{"x":0.0,"y":0.0,"z":0.0}],"positionsFlipped":[{"x":0.0,"y":0.0,"z":0.0}]},{"name":"b77d6b54","positions":[{"x":17.0,"y":0.0,"z":-28.0},{"x":11.0,"y":0.0,"z":-28.0},{"x":-17.0,"y":0.0,"z":-28.0},{"x":-11.0,"y":0.0,"z":-28.0},{"x":17.0,"y":0.0,"z":-60.0},{"x":11.0,"y":0.0,"z":-60.0},{"x":-17.0,"y":0.0,"z":-60.0},{"x":-11.0,"y":0.0,"z":-60.0},{"x":17.0,"y":0.0,"z":-124.0},{"x":11.0,"y":0.0,"z":-124.0},{"x":-17.0,"y":0.0,"z":-124.0},{"x":-11.0,"y":0.0,"z":-124.0},{"x":17.0,"y":0.0,"z":-156.0},{"x":11.0,"y":0.0,"z":-156.0},{"x":-17.0,"y":0.0,"z":-156.0},{"x":-11.0,"y":0.0,"z":-156.0},{"x":17.0,"y":0.0,"z":4.0},{"x":11.0,"y":0.0,"z":4.0},{"x":-17.0,"y":0.0,"z":4.0},{"x":-11.0,"y":0.0,"z":4.0},{"x":17.0,"y":0.0,"z":36.0},{"x":11.0,"y":0.0,"z":36.0},{"x":-17.0,"y":0.0,"z":36.0},{"x":-11.0,"y":0.0,"z":36.0},{"x":17.0,"y":0.0,"z":100.0},{"x":11.0,"y":0.0,"z":100.0},{"x":-17.0,"y":0.0,"z":100.0},{"x":-11.0,"y":0.0,"z":100.0},{"x":17.0,"y":0.0,"z":132.0},{"x":11.0,"y":0.0,"z":132.0},{"x":-17.0,"y":0.0,"z":132.0},{"x":-11.0,"y":0.0,"z":132.0}],"positionsFlipped":[{"x":17.0,"y":0.0,"z":28.0},{"x":11.0,"y":0.0,"z":28.0},{"x":-17.0,"y":0.0,"z":28.0},{"x":-11.0,"y":0.0,"z":28.0},{"x":17.0,"y":0.0,"z":60.0},{"x":11.0,"y":0.0,"z":60.0},{"x":-17.0,"y":0.0,"z":60.0},{"x":-11.0,"y":0.0,"z":60.0},{"x":17.0,"y":0.0,"z":124.0},{"x":11.0,"y":0.0,"z":124.0},{"x":-17.0,"y":0.0,"z":124.0},{"x":-11.0,"y":0.0,"z":124.0},{"x":17.0,"y":0.0,"z":156.0},{"x":11.0,"y":0.0,"z":156.0},{"x":-17.0,"y":0.0,"z":156.0},{"x":-11.0,"y":0.0,"z":156.0},{"x":17.0,"y":0.0,"z":-4.0},{"x":11.0,"y":0.0,"z":-4.0},{"x":-17.0,"y":0.0,"z":-4.0},{"x":-11.0,"y":0.0,"z":-4.0},{"x":17.0,"y":0.0,"z":-36.0},{"x":11.0,"y":0.0,"z":-36.0},{"x":-17.0,"y":0.0,"z":-36.0},{"x":-11.0,"y":0.0,"z":-36.0},{"x":17.0,"y":0.0,"z":-100.0},{"x":11.0,"y":0.0,"z":-100.0},{"x":-17.0,"y":0.0,"z":-100.0},{"x":-11.0,"y":0.0,"z":-100.0},{"x":17.0,"y":0.0,"z":-132.0},{"x":11.0,"y":0.0,"z":-132.0},{"x":-17.0,"y":0.0,"z":-132.0},{"x":-11.0,"y":0.0,"z":-132.0}]},{"name":"11fa0531","positions":[{"x":17.0,"y":0.0,"z":-28.0},{"x":11.0,"y":0.0,"z":-28.0},{"x":-17.0,"y":0.0,"z":-28.0},{"x":-11.0,"y":0.0,"z":-28.0},{"x":17.0,"y":0.0,"z":-60.0},{"x":11.0,"y":0.0,"z":-60.0},{"x":-17.0,"y":0.0,"z":-60.0},{"x":-11.0,"y":0.0,"z":-60.0},{"x":17.0,"y":0.0,"z":-124.0},{"x":11.0,"y":0.0,"z":-124.0},{"x":-17.0,"y":0.0,"z":-124.0},{"x":-11.0,"y":0.0,"z":-124.0},{"x":17.0,"y":0.0,"z":-156.0},{"x":11.0,"y":0.0,"z":-156.0},{"x":-17.0,"y":0.0,"z":-156.0},{"x":-11.0,"y":0.0,"z":-156.0},{"x":17.0,"y":0.0,"z":4.0},{"x":11.0,"y":0.0,"z":4.0},{"x":-17.0,"y":0.0,"z":4.0},{"x":-11.0,"y":0.0,"z":4.0},{"x":17.0,"y":0.0,"z":36.0},{"x":11.0,"y":0.0,"z":36.0},{"x":-17.0,"y":0.0,"z":36.0},{"x":-11.0,"y":0.0,"z":36.0},{"x":17.0,"y":0.0,"z":100.0},{"x":11.0,"y":0.0,"z":100.0},{"x":-17.0,"y":0.0,"z":100.0},{"x":-11.0,"y":0.0,"z":100.0},{"x":17.0,"y":0.0,"z":132.0},{"x":11.0,"y":0.0,"z":132.0},{"x":-17.0,"y":0.0,"z":132.0},{"x":-11.0,"y":0.0,"z":132.0}],"positionsFlipped":[{"x":17.0,"y":0.0,"z":28.0},{"x":11.0,"y":0.0,"z":28.0},{"x":-17.0,"y":0.0,"z":28.0},{"x":-11.0,"y":0.0,"z":28.0},{"x":17.0,"y":0.0,"z":60.0},{"x":11.0,"y":0.0,"z":60.0},{"x":-17.0,"y":0.0,"z":60.0},{"x":-11.0,"y":0.0,"z":60.0},{"x":17.0,"y":0.0,"z":124.0},{"x":11.0,"y":0.0,"z":124.0},{"x":-17.0,"y":0.0,"z":124.0},{"x":-11.0,"y":0.0,"z":124.0},{"x":17.0,"y":0.0,"z":156.0},{"x":11.0,"y":0.0,"z":156.0},{"x":-17.0,"y":0.0,"z":156.0},{"x":-11.0,"y":0.0,"z":156.0},{"x":17.0,"y":0.0,"z":-4.0},{"x":11.0,"y":0.0,"z":-4.0},{"x":-17.0,"y":0.0,"z":-4.0},{"x":-11.0,"y":0.0,"z":-4.0},{"x":17.0,"y":0.0,"z":-36.0},{"x":11.0,"y":0.0,"z":-36.0},{"x":-17.0,"y":0.0,"z":-36.0},{"x":-11.0,"y":0.0,"z":-36.0},{"x":17.0,"y":0.0,"z":-100.0},{"x":11.0,"y":0.0,"z":-100.0},{"x":-17.0,"y":0.0,"z":-100.0},{"x":-11.0,"y":0.0,"z":-100.0},{"x":17.0,"y":0.0,"z":-132.0},{"x":11.0,"y":0.0,"z":-132.0},{"x":-17.0,"y":0.0,"z":-132.0},{"x":-11.0,"y":0.0,"z":-132.0}]},{"name":"a69cb374","positions":[{"x":0.0,"y":0.0,"z":-184.0}],"positionsFlipped":[]},{"name":"5ea8beb8","positions":[{"x":0.0,"y":0.0,"z":-184.0}],"positionsFlipped":[]},{"name":"61b6337b","positions":[{"x":0.0,"y":0.0,"z":-184.0}],"positionsFlipped":[]},{"name":"c0581356","positions":[{"x":0.0,"y":0.0,"z":168.0}],"positionsFlipped":[]},{"name":"daf4cd20","positions":[{"x":0.0,"y":0.0,"z":168.0}],"positionsFlipped":[]},{"name":"103049b0","positions":[{"x":0.0,"y":0.0,"z":168.0}],"positionsFlipped":[]},{"name":"87846bc2","positions":[{"x":0.0,"y":0.0,"z":200.0}],"positionsFlipped":[]},{"name":"606b41a8","positions":[{"x":0.0,"y":0.0,"z":168.0}],"positionsFlipped":[]},{"name":"334ea34e","positions":[{"x":0.0,"y":0.0,"z":168.0}],"positionsFlipped":[]},{"name":"58858f8d","positions":[{"x":0.0,"y":0.0,"z":168.0}],"positionsFlipped":[]},{"name":"b9b54c81","positions":[{"x":0.0,"y":0.0,"z":168.0}],"positionsFlipped":[]},{"name":"8777d50f","positions":[{"x":0.0,"y":0.0,"z":168.0}],"positionsFlipped":[]}]}