{"positionDefinitions":[{"name":"a4083c36","positions":[{"x":0.0,"y":0.0,"z":16.0},{"x":0.0,"y":0.0,"z":-16.0},{"x":0.0,"y":0.0,"z":80.0},{"x":0.0,"y":0.0,"z":-80.0}],"positionsFlipped":[]},{"name":"49b352c9","positions":[{"x":0.0,"y":0.0,"z":16.0},{"x":0.0,"y":0.0,"z":-16.0},{"x":0.0,"y":0.0,"z":80.0},{"x":0.0,"y":0.0,"z":-80.0}],"positionsFlipped":[]},{"name":"2472e2f3","positions":[{"x":0.0,"y":0.0,"z":16.0},{"x":0.0,"y":0.0,"z":-16.0},{"x":0.0,"y":0.0,"z":80.0},{"x":0.0,"y":0.0,"z":-80.0}],"positionsFlipped":[]},{"name":"5a61621f","positions":[{"x":0.0,"y":0.0,"z":48.0},{"x":0.0,"y":0.0,"z":-48.0}],"positionsFlipped":[]},{"name":"8b0c2fe","positions":[{"x":0.0,"y":0.0,"z":48.0},{"x":0.0,"y":0.0,"z":-48.0}],"positionsFlipped":[]},{"name":"bfec9311","positions":[{"x":0.0,"y":0.0,"z":48.0},{"x":0.0,"y":0.0,"z":-48.0}],"positionsFlipped":[]},{"name":"d43b9217","positions":[{"x":0.0,"y":0.0,"z":48.0},{"x":0.0,"y":0.0,"z":-48.0}],"positionsFlipped":[{"x":0.0,"y":0.0,"z":48.0},{"x":0.0,"y":0.0,"z":-48.0}]},{"name":"efcc69ee","positions":[{"x":0.0,"y":0.0,"z":48.0},{"x":0.0,"y":0.0,"z":-48.0}],"positionsFlipped":[{"x":0.0,"y":0.0,"z":48.0},{"x":0.0,"y":0.0,"z":-48.0}]},{"name":"bbb666e8","positions":[{"x":0.0,"y":0.0,"z":48.0},{"x":0.0,"y":0.0,"z":-48.0}],"positionsFlipped":[{"x":0.0,"y":0.0,"z":48.0},{"x":0.0,"y":0.0,"z":-48.0}]},{"name":"47c2cbf8","positions":[{"x":0.0,"y":0.0,"z":48.0},{"x":0.0,"y":0.0,"z":-48.0}],"positionsFlipped":[{"x":0.0,"y":0.0,"z":48.0},{"x":0.0,"y":0.0,"z":-48.0}]},{"name":"70829619","positions":[{"x":0.0,"y":0.0,"z":48.0},{"x":0.0,"y":0.0,"z":-48.0}],"positionsFlipped":[{"x":0.0,"y":0.0,"z":48.0},{"x":0.0,"y":0.0,"z":-48.0}]},{"name":"c4681408","positions":[{"x":0.0,"y":0.0,"z":48.0},{"x":0.0,"y":0.0,"z":-48.0},{"x":0.0,"y":0.0,"z":16.0},{"x":0.0,"y":0.0,"z":-16.0},{"x":0.0,"y":0.0,"z":80.0},{"x":0.0,"y":0.0,"z":-80.0},{"x":0.0,"y":0.0,"z":112.0}],"positionsFlipped":[]},{"name":"d47f663","positions":[{"x":0.0,"y":0.0,"z":112.0}],"positionsFlipped":[]},{"name":"6c176a8c","positions":[{"x":0.0,"y":0.0,"z":112.0}],"positionsFlipped":[]},{"name":"3280c19d","positions":[{"x":0.0,"y":0.0,"z":112.0}],"positionsFlipped":[]},{"name":"7e2478c","positions":[{"x":0.0,"y":0.0,"z":112.0}],"positionsFlipped":[]},{"name":"a099ceca","positions":[{"x":18.0,"y":0.0,"z":-4.0},{"x":12.0,"y":0.0,"z":-4.0},{"x":6.0,"y":0.0,"z":-4.0},{"x":-18.0,"y":0.0,"z":-4.0},{"x":-12.0,"y":0.0,"z":-4.0},{"x":18.0,"y":0.0,"z":-68.0},{"x":12.0,"y":0.0,"z":-68.0},{"x":6.0,"y":0.0,"z":-68.0},{"x":-18.0,"y":0.0,"z":-68.0},{"x":-12.0,"y":0.0,"z":-68.0},{"x":18.0,"y":0.0,"z":28.0},{"x":12.0,"y":0.0,"z":28.0},{"x":6.0,"y":0.0,"z":28.0},{"x":-18.0,"y":0.0,"z":28.0},{"x":-12.0,"y":0.0,"z":28.0},{"x":18.0,"y":0.0,"z":92.0},{"x":12.0,"y":0.0,"z":92.0},{"x":6.0,"y":0.0,"z":92.0},{"x":-18.0,"y":0.0,"z":92.0},{"x":-12.0,"y":0.0,"z":92.0},{"x":18.0,"y":0.0,"z":120.0},{"x":12.0,"y":0.0,"z":120.0},{"x":6.0,"y":0.0,"z":120.0},{"x":-18.0,"y":0.0,"z":120.0},{"x":-12.0,"y":0.0,"z":120.0}],"positionsFlipped":[{"x":18.0,"y":0.0,"z":4.0},{"x":12.0,"y":0.0,"z":4.0},{"x":-6.0,"y":0.0,"z":4.0},{"x":-18.0,"y":0.0,"z":4.0},{"x":-12.0,"y":0.0,"z":4.0},{"x":18.0,"y":0.0,"z":68.0},{"x":12.0,"y":0.0,"z":68.0},{"x":-6.0,"y":0.0,"z":68.0},{"x":-18.0,"y":0.0,"z":68.0},{"x":-12.0,"y":0.0,"z":68.0},{"x":18.0,"y":0.0,"z":97.0},{"x":12.0,"y":0.0,"z":97.0},{"x":-6.0,"y":0.0,"z":97.0},{"x":-18.0,"y":0.0,"z":97.0},{"x":-12.0,"y":0.0,"z":97.0},{"x":18.0,"y":0.0,"z":-28.0},{"x":12.0,"y":0.0,"z":-28.0},{"x":-6.0,"y":0.0,"z":-28.0},{"x":-18.0,"y":0.0,"z":-28.0},{"x":-12.0,"y":0.0,"z":-28.0},{"x":18.0,"y":0.0,"z":-92.0},{"x":12.0,"y":0.0,"z":-92.0},{"x":-6.0,"y":0.0,"z":-92.0},{"x":-18.0,"y":0.0,"z":-92.0},{"x":-12.0,"y":0.0,"z":-92.0}]},{"name":"2a351908","positions":[{"x":18.0,"y":0.0,"z":-4.0},{"x":12.0,"y":0.0,"z":-4.0},{"x":6.0,"y":0.0,"z":-4.0},{"x":-18.0,"y":0.0,"z":-4.0},{"x":-12.0,"y":0.0,"z":-4.0},{"x":18.0,"y":0.0,"z":-68.0},{"x":12.0,"y":0.0,"z":-68.0},{"x":6.0,"y":0.0,"z":-68.0},{"x":-18.0,"y":0.0,"z":-68.0},{"x":-12.0,"y":0.0,"z":-68.0},{"x":18.0,"y":0.0,"z":28.0},{"x":12.0,"y":0.0,"z":28.0},{"x":6.0,"y":0.0,"z":28.0},{"x":-18.0,"y":0.0,"z":28.0},{"x":-12.0,"y":0.0,"z":28.0},{"x":18.0,"y":0.0,"z":92.0},{"x":12.0,"y":0.0,"z":92.0},{"x":6.0,"y":0.0,"z":92.0},{"x":-18.0,"y":0.0,"z":92.0},{"x":-12.0,"y":0.0,"z":92.0},{"x":18.0,"y":0.0,"z":120.0},{"x":12.0,"y":0.0,"z":120.0},{"x":6.0,"y":0.0,"z":120.0},{"x":-18.0,"y":0.0,"z":120.0},{"x":-12.0,"y":0.0,"z":120.0}],"positionsFlipped":[{"x":18.0,"y":0.0,"z":4.0},{"x":12.0,"y":0.0,"z":4.0},{"x":-6.0,"y":0.0,"z":4.0},{"x":-18.0,"y":0.0,"z":4.0},{"x":-12.0,"y":0.0,"z":4.0},{"x":18.0,"y":0.0,"z":68.0},{"x":12.0,"y":0.0,"z":68.0},{"x":-6.0,"y":0.0,"z":68.0},{"x":-18.0,"y":0.0,"z":68.0},{"x":-12.0,"y":0.0,"z":68.0},{"x":18.0,"y":0.0,"z":97.0},{"x":12.0,"y":0.0,"z":97.0},{"x":-6.0,"y":0.0,"z":97.0},{"x":-18.0,"y":0.0,"z":97.0},{"x":-12.0,"y":0.0,"z":97.0},{"x":18.0,"y":0.0,"z":-28.0},{"x":12.0,"y":0.0,"z":-28.0},{"x":-6.0,"y":0.0,"z":-28.0},{"x":-18.0,"y":0.0,"z":-28.0},{"x":-12.0,"y":0.0,"z":-28.0},{"x":18.0,"y":0.0,"z":-92.0},{"x":12.0,"y":0.0,"z":-92.0},{"x":-6.0,"y":0.0,"z":-92.0},{"x":-18.0,"y":0.0,"z":-92.0},{"x":-12.0,"y":0.0,"z":-92.0}]},{"name":"ce9029e9","positions":[{"x":0.0,"y":0.0,"z":-120.0}],"positionsFlipped":[]},{"name":"d0d34279","positions":[{"x":0.0,"y":0.0,"z":-120.0}],"positionsFlipped":[]},{"name":"2ee52475","positions":[{"x":0.0,"y":0.0,"z":-120.0}],"positionsFlipped":[]},{"name":"cb8a3d76","positions":[{"x":0.0,"y":0.0,"z":-120.0}],"positionsFlipped":[]},{"name":"c25edade","positions":[{"x":0.0,"y":0.0,"z":-120.0}],"positionsFlipped":[]},{"name":"26c2ceb","positions":[{"x":0.0,"y":0.0,"z":-120.0}],"positionsFlipped":[]},{"name":"9637718c","positions":[{"x":0.0,"y":0.0,"z":-122.0}],"positionsFlipped":[]}]}