{"positionDefinitions":[{"name":"f457e8ef","positions":[{"x":0.0,"y":0.0,"z":0.0},{"x":0.0,"y":0.0,"z":32.0},{"x":0.0,"y":0.0,"z":-32.0},{"x":0.0,"y":0.0,"z":64.0},{"x":0.0,"y":0.0,"z":-64.0},{"x":0.0,"y":0.0,"z":128.0},{"x":0.0,"y":0.0,"z":-128.0}],"positionsFlipped":[]},{"name":"578e3a6e","positions":[{"x":0.0,"y":0.0,"z":0.0},{"x":0.0,"y":0.0,"z":32.0},{"x":0.0,"y":0.0,"z":-32.0},{"x":0.0,"y":0.0,"z":64.0},{"x":0.0,"y":0.0,"z":-64.0},{"x":0.0,"y":0.0,"z":128.0},{"x":0.0,"y":0.0,"z":-128.0}],"positionsFlipped":[]},{"name":"fab4f8ec","positions":[{"x":0.0,"y":0.0,"z":0.0},{"x":0.0,"y":0.0,"z":32.0},{"x":0.0,"y":0.0,"z":-32.0},{"x":0.0,"y":0.0,"z":64.0},{"x":0.0,"y":0.0,"z":-64.0},{"x":0.0,"y":0.0,"z":128.0},{"x":0.0,"y":0.0,"z":-128.0}],"positionsFlipped":[]},{"name":"e734a1c","positions":[{"x":0.0,"y":0.0,"z":96.0},{"x":0.0,"y":0.0,"z":-96.0}],"positionsFlipped":[]},{"name":"b752a33b","positions":[{"x":0.0,"y":0.0,"z":96.0},{"x":0.0,"y":0.0,"z":-96.0}],"positionsFlipped":[]},{"name":"247513d5","positions":[{"x":0.0,"y":0.0,"z":96.0},{"x":0.0,"y":0.0,"z":-96.0}],"positionsFlipped":[]},{"name":"e085dca3","positions":[{"x":0.0,"y":0.0,"z":96.0},{"x":0.0,"y":0.0,"z":-96.0}],"positionsFlipped":[{"x":0.0,"y":0.0,"z":96.0},{"x":0.0,"y":0.0,"z":-96.0}]},{"name":"4323433f","positions":[{"x":0.0,"y":0.0,"z":96.0},{"x":0.0,"y":0.0,"z":-96.0}],"positionsFlipped":[{"x":0.0,"y":0.0,"z":96.0},{"x":0.0,"y":0.0,"z":-96.0}]},{"name":"8c1c0969","positions":[{"x":0.0,"y":0.0,"z":96.0},{"x":0.0,"y":0.0,"z":-96.0}],"positionsFlipped":[{"x":0.0,"y":0.0,"z":96.0},{"x":0.0,"y":0.0,"z":-96.0}]},{"name":"6d9ee236","positions":[{"x":0.0,"y":0.0,"z":96.0},{"x":0.0,"y":0.0,"z":-96.0}],"positionsFlipped":[{"x":0.0,"y":0.0,"z":96.0},{"x":0.0,"y":0.0,"z":-96.0}]},{"name":"6b79080d","positions":[{"x":0.0,"y":0.0,"z":96.0},{"x":0.0,"y":0.0,"z":-96.0}],"positionsFlipped":[{"x":0.0,"y":0.0,"z":96.0},{"x":0.0,"y":0.0,"z":-96.0}]},{"name":"4b53843d","positions":[{"x":0.0,"y":0.0,"z":0.0}],"positionsFlipped":[]},{"name":"6286cefe","positions":[{"x":0.0,"y":0.0,"z":0.0}],"positionsFlipped":[{"x":0.0,"y":0.0,"z":0.0}]},{"name":"b6bd90f6","positions":[{"x":-0.25,"y":0.0,"z":0.0}],"positionsFlipped":[{"x":-0.25,"y":0.0,"z":0.0}]},{"name":"87348acc","positions":[{"x":-0.25,"y":0.0,"z":0.0}],"positionsFlipped":[{"x":-0.25,"y":0.0,"z":0.0}]},{"name":"d1d66099","positions":[{"x":0.0,"y":0.0,"z":160.0}],"positionsFlipped":[]},{"name":"e4b5e764","positions":[{"x":0.0,"y":0.0,"z":160.0}],"positionsFlipped":[]},{"name":"aa21a1ea","positions":[{"x":0.0,"y":0.0,"z":160.0}],"positionsFlipped":[]},{"name":"1e548e4c","positions":[{"x":18.0,"y":0.0,"z":-12.0},{"x":12.0,"y":0.0,"z":-12.0},{"x":-18.0,"y":0.0,"z":-12.0},{"x":-12.0,"y":0.0,"z":-12.0},{"x":18.0,"y":0.0,"z":-44.0},{"x":12.0,"y":0.0,"z":-44.0},{"x":-18.0,"y":0.0,"z":-44.0},{"x":-12.0,"y":0.0,"z":-44.0},{"x":18.0,"y":0.0,"z":-76.0},{"x":12.0,"y":0.0,"z":-76.0},{"x":-18.0,"y":0.0,"z":-76.0},{"x":-12.0,"y":0.0,"z":-76.0},{"x":18.0,"y":0.0,"z":-140.0},{"x":12.0,"y":0.0,"z":-140.0},{"x":-18.0,"y":0.0,"z":-140.0},{"x":-12.0,"y":0.0,"z":-140.0},{"x":18.0,"y":0.0,"z":20.0},{"x":12.0,"y":0.0,"z":20.0},{"x":-18.0,"y":0.0,"z":20.0},{"x":-12.0,"y":0.0,"z":20.0},{"x":18.0,"y":0.0,"z":52.0},{"x":12.0,"y":0.0,"z":52.0},{"x":-18.0,"y":0.0,"z":52.0},{"x":-12.0,"y":0.0,"z":52.0},{"x":18.0,"y":0.0,"z":116.0},{"x":12.0,"y":0.0,"z":116.0},{"x":-18.0,"y":0.0,"z":116.0},{"x":-12.0,"y":0.0,"z":116.0},{"x":18.0,"y":0.0,"z":148.0},{"x":12.0,"y":0.0,"z":148.0},{"x":-18.0,"y":0.0,"z":148.0},{"x":-12.0,"y":0.0,"z":148.0}],"positionsFlipped":[{"x":18.0,"y":0.0,"z":12.0},{"x":12.0,"y":0.0,"z":12.0},{"x":-18.0,"y":0.0,"z":12.0},{"x":-12.0,"y":0.0,"z":12.0},{"x":18.0,"y":0.0,"z":44.0},{"x":12.0,"y":0.0,"z":44.0},{"x":-18.0,"y":0.0,"z":44.0},{"x":-12.0,"y":0.0,"z":44.0},{"x":18.0,"y":0.0,"z":76.0},{"x":12.0,"y":0.0,"z":76.0},{"x":-18.0,"y":0.0,"z":76.0},{"x":-12.0,"y":0.0,"z":76.0},{"x":18.0,"y":0.0,"z":140.0},{"x":12.0,"y":0.0,"z":140.0},{"x":-18.0,"y":0.0,"z":140.0},{"x":-12.0,"y":0.0,"z":140.0},{"x":18.0,"y":0.0,"z":-20.0},{"x":12.0,"y":0.0,"z":-20.0},{"x":-18.0,"y":0.0,"z":-20.0},{"x":-12.0,"y":0.0,"z":-20.0},{"x":18.0,"y":0.0,"z":-52.0},{"x":12.0,"y":0.0,"z":-52.0},{"x":-18.0,"y":0.0,"z":-52.0},{"x":-12.0,"y":0.0,"z":-52.0},{"x":18.0,"y":0.0,"z":-116.0},{"x":12.0,"y":0.0,"z":-116.0},{"x":-18.0,"y":0.0,"z":-116.0},{"x":-12.0,"y":0.0,"z":-116.0}]},{"name":"9eb9621","positions":[{"x":18.0,"y":0.0,"z":-12.0},{"x":12.0,"y":0.0,"z":-12.0},{"x":-18.0,"y":0.0,"z":-12.0},{"x":-12.0,"y":0.0,"z":-12.0},{"x":18.0,"y":0.0,"z":-44.0},{"x":12.0,"y":0.0,"z":-44.0},{"x":-18.0,"y":0.0,"z":-44.0},{"x":-12.0,"y":0.0,"z":-44.0},{"x":18.0,"y":0.0,"z":-76.0},{"x":12.0,"y":0.0,"z":-76.0},{"x":-18.0,"y":0.0,"z":-76.0},{"x":-12.0,"y":0.0,"z":-76.0},{"x":18.0,"y":0.0,"z":-140.0},{"x":12.0,"y":0.0,"z":-140.0},{"x":-18.0,"y":0.0,"z":-140.0},{"x":-12.0,"y":0.0,"z":-140.0},{"x":18.0,"y":0.0,"z":20.0},{"x":12.0,"y":0.0,"z":20.0},{"x":-18.0,"y":0.0,"z":20.0},{"x":-12.0,"y":0.0,"z":20.0},{"x":18.0,"y":0.0,"z":52.0},{"x":12.0,"y":0.0,"z":52.0},{"x":-18.0,"y":0.0,"z":52.0},{"x":-12.0,"y":0.0,"z":52.0},{"x":18.0,"y":0.0,"z":116.0},{"x":12.0,"y":0.0,"z":116.0},{"x":-18.0,"y":0.0,"z":116.0},{"x":-12.0,"y":0.0,"z":116.0},{"x":18.0,"y":0.0,"z":148.0},{"x":12.0,"y":0.0,"z":148.0},{"x":-18.0,"y":0.0,"z":148.0},{"x":-12.0,"y":0.0,"z":148.0}],"positionsFlipped":[{"x":18.0,"y":0.0,"z":12.0},{"x":12.0,"y":0.0,"z":12.0},{"x":-18.0,"y":0.0,"z":12.0},{"x":-12.0,"y":0.0,"z":12.0},{"x":18.0,"y":0.0,"z":44.0},{"x":12.0,"y":0.0,"z":44.0},{"x":-18.0,"y":0.0,"z":44.0},{"x":-12.0,"y":0.0,"z":44.0},{"x":18.0,"y":0.0,"z":76.0},{"x":12.0,"y":0.0,"z":76.0},{"x":-18.0,"y":0.0,"z":76.0},{"x":-12.0,"y":0.0,"z":76.0},{"x":18.0,"y":0.0,"z":140.0},{"x":12.0,"y":0.0,"z":140.0},{"x":-18.0,"y":0.0,"z":140.0},{"x":-12.0,"y":0.0,"z":140.0},{"x":18.0,"y":0.0,"z":-20.0},{"x":12.0,"y":0.0,"z":-20.0},{"x":-18.0,"y":0.0,"z":-20.0},{"x":-12.0,"y":0.0,"z":-20.0},{"x":18.0,"y":0.0,"z":-52.0},{"x":12.0,"y":0.0,"z":-52.0},{"x":-18.0,"y":0.0,"z":-52.0},{"x":-12.0,"y":0.0,"z":-52.0},{"x":18.0,"y":0.0,"z":-116.0},{"x":12.0,"y":0.0,"z":-116.0},{"x":-18.0,"y":0.0,"z":-116.0},{"x":-12.0,"y":0.0,"z":-116.0}]},{"name":"1627175e","positions":[{"x":0.0,"y":0.0,"z":0.0},{"x":0.0,"y":0.0,"z":32.0},{"x":0.0,"y":0.0,"z":-32.0},{"x":0.0,"y":0.0,"z":64.0},{"x":0.0,"y":0.0,"z":-64.0},{"x":0.0,"y":0.0,"z":96.0},{"x":0.0,"y":0.0,"z":-96.0},{"x":0.0,"y":0.0,"z":128.0},{"x":0.0,"y":0.0,"z":-128.0},{"x":0.0,"y":0.0,"z":160.0}],"positionsFlipped":[]},{"name":"a3ba77dd","positions":[{"x":0.0,"y":0.0,"z":-168.0}],"positionsFlipped":[]},{"name":"5aaddde0","positions":[{"x":0.0,"y":0.0,"z":-168.0}],"positionsFlipped":[]},{"name":"a8b9ea7","positions":[{"x":0.0,"y":0.0,"z":-168.0}],"positionsFlipped":[]},{"name":"ef56670d","positions":[{"x":0.0,"y":0.0,"z":-168.0}],"positionsFlipped":[]},{"name":"c58f939f","positions":[{"x":0.0,"y":0.0,"z":-168.0}],"positionsFlipped":[]},{"name":"8cbd61cb","positions":[{"x":0.0,"y":0.0,"z":-168.0}],"positionsFlipped":[]},{"name":"44eae32c","positions":[{"x":0.0,"y":0.0,"z":-168.0}],"positionsFlipped":[]},{"name":"b919cb6c","positions":[{"x":0.0,"y":0.0,"z":-176.0}],"positionsFlipped":[]}]}