{"vehicles":[{"id":"class_363_pnr_trailera","name":"CHTR P363 (Trailer)","color":"75A2D0","transportMode":"TRAIN","length":23.0,"width":2.0,"bogie1Position":-7.0,"bogie2Position":7.0,"couplingPadding1":0.0,"couplingPadding2":0.0,"description":"The Class 363 'Pioneer' is an Electric Multiple Unit manufactured by KTRC between 1996 and 2004. It's one of the most Successful EMUs of the Network, finding homes on PNR, JNA, and Eventually, SETN. They have a Top Speed of 160 km/h.","wikipediaArticle":"","tags":[],"models":[{"modelResource":"mtr:chtrp363v2.bbmodel","textureResource":"mtr:chtrp363.png","modelPropertiesResource":"mtr:properties_98f07379.json","positionDefinitionsResource":"mtr:definition_9fabac66.json","flipTextureV":true}],"bogie1Models":[{"modelResource":"mtr:models/vehicle/bogie_1.bbmodel","textureResource":"mtr:textures/vehicle/bogie_1.png","modelPropertiesResource":"mtr:properties/vehicle/bogie_1.json","positionDefinitionsResource":"mtr:properties/definition/origin.json","flipTextureV":true}],"bogie2Models":[{"modelResource":"mtr:models/vehicle/bogie_1.bbmodel","textureResource":"mtr:textures/vehicle/bogie_1.png","modelPropertiesResource":"mtr:properties/vehicle/bogie_1.json","positionDefinitionsResource":"mtr:properties/definition/origin.json","flipTextureV":true}],"hasGangway1":true,"hasGangway2":true,"hasBarrier1":false,"hasBarrier2":false,"legacyRiderOffset":0.0,"bveSoundBaseResource":"","legacySpeedSoundBaseResource":"mlr","legacySpeedSoundCount":97,"legacyUseAccelerationSoundsWhenCoasting":false,"legacyConstantPlaybackSpeed":false,"legacyDoorSoundBaseResource":"class_377","legacyDoorCloseSoundTime":1.0},{"id":"class_363_pnr_cab_1a","name":"CHTR P363 (Forward)","color":"75A2D0","transportMode":"TRAIN","length":23.0,"width":2.0,"bogie1Position":-7.0,"bogie2Position":7.0,"couplingPadding1":0.0,"couplingPadding2":0.0,"description":"The Class 363 'Pioneer' is an Electric Multiple Unit manufactured by KTRC between 1996 and 2004. It's one of the most Successful EMUs of the Network, finding homes on PNR, JNA, and Eventually, SETN. They have a Top Speed of 160 km/h.","wikipediaArticle":"","tags":[],"models":[{"modelResource":"mtr:chtrp363v2.bbmodel","textureResource":"mtr:chtrp363.png","modelPropertiesResource":"mtr:properties_c88a227f.json","positionDefinitionsResource":"mtr:definition_89a7bf19.json","flipTextureV":true}],"bogie1Models":[{"modelResource":"mtr:models/vehicle/bogie_1.bbmodel","textureResource":"mtr:textures/vehicle/bogie_1.png","modelPropertiesResource":"mtr:properties/vehicle/bogie_1.json","positionDefinitionsResource":"mtr:properties/definition/origin.json","flipTextureV":true}],"bogie2Models":[{"modelResource":"mtr:models/vehicle/bogie_1.bbmodel","textureResource":"mtr:textures/vehicle/bogie_1.png","modelPropertiesResource":"mtr:properties/vehicle/bogie_1.json","positionDefinitionsResource":"mtr:properties/definition/origin.json","flipTextureV":true}],"hasGangway1":false,"hasGangway2":true,"hasBarrier1":false,"hasBarrier2":false,"legacyRiderOffset":0.0,"bveSoundBaseResource":"","legacySpeedSoundBaseResource":"mlr","legacySpeedSoundCount":97,"legacyUseAccelerationSoundsWhenCoasting":false,"legacyConstantPlaybackSpeed":false,"legacyDoorSoundBaseResource":"class_377","legacyDoorCloseSoundTime":1.0},{"id":"class_363_pnr_cab_2a","name":"CHTR P363 (Backward)","color":"75A2D0","transportMode":"TRAIN","length":23.0,"width":2.0,"bogie1Position":-7.0,"bogie2Position":7.0,"couplingPadding1":0.0,"couplingPadding2":0.0,"description":"The Class 363 'Pioneer' is an Electric Multiple Unit manufactured by KTRC between 1996 and 2004. It's one of the most Successful EMUs of the Network, finding homes on PNR, JNA, and Eventually, SETN. They have a Top Speed of 160 km/h.","wikipediaArticle":"","tags":[],"models":[{"modelResource":"mtr:chtrp363v2.bbmodel","textureResource":"mtr:chtrp363.png","modelPropertiesResource":"mtr:properties_de6b0012.json","positionDefinitionsResource":"mtr:definition_6053b705.json","flipTextureV":true}],"bogie1Models":[{"modelResource":"mtr:models/vehicle/bogie_1.bbmodel","textureResource":"mtr:textures/vehicle/bogie_1.png","modelPropertiesResource":"mtr:properties/vehicle/bogie_1.json","positionDefinitionsResource":"mtr:properties/definition/origin.json","flipTextureV":true}],"bogie2Models":[{"modelResource":"mtr:models/vehicle/bogie_1.bbmodel","textureResource":"mtr:textures/vehicle/bogie_1.png","modelPropertiesResource":"mtr:properties/vehicle/bogie_1.json","positionDefinitionsResource":"mtr:properties/definition/origin.json","flipTextureV":true}],"hasGangway1":true,"hasGangway2":false,"hasBarrier1":false,"hasBarrier2":false,"legacyRiderOffset":0.0,"bveSoundBaseResource":"","legacySpeedSoundBaseResource":"mlr","legacySpeedSoundCount":97,"legacyUseAccelerationSoundsWhenCoasting":false,"legacyConstantPlaybackSpeed":false,"legacyDoorSoundBaseResource":"class_377","legacyDoorCloseSoundTime":1.0},{"id":"class_381_pnr_trailera","name":"CHTR I381 (Trailer)","color":"16D477","transportMode":"TRAIN","length":23.0,"width":2.0,"bogie1Position":-8.5,"bogie2Position":8.5,"couplingPadding1":0.0,"couplingPadding2":0.0,"description":"The Class 381 'IntraLink' is an Electric Multiple Unit manufactured by KTRC between 2002 and 2007 for PNR. It is used on the Intercity Services across the Network. They have a Top Speed of 120 km/h. Unit 381113 was Repainted into a Special PKR Livery.","wikipediaArticle":"","tags":[],"models":[{"modelResource":"mtr:chtri381.bbmodel","textureResource":"mtr:chtri381.png","modelPropertiesResource":"mtr:properties_4f47e4b3.json","positionDefinitionsResource":"mtr:definition_4c8d92d2.json","flipTextureV":true}],"bogie1Models":[{"modelResource":"mtr:models/vehicle/bogie_1.bbmodel","textureResource":"mtr:textures/vehicle/bogie_1.png","modelPropertiesResource":"mtr:properties/vehicle/bogie_1.json","positionDefinitionsResource":"mtr:properties/definition/origin.json","flipTextureV":true}],"bogie2Models":[{"modelResource":"mtr:models/vehicle/bogie_1.bbmodel","textureResource":"mtr:textures/vehicle/bogie_1.png","modelPropertiesResource":"mtr:properties/vehicle/bogie_1.json","positionDefinitionsResource":"mtr:properties/definition/origin.json","flipTextureV":true}],"hasGangway1":true,"hasGangway2":true,"hasBarrier1":false,"hasBarrier2":false,"legacyRiderOffset":0.0,"bveSoundBaseResource":"s700","legacySpeedSoundBaseResource":"","legacySpeedSoundCount":1,"legacyUseAccelerationSoundsWhenCoasting":false,"legacyConstantPlaybackSpeed":false,"legacyDoorSoundBaseResource":"","legacyDoorCloseSoundTime":0.0},{"id":"class_381_pnr_cab_1a","name":"CHTR I381 (Forward)","color":"16D477","transportMode":"TRAIN","length":23.0,"width":2.0,"bogie1Position":-8.5,"bogie2Position":8.5,"couplingPadding1":1.0,"couplingPadding2":0.0,"description":"The Class 381 'IntraLink' is an Electric Multiple Unit manufactured by KTRC between 2002 and 2007 for PNR. It is used on the Intercity Services across the Network. They have a Top Speed of 120 km/h. Unit 381113 was Repainted into a Special PKR Livery.","wikipediaArticle":"","tags":[],"models":[{"modelResource":"mtr:chtri381.bbmodel","textureResource":"mtr:chtri381.png","modelPropertiesResource":"mtr:properties_113942e1.json","positionDefinitionsResource":"mtr:definition_5033f024.json","flipTextureV":true}],"bogie1Models":[{"modelResource":"mtr:models/vehicle/bogie_1.bbmodel","textureResource":"mtr:textures/vehicle/bogie_1.png","modelPropertiesResource":"mtr:properties/vehicle/bogie_1.json","positionDefinitionsResource":"mtr:properties/definition/origin.json","flipTextureV":true}],"bogie2Models":[{"modelResource":"mtr:models/vehicle/bogie_1.bbmodel","textureResource":"mtr:textures/vehicle/bogie_1.png","modelPropertiesResource":"mtr:properties/vehicle/bogie_1.json","positionDefinitionsResource":"mtr:properties/definition/origin.json","flipTextureV":true}],"hasGangway1":false,"hasGangway2":true,"hasBarrier1":false,"hasBarrier2":false,"legacyRiderOffset":0.0,"bveSoundBaseResource":"s700","legacySpeedSoundBaseResource":"","legacySpeedSoundCount":1,"legacyUseAccelerationSoundsWhenCoasting":false,"legacyConstantPlaybackSpeed":false,"legacyDoorSoundBaseResource":"","legacyDoorCloseSoundTime":0.0},{"id":"class_381_pnr_cab_2a","name":"CHTR I381 (Backward)","color":"16D477","transportMode":"TRAIN","length":23.0,"width":2.0,"bogie1Position":-8.5,"bogie2Position":8.5,"couplingPadding1":0.0,"couplingPadding2":1.0,"description":"The Class 381 'IntraLink' is an Electric Multiple Unit manufactured by KTRC between 2002 and 2007 for PNR. It is used on the Intercity Services across the Network. They have a Top Speed of 120 km/h. Unit 381113 was Repainted into a Special PKR Livery.","wikipediaArticle":"","tags":[],"models":[{"modelResource":"mtr:chtri381.bbmodel","textureResource":"mtr:chtri381.png","modelPropertiesResource":"mtr:properties_507929d1.json","positionDefinitionsResource":"mtr:definition_411969b7.json","flipTextureV":true}],"bogie1Models":[{"modelResource":"mtr:models/vehicle/bogie_1.bbmodel","textureResource":"mtr:textures/vehicle/bogie_1.png","modelPropertiesResource":"mtr:properties/vehicle/bogie_1.json","positionDefinitionsResource":"mtr:properties/definition/origin.json","flipTextureV":true}],"bogie2Models":[{"modelResource":"mtr:models/vehicle/bogie_1.bbmodel","textureResource":"mtr:textures/vehicle/bogie_1.png","modelPropertiesResource":"mtr:properties/vehicle/bogie_1.json","positionDefinitionsResource":"mtr:properties/definition/origin.json","flipTextureV":true}],"hasGangway1":true,"hasGangway2":false,"hasBarrier1":false,"hasBarrier2":false,"legacyRiderOffset":0.0,"bveSoundBaseResource":"s700","legacySpeedSoundBaseResource":"","legacySpeedSoundCount":1,"legacyUseAccelerationSoundsWhenCoasting":false,"legacyConstantPlaybackSpeed":false,"legacyDoorSoundBaseResource":"","legacyDoorCloseSoundTime":0.0},{"id":"class_392_setn_trailer_mida","name":"CHTR T392 (Trailer, Short)","color":"26E897","transportMode":"TRAIN","length":7.0,"width":2.0,"bogie1Position":0.0,"bogie2Position":0.0,"couplingPadding1":0.0,"couplingPadding2":0.0,"description":"The Class 392 'Transverse' is a Tram-Train manufactured by RRG Between 2018 and Today. They are designed to operate on Tram Networks, and switch to Heavy Rail Networks. They are able to run on 1.5 kV DC and 25 kV 60 Hz AC. They come in 5 Coach sets and have a Top speed of 120 km/h. But are Limited to 80 km/h when on Roads. They also have Low-Floor Boarding. They operate on SETN Tramlink and HRR Light Metro Lines.","wikipediaArticle":"","tags":[],"models":[{"modelResource":"mtr:chtrt392v2.bbmodel","textureResource":"mtr:chtrt392.png","modelPropertiesResource":"mtr:properties_1f4bbc2b.json","positionDefinitionsResource":"mtr:definition_3444186a.json","flipTextureV":true}],"bogie1Models":[{"modelResource":"mtr:models/vehicle/bogie_2.bbmodel","textureResource":"mtr:textures/vehicle/bogie_2.png","modelPropertiesResource":"mtr:properties/vehicle/bogie_1.json","positionDefinitionsResource":"mtr:properties/definition/origin.json","flipTextureV":true}],"bogie2Models":[],"hasGangway1":true,"hasGangway2":true,"hasBarrier1":false,"hasBarrier2":false,"legacyRiderOffset":0.0,"bveSoundBaseResource":"s700","legacySpeedSoundBaseResource":"","legacySpeedSoundCount":1,"legacyUseAccelerationSoundsWhenCoasting":false,"legacyConstantPlaybackSpeed":false,"legacyDoorSoundBaseResource":"","legacyDoorCloseSoundTime":0.0},{"id":"class_392_setn_trailer_doorsa","name":"CHTR T392 (Trailer, Long)","color":"26E897","transportMode":"TRAIN","length":9.0,"width":2.0,"bogie1Position":0.0,"bogie2Position":0.0,"couplingPadding1":0.0,"couplingPadding2":0.0,"description":"The Class 392 'Transverse' is a Tram-Train manufactured by RRG Between 2018 and Today. They are designed to operate on Tram Networks, and switch to Heavy Rail Networks. They are able to run on 1.5 kV DC and 25 kV 60 Hz AC. They come in 5 Coach sets and have a Top speed of 120 km/h. But are Limited to 80 km/h when on Roads. They also have Low-Floor Boarding. They operate on SETN Tramlink and HRR Light Metro Lines.","wikipediaArticle":"","tags":[],"models":[{"modelResource":"mtr:chtrt392v2.bbmodel","textureResource":"mtr:chtrt392.png","modelPropertiesResource":"mtr:properties_aea76cce.json","positionDefinitionsResource":"mtr:definition_8dd41bf9.json","flipTextureV":true}],"bogie1Models":[{"modelResource":"","textureResource":"","modelPropertiesResource":"mtr:properties_be217717.json","positionDefinitionsResource":"mtr:definition_1b172e75.json","flipTextureV":true}],"bogie2Models":[],"hasGangway1":true,"hasGangway2":true,"hasBarrier1":false,"hasBarrier2":false,"legacyRiderOffset":0.0,"bveSoundBaseResource":"s700","legacySpeedSoundBaseResource":"","legacySpeedSoundCount":1,"legacyUseAccelerationSoundsWhenCoasting":false,"legacyConstantPlaybackSpeed":false,"legacyDoorSoundBaseResource":"","legacyDoorCloseSoundTime":0.0},{"id":"class_392_setn_cab_1a","name":"CHTR T392 (Forward)","color":"26E897","transportMode":"TRAIN","length":9.0,"width":2.0,"bogie1Position":0.0,"bogie2Position":0.0,"couplingPadding1":0.0,"couplingPadding2":0.0,"description":"The Class 392 'Transverse' is a Tram-Train manufactured by RRG Between 2018 and Today. They are designed to operate on Tram Networks, and switch to Heavy Rail Networks. They are able to run on 1.5 kV DC and 25 kV 60 Hz AC. They come in 5 Coach sets and have a Top speed of 120 km/h. But are Limited to 80 km/h when on Roads. They also have Low-Floor Boarding. They operate on SETN Tramlink and HRR Light Metro Lines.","wikipediaArticle":"","tags":[],"models":[{"modelResource":"mtr:chtrt392v2.bbmodel","textureResource":"mtr:chtrt392.png","modelPropertiesResource":"mtr:properties_a2405edf.json","positionDefinitionsResource":"mtr:definition_88ded109.json","flipTextureV":true}],"bogie1Models":[{"modelResource":"mtr:models/vehicle/bogie_2.bbmodel","textureResource":"mtr:textures/vehicle/bogie_2.png","modelPropertiesResource":"mtr:properties/vehicle/bogie_1.json","positionDefinitionsResource":"mtr:properties/definition/origin.json","flipTextureV":true}],"bogie2Models":[],"hasGangway1":false,"hasGangway2":true,"hasBarrier1":false,"hasBarrier2":false,"legacyRiderOffset":0.0,"bveSoundBaseResource":"s700","legacySpeedSoundBaseResource":"","legacySpeedSoundCount":1,"legacyUseAccelerationSoundsWhenCoasting":false,"legacyConstantPlaybackSpeed":false,"legacyDoorSoundBaseResource":"","legacyDoorCloseSoundTime":0.0},{"id":"class_392_setn_cab_2a","name":"CHTR T392 (Backward)","color":"26E897","transportMode":"TRAIN","length":9.0,"width":2.0,"bogie1Position":0.0,"bogie2Position":0.0,"couplingPadding1":0.0,"couplingPadding2":0.0,"description":"The Class 392 'Transverse' is a Tram-Train manufactured by RRG Between 2018 and Today. They are designed to operate on Tram Networks, and switch to Heavy Rail Networks. They are able to run on 1.5 kV DC and 25 kV 60 Hz AC. They come in 5 Coach sets and have a Top speed of 120 km/h. But are Limited to 80 km/h when on Roads. They also have Low-Floor Boarding. They operate on SETN Tramlink and HRR Light Metro Lines.","wikipediaArticle":"","tags":[],"models":[{"modelResource":"mtr:chtrt392v2.bbmodel","textureResource":"mtr:chtrt392.png","modelPropertiesResource":"mtr:properties_1fa25537.json","positionDefinitionsResource":"mtr:definition_b9729c8c.json","flipTextureV":true}],"bogie1Models":[{"modelResource":"mtr:models/vehicle/bogie_2.bbmodel","textureResource":"mtr:textures/vehicle/bogie_2.png","modelPropertiesResource":"mtr:properties/vehicle/bogie_1.json","positionDefinitionsResource":"mtr:properties/definition/origin.json","flipTextureV":true}],"bogie2Models":[],"hasGangway1":true,"hasGangway2":false,"hasBarrier1":false,"hasBarrier2":false,"legacyRiderOffset":0.0,"bveSoundBaseResource":"s700","legacySpeedSoundBaseResource":"","legacySpeedSoundCount":1,"legacyUseAccelerationSoundsWhenCoasting":false,"legacyConstantPlaybackSpeed":false,"legacyDoorSoundBaseResource":"","legacyDoorCloseSoundTime":0.0},{"id":"class_416_ser_trailera","name":"CHTR U416 (Trailer)","color":"F65EBA","transportMode":"TRAIN","length":21.0,"width":2.0,"bogie1Position":-10.0,"bogie2Position":10.0,"couplingPadding1":0.0,"couplingPadding2":0.0,"description":"The Class 416 'Urbanworker 2' was an Electric Multiple Unit manufactured by Urbanworker between 2001 and 2003. It was Ran on SER's Southern Trains, before being Withdrawn in 2025 due to the Class 761 and 72.","wikipediaArticle":"","tags":[],"models":[{"modelResource":"mtr:chtru416v2.bbmodel","textureResource":"mtr:chtru416v2.png","modelPropertiesResource":"mtr:properties_dd8985a6.json","positionDefinitionsResource":"mtr:definition_6cee61f0.json","flipTextureV":true}],"bogie1Models":[{"modelResource":"mtr:models/vehicle/bogie_1.bbmodel","textureResource":"mtr:textures/vehicle/bogie_1.png","modelPropertiesResource":"mtr:properties/vehicle/bogie_1.json","positionDefinitionsResource":"mtr:properties/definition/origin.json","flipTextureV":true}],"bogie2Models":[{"modelResource":"mtr:models/vehicle/bogie_1.bbmodel","textureResource":"mtr:textures/vehicle/bogie_1.png","modelPropertiesResource":"mtr:properties/vehicle/bogie_1.json","positionDefinitionsResource":"mtr:properties/definition/origin.json","flipTextureV":true}],"hasGangway1":true,"hasGangway2":true,"hasBarrier1":false,"hasBarrier2":false,"legacyRiderOffset":0.0,"bveSoundBaseResource":"london_underground_1996","legacySpeedSoundBaseResource":"","legacySpeedSoundCount":1,"legacyUseAccelerationSoundsWhenCoasting":false,"legacyConstantPlaybackSpeed":false,"legacyDoorSoundBaseResource":"","legacyDoorCloseSoundTime":0.0},{"id":"class_416_ser_mida","name":"CHTR U416 (Middle)","color":"F65EBA","transportMode":"TRAIN","length":9.0,"width":2.0,"bogie1Position":-5.0,"bogie2Position":5.0,"couplingPadding1":0.0,"couplingPadding2":0.0,"description":"The Class 416 'Urbanworker 2' was an Electric Multiple Unit manufactured by Urbanworker between 2001 and 2003. It was Ran on SER's Southern Trains, before being Withdrawn in 2025 due to the Class 761 and 72.","wikipediaArticle":"","tags":[],"models":[{"modelResource":"mtr:chtru416v2.bbmodel","textureResource":"mtr:chtru416v2.png","modelPropertiesResource":"mtr:properties_8b2e6919.json","positionDefinitionsResource":"mtr:definition_c6c2a220.json","flipTextureV":true}],"bogie1Models":[{"modelResource":"mtr:models/vehicle/bogie_1.bbmodel","textureResource":"mtr:textures/vehicle/bogie_1.png","modelPropertiesResource":"mtr:properties/vehicle/bogie_1.json","positionDefinitionsResource":"mtr:properties/definition/origin.json","flipTextureV":true}],"bogie2Models":[{"modelResource":"mtr:models/vehicle/bogie_1.bbmodel","textureResource":"mtr:textures/vehicle/bogie_1.png","modelPropertiesResource":"mtr:properties/vehicle/bogie_1.json","positionDefinitionsResource":"mtr:properties/definition/origin.json","flipTextureV":true}],"hasGangway1":true,"hasGangway2":true,"hasBarrier1":false,"hasBarrier2":false,"legacyRiderOffset":0.0,"bveSoundBaseResource":"london_underground_1996","legacySpeedSoundBaseResource":"","legacySpeedSoundCount":1,"legacyUseAccelerationSoundsWhenCoasting":false,"legacyConstantPlaybackSpeed":false,"legacyDoorSoundBaseResource":"","legacyDoorCloseSoundTime":0.0},{"id":"class_416_ser_cab_1a","name":"CHTR U416 (Forward)","color":"F65EBA","transportMode":"TRAIN","length":9.0,"width":2.0,"bogie1Position":-3.0,"bogie2Position":5.0,"couplingPadding1":2.5,"couplingPadding2":0.0,"description":"The Class 416 'Urbanworker 2' was an Electric Multiple Unit manufactured by Urbanworker between 2001 and 2003. It was Ran on SER's Southern Trains, before being Withdrawn in 2025 due to the Class 761 and 72.","wikipediaArticle":"","tags":[],"models":[{"modelResource":"mtr:chtru416v2.bbmodel","textureResource":"mtr:chtru416v2.png","modelPropertiesResource":"mtr:properties_ba4675f7.json","positionDefinitionsResource":"mtr:definition_3bb49fca.json","flipTextureV":true}],"bogie1Models":[{"modelResource":"mtr:models/vehicle/bogie_1.bbmodel","textureResource":"mtr:textures/vehicle/bogie_1.png","modelPropertiesResource":"mtr:properties/vehicle/bogie_1.json","positionDefinitionsResource":"mtr:properties/definition/origin.json","flipTextureV":true}],"bogie2Models":[{"modelResource":"mtr:models/vehicle/bogie_1.bbmodel","textureResource":"mtr:textures/vehicle/bogie_1.png","modelPropertiesResource":"mtr:properties/vehicle/bogie_1.json","positionDefinitionsResource":"mtr:properties/definition/origin.json","flipTextureV":true}],"hasGangway1":false,"hasGangway2":true,"hasBarrier1":false,"hasBarrier2":false,"legacyRiderOffset":0.0,"bveSoundBaseResource":"london_underground_1996","legacySpeedSoundBaseResource":"","legacySpeedSoundCount":1,"legacyUseAccelerationSoundsWhenCoasting":false,"legacyConstantPlaybackSpeed":false,"legacyDoorSoundBaseResource":"","legacyDoorCloseSoundTime":0.0},{"id":"class_416_ser_cab_2a","name":"CHTR U416 (Backward)","color":"F65EBA","transportMode":"TRAIN","length":9.0,"width":2.0,"bogie1Position":-5.0,"bogie2Position":3.0,"couplingPadding1":0.0,"couplingPadding2":2.5,"description":"The Class 416 'Urbanworker 2' was an Electric Multiple Unit manufactured by Urbanworker between 2001 and 2003. It was Ran on SER's Southern Trains, before being Withdrawn in 2025 due to the Class 761 and 72.","wikipediaArticle":"","tags":[],"models":[{"modelResource":"mtr:chtru416v2.bbmodel","textureResource":"mtr:chtru416v2.png","modelPropertiesResource":"mtr:properties_42e019fd.json","positionDefinitionsResource":"mtr:definition_73038d75.json","flipTextureV":true}],"bogie1Models":[{"modelResource":"mtr:models/vehicle/bogie_1.bbmodel","textureResource":"mtr:textures/vehicle/bogie_1.png","modelPropertiesResource":"mtr:properties/vehicle/bogie_1.json","positionDefinitionsResource":"mtr:properties/definition/origin.json","flipTextureV":true}],"bogie2Models":[{"modelResource":"mtr:models/vehicle/bogie_1.bbmodel","textureResource":"mtr:textures/vehicle/bogie_1.png","modelPropertiesResource":"mtr:properties/vehicle/bogie_1.json","positionDefinitionsResource":"mtr:properties/definition/origin.json","flipTextureV":true}],"hasGangway1":true,"hasGangway2":false,"hasBarrier1":false,"hasBarrier2":false,"legacyRiderOffset":0.0,"bveSoundBaseResource":"london_underground_1996","legacySpeedSoundBaseResource":"","legacySpeedSoundCount":1,"legacyUseAccelerationSoundsWhenCoasting":false,"legacyConstantPlaybackSpeed":false,"legacyDoorSoundBaseResource":"","legacyDoorCloseSoundTime":0.0},{"id":"class_421_ser_trailera","name":"CHTR I421 (Trailer)","color":"6D2F7D","transportMode":"TRAIN","length":17.0,"width":2.0,"bogie1Position":-4.5,"bogie2Position":4.5,"couplingPadding1":0.0,"couplingPadding2":0.0,"description":"The Class 421 'IntraLink' is an Electric Multiple Unit Manufactured by KTRC Between 1990 and 1993, and Refurbished by CVR Works in 1999 to Operate the Southern Lines of SER.","wikipediaArticle":"","tags":[],"models":[{"modelResource":"mtr:chtri421v2.bbmodel","textureResource":"mtr:chtri421v2.png","modelPropertiesResource":"mtr:properties_75cd63ab.json","positionDefinitionsResource":"mtr:definition_608affcb.json","flipTextureV":true}],"bogie1Models":[{"modelResource":"mtr:models/vehicle/bogie_1.bbmodel","textureResource":"mtr:textures/vehicle/bogie_1.png","modelPropertiesResource":"mtr:properties/vehicle/bogie_1.json","positionDefinitionsResource":"mtr:properties/definition/origin.json","flipTextureV":true}],"bogie2Models":[{"modelResource":"mtr:models/vehicle/bogie_1.bbmodel","textureResource":"mtr:textures/vehicle/bogie_1.png","modelPropertiesResource":"mtr:properties/vehicle/bogie_1.json","positionDefinitionsResource":"mtr:properties/definition/origin.json","flipTextureV":true}],"hasGangway1":true,"hasGangway2":true,"hasBarrier1":false,"hasBarrier2":false,"legacyRiderOffset":0.0,"bveSoundBaseResource":"","legacySpeedSoundBaseResource":"k_train","legacySpeedSoundCount":93,"legacyUseAccelerationSoundsWhenCoasting":false,"legacyConstantPlaybackSpeed":false,"legacyDoorSoundBaseResource":"mpl_85","legacyDoorCloseSoundTime":1.0},{"id":"class_421_ser_cab_1a","name":"CHTR I421 (Forward)","color":"6D2F7D","transportMode":"TRAIN","length":17.0,"width":2.0,"bogie1Position":-4.5,"bogie2Position":4.5,"couplingPadding1":0.0,"couplingPadding2":0.0,"description":"The Class 421 'IntraLink' is an Electric Multiple Unit Manufactured by KTRC Between 1990 and 1993, and Refurbished by CVR Works in 1999 to Operate the Southern Lines of SER.","wikipediaArticle":"","tags":[],"models":[{"modelResource":"mtr:chtri421v2.bbmodel","textureResource":"mtr:chtri421v2.png","modelPropertiesResource":"mtr:properties_fa4e4edf.json","positionDefinitionsResource":"mtr:definition_db4de7e9.json","flipTextureV":true}],"bogie1Models":[{"modelResource":"mtr:models/vehicle/bogie_1.bbmodel","textureResource":"mtr:textures/vehicle/bogie_1.png","modelPropertiesResource":"mtr:properties/vehicle/bogie_1.json","positionDefinitionsResource":"mtr:properties/definition/origin.json","flipTextureV":true}],"bogie2Models":[{"modelResource":"mtr:models/vehicle/bogie_1.bbmodel","textureResource":"mtr:textures/vehicle/bogie_1.png","modelPropertiesResource":"mtr:properties/vehicle/bogie_1.json","positionDefinitionsResource":"mtr:properties/definition/origin.json","flipTextureV":true}],"hasGangway1":false,"hasGangway2":true,"hasBarrier1":false,"hasBarrier2":false,"legacyRiderOffset":0.0,"bveSoundBaseResource":"","legacySpeedSoundBaseResource":"k_train","legacySpeedSoundCount":93,"legacyUseAccelerationSoundsWhenCoasting":false,"legacyConstantPlaybackSpeed":false,"legacyDoorSoundBaseResource":"mpl_85","legacyDoorCloseSoundTime":1.0},{"id":"class_421_ser_cab_2a","name":"CHTR I421 (Backward)","color":"6D2F7D","transportMode":"TRAIN","length":17.0,"width":2.0,"bogie1Position":-4.5,"bogie2Position":4.5,"couplingPadding1":0.0,"couplingPadding2":0.0,"description":"The Class 421 'IntraLink' is an Electric Multiple Unit Manufactured by KTRC Between 1990 and 1993, and Refurbished by CVR Works in 1999 to Operate the Southern Lines of SER.","wikipediaArticle":"","tags":[],"models":[{"modelResource":"mtr:chtri421v2.bbmodel","textureResource":"mtr:chtri421v2.png","modelPropertiesResource":"mtr:properties_1a4f18c8.json","positionDefinitionsResource":"mtr:definition_e69da668.json","flipTextureV":true}],"bogie1Models":[{"modelResource":"mtr:models/vehicle/bogie_1.bbmodel","textureResource":"mtr:textures/vehicle/bogie_1.png","modelPropertiesResource":"mtr:properties/vehicle/bogie_1.json","positionDefinitionsResource":"mtr:properties/definition/origin.json","flipTextureV":true}],"bogie2Models":[{"modelResource":"mtr:models/vehicle/bogie_1.bbmodel","textureResource":"mtr:textures/vehicle/bogie_1.png","modelPropertiesResource":"mtr:properties/vehicle/bogie_1.json","positionDefinitionsResource":"mtr:properties/definition/origin.json","flipTextureV":true}],"hasGangway1":true,"hasGangway2":false,"hasBarrier1":false,"hasBarrier2":false,"legacyRiderOffset":0.0,"bveSoundBaseResource":"","legacySpeedSoundBaseResource":"k_train","legacySpeedSoundCount":93,"legacyUseAccelerationSoundsWhenCoasting":false,"legacyConstantPlaybackSpeed":false,"legacyDoorSoundBaseResource":"mpl_85","legacyDoorCloseSoundTime":1.0},{"id":"class_488_ser_trailera","name":"CHTR U488 (Trailer)","color":"6F872A","transportMode":"TRAIN","length":14.0,"width":2.0,"bogie1Position":-4.0,"bogie2Position":4.0,"couplingPadding1":0.0,"couplingPadding2":0.0,"description":"The Class 488 'Urbanworker Metro' is an Electric Multiple Unit manufactured by Urbanworker between 1987 and 1993. They were built for Metro networks across the SER Network. They are one of the few Trains equiped with MCH-45 Couplers, and have a top speed of 80 km/h.","wikipediaArticle":"","tags":[],"models":[{"modelResource":"mtr:chtrum488.bbmodel","textureResource":"mtr:chtrum488.png","modelPropertiesResource":"mtr:properties_b9490201.json","positionDefinitionsResource":"mtr:definition_11fbd33e.json","flipTextureV":true}],"bogie1Models":[{"modelResource":"mtr:models/vehicle/bogie_1.bbmodel","textureResource":"mtr:textures/vehicle/bogie_1.png","modelPropertiesResource":"mtr:properties/vehicle/bogie_1.json","positionDefinitionsResource":"mtr:properties/definition/origin.json","flipTextureV":true}],"bogie2Models":[{"modelResource":"mtr:models/vehicle/bogie_1.bbmodel","textureResource":"mtr:textures/vehicle/bogie_1.png","modelPropertiesResource":"mtr:properties/vehicle/bogie_1.json","positionDefinitionsResource":"mtr:properties/definition/origin.json","flipTextureV":true}],"hasGangway1":true,"hasGangway2":true,"hasBarrier1":false,"hasBarrier2":false,"legacyRiderOffset":0.0,"bveSoundBaseResource":"s700","legacySpeedSoundBaseResource":"","legacySpeedSoundCount":1,"legacyUseAccelerationSoundsWhenCoasting":false,"legacyConstantPlaybackSpeed":false,"legacyDoorSoundBaseResource":"","legacyDoorCloseSoundTime":0.0},{"id":"class_488_ser_cab_1a","name":"CHTR U488 (Forward)","color":"6F872A","transportMode":"TRAIN","length":14.0,"width":2.0,"bogie1Position":-4.0,"bogie2Position":4.0,"couplingPadding1":0.0,"couplingPadding2":0.0,"description":"The Class 488 'Urbanworker Metro' is an Electric Multiple Unit manufactured by Urbanworker between 1987 and 1993. They were built for Metro networks across the SER Network. They are one of the few Trains equiped with MCH-45 Couplers, and have a top speed of 80 km/h.","wikipediaArticle":"","tags":[],"models":[{"modelResource":"mtr:chtrum488.bbmodel","textureResource":"mtr:chtrum488.png","modelPropertiesResource":"mtr:properties_e07661d0.json","positionDefinitionsResource":"mtr:definition_5ad33f49.json","flipTextureV":true}],"bogie1Models":[{"modelResource":"mtr:models/vehicle/bogie_1.bbmodel","textureResource":"mtr:textures/vehicle/bogie_1.png","modelPropertiesResource":"mtr:properties/vehicle/bogie_1.json","positionDefinitionsResource":"mtr:properties/definition/origin.json","flipTextureV":true}],"bogie2Models":[{"modelResource":"mtr:models/vehicle/bogie_1.bbmodel","textureResource":"mtr:textures/vehicle/bogie_1.png","modelPropertiesResource":"mtr:properties/vehicle/bogie_1.json","positionDefinitionsResource":"mtr:properties/definition/origin.json","flipTextureV":true}],"hasGangway1":false,"hasGangway2":true,"hasBarrier1":false,"hasBarrier2":false,"legacyRiderOffset":0.0,"bveSoundBaseResource":"s700","legacySpeedSoundBaseResource":"","legacySpeedSoundCount":1,"legacyUseAccelerationSoundsWhenCoasting":false,"legacyConstantPlaybackSpeed":false,"legacyDoorSoundBaseResource":"","legacyDoorCloseSoundTime":0.0},{"id":"class_488_ser_cab_2a","name":"CHTR U488 (Backward)","color":"6F872A","transportMode":"TRAIN","length":14.0,"width":2.0,"bogie1Position":-4.0,"bogie2Position":4.0,"couplingPadding1":0.0,"couplingPadding2":0.0,"description":"The Class 488 'Urbanworker Metro' is an Electric Multiple Unit manufactured by Urbanworker between 1987 and 1993. They were built for Metro networks across the SER Network. They are one of the few Trains equiped with MCH-45 Couplers, and have a top speed of 80 km/h.","wikipediaArticle":"","tags":[],"models":[{"modelResource":"mtr:chtrum488.bbmodel","textureResource":"mtr:chtrum488.png","modelPropertiesResource":"mtr:properties_2e02ffc6.json","positionDefinitionsResource":"mtr:definition_c592f792.json","flipTextureV":true}],"bogie1Models":[{"modelResource":"mtr:models/vehicle/bogie_1.bbmodel","textureResource":"mtr:textures/vehicle/bogie_1.png","modelPropertiesResource":"mtr:properties/vehicle/bogie_1.json","positionDefinitionsResource":"mtr:properties/definition/origin.json","flipTextureV":true}],"bogie2Models":[{"modelResource":"mtr:models/vehicle/bogie_1.bbmodel","textureResource":"mtr:textures/vehicle/bogie_1.png","modelPropertiesResource":"mtr:properties/vehicle/bogie_1.json","positionDefinitionsResource":"mtr:properties/definition/origin.json","flipTextureV":true}],"hasGangway1":true,"hasGangway2":false,"hasBarrier1":false,"hasBarrier2":false,"legacyRiderOffset":0.0,"bveSoundBaseResource":"s700","legacySpeedSoundBaseResource":"","legacySpeedSoundCount":1,"legacyUseAccelerationSoundsWhenCoasting":false,"legacyConstantPlaybackSpeed":false,"legacyDoorSoundBaseResource":"","legacyDoorCloseSoundTime":0.0},{"id":"class_553_pnr_trailera","name":"CHTR G553 (Trailer)","color":"BEB95C","transportMode":"TRAIN","length":17.0,"width":2.0,"bogie1Position":-8.5,"bogie2Position":8.5,"couplingPadding1":0.0,"couplingPadding2":0.0,"description":"The Class 553 'G441' is an Electric Multiple Unit manufactured by Rodani Rail between 2015 and 2023 for PNR's Nerkden and Elston Railway. They were Designed as 3 Coach Articulated sets due to the short Platforms. They come Equiped with Rack Railway equipment in order to Traverse the Steep grades in the Eastern parts of the Railway. They also have the ability to be Automatically Controlled via CBTC. The units have a Top speed of 120 km/h.","wikipediaArticle":"","tags":[],"models":[{"modelResource":"mtr:chtrg553.bbmodel","textureResource":"mtr:chtrg553v2.png","modelPropertiesResource":"mtr:properties_32bf049b.json","positionDefinitionsResource":"mtr:definition_a9502568.json","flipTextureV":true}],"bogie1Models":[{"modelResource":"mtr:models/vehicle/bogie_1.bbmodel","textureResource":"mtr:textures/vehicle/bogie_1.png","modelPropertiesResource":"mtr:properties/vehicle/bogie_1.json","positionDefinitionsResource":"mtr:properties/definition/origin.json","flipTextureV":true}],"bogie2Models":[{"modelResource":"mtr:models/vehicle/bogie_1.bbmodel","textureResource":"mtr:textures/vehicle/bogie_1.png","modelPropertiesResource":"mtr:properties/vehicle/bogie_1.json","positionDefinitionsResource":"mtr:properties/definition/origin.json","flipTextureV":true}],"hasGangway1":true,"hasGangway2":true,"hasBarrier1":true,"hasBarrier2":true,"legacyRiderOffset":0.0,"bveSoundBaseResource":"london_underground_1995","legacySpeedSoundBaseResource":"","legacySpeedSoundCount":1,"legacyUseAccelerationSoundsWhenCoasting":false,"legacyConstantPlaybackSpeed":false,"legacyDoorSoundBaseResource":"","legacyDoorCloseSoundTime":0.0},{"id":"class_553_pnr_cab_1a","name":"CHTR G553 (Forward)","color":"BEB95C","transportMode":"TRAIN","length":7.0,"width":2.0,"bogie1Position":-1.5,"bogie2Position":3.5,"couplingPadding1":1.5,"couplingPadding2":0.0,"description":"The Class 553 'G441' is an Electric Multiple Unit manufactured by Rodani Rail between 2015 and 2023 for PNR's Nerkden and Elston Railway. They were Designed as 3 Coach Articulated sets due to the short Platforms. They come Equiped with Rack Railway equipment in order to Traverse the Steep grades in the Eastern parts of the Railway. They also have the ability to be Automatically Controlled via CBTC. The units have a Top speed of 120 km/h.","wikipediaArticle":"","tags":[],"models":[{"modelResource":"mtr:chtrg553.bbmodel","textureResource":"mtr:chtrg553v2.png","modelPropertiesResource":"mtr:properties_6312e99.json","positionDefinitionsResource":"mtr:definition_df5da64c.json","flipTextureV":true}],"bogie1Models":[{"modelResource":"mtr:models/vehicle/bogie_1.bbmodel","textureResource":"mtr:textures/vehicle/bogie_1.png","modelPropertiesResource":"mtr:properties/vehicle/bogie_1.json","positionDefinitionsResource":"mtr:properties/definition/origin.json","flipTextureV":true}],"bogie2Models":[{"modelResource":"mtr:models/vehicle/bogie_1.bbmodel","textureResource":"mtr:textures/vehicle/bogie_1.png","modelPropertiesResource":"mtr:properties/vehicle/bogie_1.json","positionDefinitionsResource":"mtr:properties/definition/origin.json","flipTextureV":true}],"hasGangway1":false,"hasGangway2":true,"hasBarrier1":false,"hasBarrier2":true,"legacyRiderOffset":0.0,"bveSoundBaseResource":"london_underground_1995","legacySpeedSoundBaseResource":"","legacySpeedSoundCount":1,"legacyUseAccelerationSoundsWhenCoasting":false,"legacyConstantPlaybackSpeed":false,"legacyDoorSoundBaseResource":"","legacyDoorCloseSoundTime":0.0},{"id":"class_553_pnr_cab_2a","name":"CHTR G553 (Backward)","color":"BEB95C","transportMode":"TRAIN","length":7.0,"width":2.0,"bogie1Position":-3.5,"bogie2Position":1.5,"couplingPadding1":0.0,"couplingPadding2":1.5,"description":"The Class 553 'G441' is an Electric Multiple Unit manufactured by Rodani Rail between 2015 and 2023 for PNR's Nerkden and Elston Railway. They were Designed as 3 Coach Articulated sets due to the short Platforms. They come Equiped with Rack Railway equipment in order to Traverse the Steep grades in the Eastern parts of the Railway. They also have the ability to be Automatically Controlled via CBTC. The units have a Top speed of 120 km/h.","wikipediaArticle":"","tags":[],"models":[{"modelResource":"mtr:chtrg553.bbmodel","textureResource":"mtr:chtrg553v2.png","modelPropertiesResource":"mtr:properties_9cd213ba.json","positionDefinitionsResource":"mtr:definition_792dd3e0.json","flipTextureV":true}],"bogie1Models":[{"modelResource":"mtr:models/vehicle/bogie_1.bbmodel","textureResource":"mtr:textures/vehicle/bogie_1.png","modelPropertiesResource":"mtr:properties/vehicle/bogie_1.json","positionDefinitionsResource":"mtr:properties/definition/origin.json","flipTextureV":true}],"bogie2Models":[{"modelResource":"mtr:models/vehicle/bogie_1.bbmodel","textureResource":"mtr:textures/vehicle/bogie_1.png","modelPropertiesResource":"mtr:properties/vehicle/bogie_1.json","positionDefinitionsResource":"mtr:properties/definition/origin.json","flipTextureV":true}],"hasGangway1":true,"hasGangway2":false,"hasBarrier1":true,"hasBarrier2":false,"legacyRiderOffset":0.0,"bveSoundBaseResource":"london_underground_1995","legacySpeedSoundBaseResource":"","legacySpeedSoundCount":1,"legacyUseAccelerationSoundsWhenCoasting":false,"legacyConstantPlaybackSpeed":false,"legacyDoorSoundBaseResource":"","legacyDoorCloseSoundTime":0.0},{"id":"class_760_pnr_trailera","name":"CHTR F760 (Trailer)","color":"1EAB20","transportMode":"TRAIN","length":25.0,"width":2.0,"bogie1Position":-8.5,"bogie2Position":8.5,"couplingPadding1":0.0,"couplingPadding2":0.0,"description":"The Class 760 'FLYER' is an Electric Multiple Unit manufactured by SRC between 2010 and 2017. It's used on Many Urban lines of PNR and HRR. It has a Top Speed of 160 km/h, and is Built for Carrying Hundreds on a Single Train.","wikipediaArticle":"","tags":[],"models":[{"modelResource":"mtr:chtrf760.bbmodel","textureResource":"mtr:chtrf760v2.png","modelPropertiesResource":"mtr:properties_1136b77f.json","positionDefinitionsResource":"mtr:definition_6e414832.json","flipTextureV":true}],"bogie1Models":[{"modelResource":"mtr:models/vehicle/bogie_1.bbmodel","textureResource":"mtr:textures/vehicle/bogie_1.png","modelPropertiesResource":"mtr:properties/vehicle/bogie_1.json","positionDefinitionsResource":"mtr:properties/definition/origin.json","flipTextureV":true}],"bogie2Models":[{"modelResource":"mtr:models/vehicle/bogie_1.bbmodel","textureResource":"mtr:textures/vehicle/bogie_1.png","modelPropertiesResource":"mtr:properties/vehicle/bogie_1.json","positionDefinitionsResource":"mtr:properties/definition/origin.json","flipTextureV":true}],"hasGangway1":true,"hasGangway2":true,"hasBarrier1":false,"hasBarrier2":false,"legacyRiderOffset":0.0,"bveSoundBaseResource":"london_underground_s7","legacySpeedSoundBaseResource":"","legacySpeedSoundCount":1,"legacyUseAccelerationSoundsWhenCoasting":false,"legacyConstantPlaybackSpeed":false,"legacyDoorSoundBaseResource":"","legacyDoorCloseSoundTime":0.0},{"id":"class_760_pnr_cab_1a","name":"CHTR F760 (Forward)","color":"1EAB20","transportMode":"TRAIN","length":25.0,"width":2.0,"bogie1Position":-8.5,"bogie2Position":8.5,"couplingPadding1":2.5,"couplingPadding2":0.0,"description":"The Class 760 'FLYER' is an Electric Multiple Unit manufactured by SRC between 2010 and 2017. It's used on Many Urban lines of PNR and HRR. It has a Top Speed of 160 km/h, and is Built for Carrying Hundreds on a Single Train.","wikipediaArticle":"","tags":[],"models":[{"modelResource":"mtr:chtrf760.bbmodel","textureResource":"mtr:chtrf760v2.png","modelPropertiesResource":"mtr:properties_66c2382b.json","positionDefinitionsResource":"mtr:definition_72d03b07.json","flipTextureV":true}],"bogie1Models":[{"modelResource":"mtr:models/vehicle/bogie_1.bbmodel","textureResource":"mtr:textures/vehicle/bogie_1.png","modelPropertiesResource":"mtr:properties/vehicle/bogie_1.json","positionDefinitionsResource":"mtr:properties/definition/origin.json","flipTextureV":true}],"bogie2Models":[{"modelResource":"mtr:models/vehicle/bogie_1.bbmodel","textureResource":"mtr:textures/vehicle/bogie_1.png","modelPropertiesResource":"mtr:properties/vehicle/bogie_1.json","positionDefinitionsResource":"mtr:properties/definition/origin.json","flipTextureV":true}],"hasGangway1":false,"hasGangway2":true,"hasBarrier1":false,"hasBarrier2":false,"legacyRiderOffset":0.0,"bveSoundBaseResource":"london_underground_s7","legacySpeedSoundBaseResource":"","legacySpeedSoundCount":1,"legacyUseAccelerationSoundsWhenCoasting":false,"legacyConstantPlaybackSpeed":false,"legacyDoorSoundBaseResource":"","legacyDoorCloseSoundTime":0.0},{"id":"class_760_pnr_cab_2a","name":"CHTR F760 (Backward)","color":"1EAB20","transportMode":"TRAIN","length":25.0,"width":2.0,"bogie1Position":-8.5,"bogie2Position":8.5,"couplingPadding1":0.0,"couplingPadding2":2.5,"description":"The Class 760 'FLYER' is an Electric Multiple Unit manufactured by SRC between 2010 and 2017. It's used on Many Urban lines of PNR and HRR. It has a Top Speed of 160 km/h, and is Built for Carrying Hundreds on a Single Train.","wikipediaArticle":"","tags":[],"models":[{"modelResource":"mtr:chtrf760.bbmodel","textureResource":"mtr:chtrf760v2.png","modelPropertiesResource":"mtr:properties_9877e3fa.json","positionDefinitionsResource":"mtr:definition_fb578827.json","flipTextureV":true}],"bogie1Models":[{"modelResource":"mtr:models/vehicle/bogie_1.bbmodel","textureResource":"mtr:textures/vehicle/bogie_1.png","modelPropertiesResource":"mtr:properties/vehicle/bogie_1.json","positionDefinitionsResource":"mtr:properties/definition/origin.json","flipTextureV":true}],"bogie2Models":[{"modelResource":"mtr:models/vehicle/bogie_1.bbmodel","textureResource":"mtr:textures/vehicle/bogie_1.png","modelPropertiesResource":"mtr:properties/vehicle/bogie_1.json","positionDefinitionsResource":"mtr:properties/definition/origin.json","flipTextureV":true}],"hasGangway1":true,"hasGangway2":false,"hasBarrier1":false,"hasBarrier2":false,"legacyRiderOffset":0.0,"bveSoundBaseResource":"london_underground_s7","legacySpeedSoundBaseResource":"","legacySpeedSoundCount":1,"legacyUseAccelerationSoundsWhenCoasting":false,"legacyConstantPlaybackSpeed":false,"legacyDoorSoundBaseResource":"","legacyDoorCloseSoundTime":0.0},{"id":"class762_pnr_trailera","name":"CHTR N762 (Trailer)","color":"0D7949","transportMode":"TRAIN","length":15.0,"width":2.0,"bogie1Position":-7.5,"bogie2Position":7.5,"couplingPadding1":0.0,"couplingPadding2":0.0,"description":"The Class 762 'Navtara' is an Electric Multiple Unit manufactured by RRG between 2021 and Today. It's used on Urban Trains on PNR, HRR, and JNA. It has a Top Speed of 120 km/h.","wikipediaArticle":"","tags":[],"models":[{"modelResource":"mtr:chtrn762v2.bbmodel","textureResource":"mtr:chtrn762.png","modelPropertiesResource":"mtr:properties_c0d197e3.json","positionDefinitionsResource":"mtr:definition_b9b2e777.json","flipTextureV":true}],"bogie1Models":[{"modelResource":"mtr:models/vehicle/bogie_1.bbmodel","textureResource":"mtr:textures/vehicle/bogie_1.png","modelPropertiesResource":"mtr:properties/vehicle/bogie_1.json","positionDefinitionsResource":"mtr:properties/definition/origin.json","flipTextureV":true}],"bogie2Models":[{"modelResource":"mtr:models/vehicle/bogie_1.bbmodel","textureResource":"mtr:textures/vehicle/bogie_1.png","modelPropertiesResource":"mtr:properties/vehicle/bogie_1.json","positionDefinitionsResource":"mtr:properties/definition/origin.json","flipTextureV":true}],"hasGangway1":true,"hasGangway2":true,"hasBarrier1":false,"hasBarrier2":false,"legacyRiderOffset":0.0,"bveSoundBaseResource":"","legacySpeedSoundBaseResource":"c1141a","legacySpeedSoundCount":93,"legacyUseAccelerationSoundsWhenCoasting":false,"legacyConstantPlaybackSpeed":false,"legacyDoorSoundBaseResource":"class_377","legacyDoorCloseSoundTime":1.0},{"id":"class762_pnr_cab_1a","name":"CHTR N762 (Forward)","color":"0D7949","transportMode":"TRAIN","length":15.0,"width":2.0,"bogie1Position":-5.0,"bogie2Position":7.5,"couplingPadding1":2.0,"couplingPadding2":0.0,"description":"The Class 762 'Navtara' is an Electric Multiple Unit manufactured by RRG between 2021 and Today. It's used on Urban Trains on PNR, HRR, and JNA. It has a Top Speed of 120 km/h.","wikipediaArticle":"","tags":[],"models":[{"modelResource":"mtr:chtrn762v2.bbmodel","textureResource":"mtr:chtrn762.png","modelPropertiesResource":"mtr:properties_3c9dbc4.json","positionDefinitionsResource":"mtr:definition_391f5d38.json","flipTextureV":true}],"bogie1Models":[{"modelResource":"mtr:models/vehicle/bogie_1.bbmodel","textureResource":"mtr:textures/vehicle/bogie_1.png","modelPropertiesResource":"mtr:properties/vehicle/bogie_1.json","positionDefinitionsResource":"mtr:properties/definition/origin.json","flipTextureV":true}],"bogie2Models":[{"modelResource":"mtr:models/vehicle/bogie_1.bbmodel","textureResource":"mtr:textures/vehicle/bogie_1.png","modelPropertiesResource":"mtr:properties/vehicle/bogie_1.json","positionDefinitionsResource":"mtr:properties/definition/origin.json","flipTextureV":true}],"hasGangway1":false,"hasGangway2":true,"hasBarrier1":false,"hasBarrier2":false,"legacyRiderOffset":0.0,"bveSoundBaseResource":"","legacySpeedSoundBaseResource":"c1141a","legacySpeedSoundCount":93,"legacyUseAccelerationSoundsWhenCoasting":false,"legacyConstantPlaybackSpeed":false,"legacyDoorSoundBaseResource":"class_377","legacyDoorCloseSoundTime":1.0},{"id":"class762_pnr_cab_2a","name":"CHTR N762 (Backward)","color":"0D7949","transportMode":"TRAIN","length":15.0,"width":2.0,"bogie1Position":-7.25,"bogie2Position":5.0,"couplingPadding1":0.0,"couplingPadding2":2.0,"description":"The Class 762 'Navtara' is an Electric Multiple Unit manufactured by RRG between 2021 and Today. It's used on Urban Trains on PNR, HRR, and JNA. It has a Top Speed of 120 km/h.","wikipediaArticle":"","tags":[],"models":[{"modelResource":"mtr:chtrn762v2.bbmodel","textureResource":"mtr:chtrn762.png","modelPropertiesResource":"mtr:properties_d9315d62.json","positionDefinitionsResource":"mtr:definition_aaa6850c.json","flipTextureV":true}],"bogie1Models":[{"modelResource":"mtr:models/vehicle/bogie_1.bbmodel","textureResource":"mtr:textures/vehicle/bogie_1.png","modelPropertiesResource":"mtr:properties/vehicle/bogie_1.json","positionDefinitionsResource":"mtr:properties/definition/origin.json","flipTextureV":true}],"bogie2Models":[{"modelResource":"mtr:models/vehicle/bogie_1.bbmodel","textureResource":"mtr:textures/vehicle/bogie_1.png","modelPropertiesResource":"mtr:properties/vehicle/bogie_1.json","positionDefinitionsResource":"mtr:properties/definition/origin.json","flipTextureV":true}],"hasGangway1":true,"hasGangway2":false,"hasBarrier1":false,"hasBarrier2":false,"legacyRiderOffset":0.0,"bveSoundBaseResource":"","legacySpeedSoundBaseResource":"c1141a","legacySpeedSoundCount":93,"legacyUseAccelerationSoundsWhenCoasting":false,"legacyConstantPlaybackSpeed":false,"legacyDoorSoundBaseResource":"class_377","legacyDoorCloseSoundTime":1.0},{"id":"class_778_pnr_trailera","name":"CHTR U778 (Trailer)","color":"463E8A","transportMode":"TRAIN","length":23.0,"width":2.0,"bogie1Position":-7.5,"bogie2Position":7.5,"couplingPadding1":0.0,"couplingPadding2":0.0,"description":"The Class 778 'Urbanworker 4' is an Electric Multiple Unit manufactured by Urbanworker/Selmar瓊 Railnet Between 2020 and Today. It's used almost all PNR Services. There are also Variants for PCMA, LRR, and C. ","wikipediaArticle":"","tags":[],"models":[{"modelResource":"mtr:chtru778.bbmodel","textureResource":"mtr:chtru778.png","modelPropertiesResource":"mtr:properties_63eca05e.json","positionDefinitionsResource":"mtr:definition_4a9c6662.json","flipTextureV":true}],"bogie1Models":[{"modelResource":"mtr:models/vehicle/bogie_1.bbmodel","textureResource":"mtr:textures/vehicle/bogie_1.png","modelPropertiesResource":"mtr:properties/vehicle/bogie_1.json","positionDefinitionsResource":"mtr:properties/definition/origin.json","flipTextureV":true}],"bogie2Models":[{"modelResource":"mtr:models/vehicle/bogie_1.bbmodel","textureResource":"mtr:textures/vehicle/bogie_1.png","modelPropertiesResource":"mtr:properties/vehicle/bogie_1.json","positionDefinitionsResource":"mtr:properties/definition/origin.json","flipTextureV":true}],"hasGangway1":true,"hasGangway2":true,"hasBarrier1":false,"hasBarrier2":false,"legacyRiderOffset":0.0,"bveSoundBaseResource":"","legacySpeedSoundBaseResource":"class_802","legacySpeedSoundCount":120,"legacyUseAccelerationSoundsWhenCoasting":false,"legacyConstantPlaybackSpeed":false,"legacyDoorSoundBaseResource":"class_377","legacyDoorCloseSoundTime":0.0},{"id":"class_778_pnr_cab_1a","name":"CHTR U778 (Forward)","color":"463E8A","transportMode":"TRAIN","length":23.0,"width":2.0,"bogie1Position":-7.5,"bogie2Position":7.5,"couplingPadding1":0.0,"couplingPadding2":0.0,"description":"The Class 778 'Urbanworker 4' is an Electric Multiple Unit manufactured by Urbanworker/Selmar瓊 Railnet Between 2020 and Today. It's used almost all PNR Services. There are also Variants for PCMA, LRR, and C. ","wikipediaArticle":"","tags":[],"models":[{"modelResource":"mtr:chtru778.bbmodel","textureResource":"mtr:chtru778.png","modelPropertiesResource":"mtr:properties_a656cfba.json","positionDefinitionsResource":"mtr:definition_8de6b185.json","flipTextureV":true}],"bogie1Models":[{"modelResource":"mtr:models/vehicle/bogie_1.bbmodel","textureResource":"mtr:textures/vehicle/bogie_1.png","modelPropertiesResource":"mtr:properties/vehicle/bogie_1.json","positionDefinitionsResource":"mtr:properties/definition/origin.json","flipTextureV":true}],"bogie2Models":[{"modelResource":"mtr:models/vehicle/bogie_1.bbmodel","textureResource":"mtr:textures/vehicle/bogie_1.png","modelPropertiesResource":"mtr:properties/vehicle/bogie_1.json","positionDefinitionsResource":"mtr:properties/definition/origin.json","flipTextureV":true}],"hasGangway1":false,"hasGangway2":true,"hasBarrier1":false,"hasBarrier2":false,"legacyRiderOffset":0.0,"bveSoundBaseResource":"","legacySpeedSoundBaseResource":"class_802","legacySpeedSoundCount":120,"legacyUseAccelerationSoundsWhenCoasting":false,"legacyConstantPlaybackSpeed":false,"legacyDoorSoundBaseResource":"class_377","legacyDoorCloseSoundTime":0.0},{"id":"class_778_pnr_cab_2a","name":"CHTR U778 (Backward)","color":"463E8A","transportMode":"TRAIN","length":23.0,"width":2.0,"bogie1Position":-7.5,"bogie2Position":7.5,"couplingPadding1":0.0,"couplingPadding2":0.0,"description":"The Class 778 'Urbanworker 4' is an Electric Multiple Unit manufactured by Urbanworker/Selmar瓊 Railnet Between 2020 and Today. It's used almost all PNR Services. There are also Variants for PCMA, LRR, and C. ","wikipediaArticle":"","tags":[],"models":[{"modelResource":"mtr:chtru778.bbmodel","textureResource":"mtr:chtru778.png","modelPropertiesResource":"mtr:properties_c642c83d.json","positionDefinitionsResource":"mtr:definition_564a0932.json","flipTextureV":true}],"bogie1Models":[{"modelResource":"mtr:models/vehicle/bogie_1.bbmodel","textureResource":"mtr:textures/vehicle/bogie_1.png","modelPropertiesResource":"mtr:properties/vehicle/bogie_1.json","positionDefinitionsResource":"mtr:properties/definition/origin.json","flipTextureV":true}],"bogie2Models":[{"modelResource":"mtr:models/vehicle/bogie_1.bbmodel","textureResource":"mtr:textures/vehicle/bogie_1.png","modelPropertiesResource":"mtr:properties/vehicle/bogie_1.json","positionDefinitionsResource":"mtr:properties/definition/origin.json","flipTextureV":true}],"hasGangway1":true,"hasGangway2":false,"hasBarrier1":false,"hasBarrier2":false,"legacyRiderOffset":0.0,"bveSoundBaseResource":"","legacySpeedSoundBaseResource":"class_802","legacySpeedSoundCount":120,"legacyUseAccelerationSoundsWhenCoasting":false,"legacyConstantPlaybackSpeed":false,"legacyDoorSoundBaseResource":"class_377","legacyDoorCloseSoundTime":0.0}],"signs":[],"rails":[],"objects":[],"lifts":[]}