{"parts":[],"modelYOffset":0.0,"gangwayInnerSideResource":"","gangwayInnerTopResource":"","gangwayInnerBottomResource":"","gangwayOuterSideResource":"","gangwayOuterTopResource":"","gangwayOuterBottomResource":"","gangwayWidth":0.0,"gangwayHeight":0.0,"gangwayYOffset":0.0,"gangwayZOffset":0.0,"barrierInnerSideResource":"","barrierInnerTopResource":"","barrierInnerBottomResource":"","barrierOuterSideResource":"","barrierOuterTopResource":"","barrierOuterBottomResource":"","barrierWidth":0.0,"barrierHeight":0.0,"barrierYOffset":0.0,"barrierZOffset":0.0}