{"vehicles":[{"id":"ctrainrthead","name":"C-Train (RT, Head)","color":"0000FF","transportMode":"TRAIN","length":25.0,"width":2.0,"bogie1Position":-8.5,"bogie2Position":8.5,"couplingPadding1":0.0,"couplingPadding2":0.0,"description":"a","wikipediaArticle":"","tags":[],"models":[{"modelResource":"mtr:models/vehicle/c_train.bbmodel","textureResource":"mtr:c_train_rt.png","modelPropertiesResource":"mtr:properties/vehicle/c_train_head_1.json","positionDefinitionsResource":"mtr:properties/definition/urban_line_base.json","flipTextureV":true},{"modelResource":"mtr:models/vehicle/c_train.bbmodel","textureResource":"mtr:c_train_rt.png","modelPropertiesResource":"mtr:properties/vehicle/c_train_common.json","positionDefinitionsResource":"mtr:properties/definition/urban_line_base.json","flipTextureV":true},{"modelResource":"mtr:models/vehicle/c_train.bbmodel","textureResource":"mtr:c_train_rt.png","modelPropertiesResource":"mtr:properties/vehicle/c_train_end_2.json","positionDefinitionsResource":"mtr:properties/definition/urban_line_base.json","flipTextureV":true}],"bogie1Models":[{"modelResource":"mtr:models/vehicle/bogie_1.bbmodel","textureResource":"mtr:textures/vehicle/bogie_1.png","modelPropertiesResource":"mtr:properties/vehicle/bogie_1.json","positionDefinitionsResource":"mtr:properties/definition/origin.json","flipTextureV":true}],"bogie2Models":[{"modelResource":"mtr:models/vehicle/bogie_1.bbmodel","textureResource":"mtr:textures/vehicle/bogie_1.png","modelPropertiesResource":"mtr:properties/vehicle/bogie_1.json","positionDefinitionsResource":"mtr:properties/definition/origin.json","flipTextureV":true}],"hasGangway1":false,"hasGangway2":false,"hasBarrier1":false,"hasBarrier2":false,"legacyRiderOffset":0.0,"bveSoundBaseResource":"","legacySpeedSoundBaseResource":"c_train","legacySpeedSoundCount":1,"legacyUseAccelerationSoundsWhenCoasting":false,"legacyConstantPlaybackSpeed":false,"legacyDoorSoundBaseResource":"sp1900","legacyDoorCloseSoundTime":0.0},{"id":"ctrainrtmid","name":"C-Train (RT, Middle)","color":"0000FF","transportMode":"TRAIN","length":25.0,"width":2.0,"bogie1Position":-8.5,"bogie2Position":8.5,"couplingPadding1":0.0,"couplingPadding2":0.0,"description":"a","wikipediaArticle":"","tags":[],"models":[{"modelResource":"mtr:models/vehicle/c_train.bbmodel","textureResource":"mtr:c_train_rt.png","modelPropertiesResource":"mtr:properties/vehicle/c_train_end_1.json","positionDefinitionsResource":"mtr:properties/definition/urban_line_base.json","flipTextureV":true},{"modelResource":"mtr:models/vehicle/c_train.bbmodel","textureResource":"mtr:c_train_rt.png","modelPropertiesResource":"mtr:properties/vehicle/c_train_common.json","positionDefinitionsResource":"mtr:properties/definition/urban_line_base.json","flipTextureV":true},{"modelResource":"mtr:models/vehicle/c_train.bbmodel","textureResource":"mtr:c_train_rt.png","modelPropertiesResource":"mtr:properties/vehicle/c_train_end_2.json","positionDefinitionsResource":"mtr:properties/definition/urban_line_base.json","flipTextureV":true}],"bogie1Models":[{"modelResource":"mtr:models/vehicle/bogie_1.bbmodel","textureResource":"mtr:textures/vehicle/bogie_1.png","modelPropertiesResource":"mtr:properties/vehicle/bogie_1.json","positionDefinitionsResource":"mtr:properties/definition/origin.json","flipTextureV":true}],"bogie2Models":[{"modelResource":"mtr:models/vehicle/bogie_1.bbmodel","textureResource":"mtr:textures/vehicle/bogie_1.png","modelPropertiesResource":"mtr:properties/vehicle/bogie_1.json","positionDefinitionsResource":"mtr:properties/definition/origin.json","flipTextureV":true}],"hasGangway1":false,"hasGangway2":false,"hasBarrier1":false,"hasBarrier2":false,"legacyRiderOffset":0.0,"bveSoundBaseResource":"","legacySpeedSoundBaseResource":"c_train","legacySpeedSoundCount":1,"legacyUseAccelerationSoundsWhenCoasting":false,"legacyConstantPlaybackSpeed":false,"legacyDoorSoundBaseResource":"sp1900","legacyDoorCloseSoundTime":0.0},{"id":"ctrainrtend","name":"C-Train (RT, End)","color":"0000FF","transportMode":"TRAIN","length":25.0,"width":2.0,"bogie1Position":-8.5,"bogie2Position":8.5,"couplingPadding1":0.0,"couplingPadding2":0.0,"description":"a","wikipediaArticle":"","tags":[],"models":[{"modelResource":"mtr:models/vehicle/c_train.bbmodel","textureResource":"mtr:c_train_rt.png","modelPropertiesResource":"mtr:properties/vehicle/c_train_end_1.json","positionDefinitionsResource":"mtr:properties/definition/urban_line_base.json","flipTextureV":true},{"modelResource":"mtr:models/vehicle/c_train.bbmodel","textureResource":"mtr:c_train_rt.png","modelPropertiesResource":"mtr:properties/vehicle/c_train_common.json","positionDefinitionsResource":"mtr:properties/definition/urban_line_base.json","flipTextureV":true},{"modelResource":"mtr:models/vehicle/c_train.bbmodel","textureResource":"mtr:c_train_rt.png","modelPropertiesResource":"mtr:properties/vehicle/c_train_head_2.json","positionDefinitionsResource":"mtr:properties/definition/urban_line_base.json","flipTextureV":true}],"bogie1Models":[{"modelResource":"mtr:models/vehicle/bogie_1.bbmodel","textureResource":"mtr:textures/vehicle/bogie_1.png","modelPropertiesResource":"mtr:properties/vehicle/bogie_1.json","positionDefinitionsResource":"mtr:properties/definition/origin.json","flipTextureV":true}],"bogie2Models":[{"modelResource":"mtr:models/vehicle/bogie_1.bbmodel","textureResource":"mtr:textures/vehicle/bogie_1.png","modelPropertiesResource":"mtr:properties/vehicle/bogie_1.json","positionDefinitionsResource":"mtr:properties/definition/origin.json","flipTextureV":true}],"hasGangway1":false,"hasGangway2":false,"hasBarrier1":false,"hasBarrier2":false,"legacyRiderOffset":0.0,"bveSoundBaseResource":"","legacySpeedSoundBaseResource":"c_train","legacySpeedSoundCount":1,"legacyUseAccelerationSoundsWhenCoasting":false,"legacyConstantPlaybackSpeed":false,"legacyDoorSoundBaseResource":"sp1900","legacyDoorCloseSoundTime":0.0},{"id":"1141rthead","name":"C1141A (RT, Head)","color":"0000FF","transportMode":"TRAIN","length":25.0,"width":2.0,"bogie1Position":-8.5,"bogie2Position":8.5,"couplingPadding1":0.0,"couplingPadding2":0.0,"description":"a","wikipediaArticle":"","tags":[],"models":[{"modelResource":"mtr:models/vehicle/sp1900.bbmodel","textureResource":"mtr:1141a_rt.png","modelPropertiesResource":"mtr:properties/vehicle/c1141a_head_1.json","positionDefinitionsResource":"mtr:properties/definition/sp1900.json","flipTextureV":true},{"modelResource":"mtr:models/vehicle/sp1900.bbmodel","textureResource":"mtr:1141a_rt.png","modelPropertiesResource":"mtr:properties/vehicle/c1141a_common.json","positionDefinitionsResource":"mtr:properties/definition/sp1900.json","flipTextureV":true},{"modelResource":"mtr:models/vehicle/sp1900.bbmodel","textureResource":"mtr:1141a_rt.png","modelPropertiesResource":"mtr:properties/vehicle/c1141a_end_2.json","positionDefinitionsResource":"mtr:properties/definition/sp1900.json","flipTextureV":true}],"bogie1Models":[{"modelResource":"mtr:models/vehicle/bogie_1.bbmodel","textureResource":"mtr:textures/vehicle/bogie_1.png","modelPropertiesResource":"mtr:properties/vehicle/bogie_1.json","positionDefinitionsResource":"mtr:properties/definition/origin.json","flipTextureV":true}],"bogie2Models":[{"modelResource":"mtr:models/vehicle/bogie_1.bbmodel","textureResource":"mtr:textures/vehicle/bogie_1.png","modelPropertiesResource":"mtr:properties/vehicle/bogie_1.json","positionDefinitionsResource":"mtr:properties/definition/origin.json","flipTextureV":true}],"hasGangway1":false,"hasGangway2":false,"hasBarrier1":false,"hasBarrier2":false,"legacyRiderOffset":0.0,"bveSoundBaseResource":"","legacySpeedSoundBaseResource":"c_train","legacySpeedSoundCount":1,"legacyUseAccelerationSoundsWhenCoasting":false,"legacyConstantPlaybackSpeed":false,"legacyDoorSoundBaseResource":"sp1900","legacyDoorCloseSoundTime":0.0},{"id":"1141rtmid","name":"C1141A (RT, Middle)","color":"0000FF","transportMode":"TRAIN","length":25.0,"width":2.0,"bogie1Position":-8.5,"bogie2Position":8.5,"couplingPadding1":0.0,"couplingPadding2":0.0,"description":"a","wikipediaArticle":"","tags":[],"models":[{"modelResource":"mtr:models/vehicle/sp1900.bbmodel","textureResource":"mtr:1141a_rt.png","modelPropertiesResource":"mtr:properties/vehicle/c1141a_end_1.json","positionDefinitionsResource":"mtr:properties/definition/sp1900.json","flipTextureV":true},{"modelResource":"mtr:models/vehicle/sp1900.bbmodel","textureResource":"mtr:1141a_rt.png","modelPropertiesResource":"mtr:properties/vehicle/c1141a_common.json","positionDefinitionsResource":"mtr:properties/definition/sp1900.json","flipTextureV":true},{"modelResource":"mtr:models/vehicle/sp1900.bbmodel","textureResource":"mtr:1141a_rt.png","modelPropertiesResource":"mtr:properties/vehicle/c1141a_end_2.json","positionDefinitionsResource":"mtr:properties/definition/sp1900.json","flipTextureV":true}],"bogie1Models":[{"modelResource":"mtr:models/vehicle/bogie_1.bbmodel","textureResource":"mtr:textures/vehicle/bogie_1.png","modelPropertiesResource":"mtr:properties/vehicle/bogie_1.json","positionDefinitionsResource":"mtr:properties/definition/origin.json","flipTextureV":true}],"bogie2Models":[{"modelResource":"mtr:models/vehicle/bogie_1.bbmodel","textureResource":"mtr:textures/vehicle/bogie_1.png","modelPropertiesResource":"mtr:properties/vehicle/bogie_1.json","positionDefinitionsResource":"mtr:properties/definition/origin.json","flipTextureV":true}],"hasGangway1":false,"hasGangway2":false,"hasBarrier1":false,"hasBarrier2":false,"legacyRiderOffset":0.0,"bveSoundBaseResource":"","legacySpeedSoundBaseResource":"c1141a","legacySpeedSoundCount":200,"legacyUseAccelerationSoundsWhenCoasting":false,"legacyConstantPlaybackSpeed":false,"legacyDoorSoundBaseResource":"sp1900","legacyDoorCloseSoundTime":0.0},{"id":"1141rtend","name":"C1141A (RT, End)","color":"0000FF","transportMode":"TRAIN","length":25.0,"width":2.0,"bogie1Position":-8.5,"bogie2Position":8.5,"couplingPadding1":0.0,"couplingPadding2":0.0,"description":"a","wikipediaArticle":"","tags":[],"models":[{"modelResource":"mtr:models/vehicle/sp1900.bbmodel","textureResource":"mtr:1141a_rt.png","modelPropertiesResource":"mtr:properties/vehicle/c1141a_end_1.json","positionDefinitionsResource":"mtr:properties/definition/sp1900.json","flipTextureV":true},{"modelResource":"mtr:models/vehicle/sp1900.bbmodel","textureResource":"mtr:1141a_rt.png","modelPropertiesResource":"mtr:properties/vehicle/c1141a_common.json","positionDefinitionsResource":"mtr:properties/definition/sp1900.json","flipTextureV":true},{"modelResource":"mtr:models/vehicle/sp1900.bbmodel","textureResource":"mtr:1141a_rt.png","modelPropertiesResource":"mtr:properties/vehicle/c1141a_head_2.json","positionDefinitionsResource":"mtr:properties/definition/sp1900.json","flipTextureV":true}],"bogie1Models":[{"modelResource":"mtr:models/vehicle/bogie_1.bbmodel","textureResource":"mtr:textures/vehicle/bogie_1.png","modelPropertiesResource":"mtr:properties/vehicle/bogie_1.json","positionDefinitionsResource":"mtr:properties/definition/origin.json","flipTextureV":true}],"bogie2Models":[{"modelResource":"mtr:models/vehicle/bogie_1.bbmodel","textureResource":"mtr:textures/vehicle/bogie_1.png","modelPropertiesResource":"mtr:properties/vehicle/bogie_1.json","positionDefinitionsResource":"mtr:properties/definition/origin.json","flipTextureV":true}],"hasGangway1":false,"hasGangway2":false,"hasBarrier1":false,"hasBarrier2":false,"legacyRiderOffset":0.0,"bveSoundBaseResource":"","legacySpeedSoundBaseResource":"c_train","legacySpeedSoundCount":1,"legacyUseAccelerationSoundsWhenCoasting":false,"legacyConstantPlaybackSpeed":false,"legacyDoorSoundBaseResource":"sp1900","legacyDoorCloseSoundTime":0.0},{"id":"cafrthead","name":"CAF-Train (RT, Head)","color":"0000FF","transportMode":"TRAIN","length":25.0,"width":2.0,"bogie1Position":-8.5,"bogie2Position":8.5,"couplingPadding1":0.0,"couplingPadding2":0.0,"description":"a","wikipediaArticle":"","tags":[],"models":[{"modelResource":"mtr:models/vehicle/a_train.bbmodel","textureResource":"mtr:bruhthisisfuckingstupid_rt.png","modelPropertiesResource":"mtr:properties/vehicle/a_train_tcl_head_1.json","positionDefinitionsResource":"mtr:properties/definition/urban_line_base.json","flipTextureV":true},{"modelResource":"mtr:models/vehicle/a_train.bbmodel","textureResource":"mtr:bruhthisisfuckingstupid_rt.png","modelPropertiesResource":"mtr:properties/vehicle/a_train_tcl_common.json","positionDefinitionsResource":"mtr:properties/definition/urban_line_base.json","flipTextureV":true},{"modelResource":"mtr:models/vehicle/a_train.bbmodel","textureResource":"mtr:bruhthisisfuckingstupid_rt.png","modelPropertiesResource":"mtr:properties/vehicle/a_train_tcl_end_2.json","positionDefinitionsResource":"mtr:properties/definition/urban_line_base.json","flipTextureV":true}],"bogie1Models":[{"modelResource":"mtr:models/vehicle/bogie_1.bbmodel","textureResource":"mtr:textures/vehicle/bogie_1.png","modelPropertiesResource":"mtr:properties/vehicle/bogie_1.json","positionDefinitionsResource":"mtr:properties/definition/origin.json","flipTextureV":true}],"bogie2Models":[{"modelResource":"mtr:models/vehicle/bogie_1.bbmodel","textureResource":"mtr:textures/vehicle/bogie_1.png","modelPropertiesResource":"mtr:properties/vehicle/bogie_1.json","positionDefinitionsResource":"mtr:properties/definition/origin.json","flipTextureV":true}],"hasGangway1":false,"hasGangway2":false,"hasBarrier1":false,"hasBarrier2":false,"legacyRiderOffset":0.0,"bveSoundBaseResource":"a_train","legacySpeedSoundBaseResource":"","legacySpeedSoundCount":1,"legacyUseAccelerationSoundsWhenCoasting":false,"legacyConstantPlaybackSpeed":false,"legacyDoorSoundBaseResource":"","legacyDoorCloseSoundTime":0.0},{"id":"cafrtmid","name":"CAF-Train (RT, Middle)","color":"0000FF","transportMode":"TRAIN","length":25.0,"width":2.0,"bogie1Position":-8.5,"bogie2Position":8.5,"couplingPadding1":0.0,"couplingPadding2":0.0,"description":"a","wikipediaArticle":"","tags":[],"models":[{"modelResource":"mtr:models/vehicle/a_train.bbmodel","textureResource":"mtr:bruhthisisfuckingstupid_rt.png","modelPropertiesResource":"mtr:properties/vehicle/a_train_tcl_end_1.json","positionDefinitionsResource":"mtr:properties/definition/urban_line_base.json","flipTextureV":true},{"modelResource":"mtr:models/vehicle/a_train.bbmodel","textureResource":"mtr:bruhthisisfuckingstupid_rt.png","modelPropertiesResource":"mtr:properties/vehicle/a_train_tcl_common.json","positionDefinitionsResource":"mtr:properties/definition/urban_line_base.json","flipTextureV":true},{"modelResource":"mtr:models/vehicle/a_train.bbmodel","textureResource":"mtr:bruhthisisfuckingstupid_rt.png","modelPropertiesResource":"mtr:properties/vehicle/a_train_tcl_end_2.json","positionDefinitionsResource":"mtr:properties/definition/urban_line_base.json","flipTextureV":true}],"bogie1Models":[{"modelResource":"mtr:models/vehicle/bogie_1.bbmodel","textureResource":"mtr:textures/vehicle/bogie_1.png","modelPropertiesResource":"mtr:properties/vehicle/bogie_1.json","positionDefinitionsResource":"mtr:properties/definition/origin.json","flipTextureV":true}],"bogie2Models":[{"modelResource":"mtr:models/vehicle/bogie_1.bbmodel","textureResource":"mtr:textures/vehicle/bogie_1.png","modelPropertiesResource":"mtr:properties/vehicle/bogie_1.json","positionDefinitionsResource":"mtr:properties/definition/origin.json","flipTextureV":true}],"hasGangway1":false,"hasGangway2":false,"hasBarrier1":false,"hasBarrier2":false,"legacyRiderOffset":0.0,"bveSoundBaseResource":"a_train","legacySpeedSoundBaseResource":"","legacySpeedSoundCount":1,"legacyUseAccelerationSoundsWhenCoasting":false,"legacyConstantPlaybackSpeed":false,"legacyDoorSoundBaseResource":"","legacyDoorCloseSoundTime":0.0},{"id":"cafrtend","name":"CAF-Train (RT, End)","color":"0000FF","transportMode":"TRAIN","length":25.0,"width":2.0,"bogie1Position":-8.5,"bogie2Position":8.5,"couplingPadding1":0.0,"couplingPadding2":0.0,"description":"a","wikipediaArticle":"","tags":[],"models":[{"modelResource":"mtr:models/vehicle/a_train.bbmodel","textureResource":"mtr:mydogshitbrainkeepsforgettingabouteverything.png","modelPropertiesResource":"mtr:properties/vehicle/a_train_tcl_end_1.json","positionDefinitionsResource":"mtr:properties/definition/urban_line_base.json","flipTextureV":true},{"modelResource":"mtr:models/vehicle/a_train.bbmodel","textureResource":"mtr:mydogshitbrainkeepsforgettingabouteverything.png","modelPropertiesResource":"mtr:properties/vehicle/a_train_tcl_common.json","positionDefinitionsResource":"mtr:properties/definition/urban_line_base.json","flipTextureV":true},{"modelResource":"mtr:models/vehicle/a_train.bbmodel","textureResource":"mtr:mydogshitbrainkeepsforgettingabouteverything.png","modelPropertiesResource":"mtr:properties/vehicle/a_train_tcl_head_2.json","positionDefinitionsResource":"mtr:properties/definition/urban_line_base.json","flipTextureV":true}],"bogie1Models":[{"modelResource":"mtr:models/vehicle/bogie_1.bbmodel","textureResource":"mtr:textures/vehicle/bogie_1.png","modelPropertiesResource":"mtr:properties/vehicle/bogie_1.json","positionDefinitionsResource":"mtr:properties/definition/origin.json","flipTextureV":true}],"bogie2Models":[{"modelResource":"mtr:models/vehicle/bogie_1.bbmodel","textureResource":"mtr:textures/vehicle/bogie_1.png","modelPropertiesResource":"mtr:properties/vehicle/bogie_1.json","positionDefinitionsResource":"mtr:properties/definition/origin.json","flipTextureV":true}],"hasGangway1":false,"hasGangway2":false,"hasBarrier1":false,"hasBarrier2":false,"legacyRiderOffset":0.0,"bveSoundBaseResource":"a_train","legacySpeedSoundBaseResource":"","legacySpeedSoundCount":1,"legacyUseAccelerationSoundsWhenCoasting":false,"legacyConstantPlaybackSpeed":false,"legacyDoorSoundBaseResource":"","legacyDoorCloseSoundTime":0.0}],"signs":[],"rails":[],"objects":[],"lifts":[]}