{"positionDefinitions":[{"name":"14bc3b1","positions":[{"x":0.0,"y":0.0,"z":0.0}],"positionsFlipped":[]},{"name":"c215d559","positions":[{"x":0.0,"y":0.0,"z":0.0}],"positionsFlipped":[]},{"name":"92fe00de","positions":[{"x":0.0,"y":0.0,"z":0.0}],"positionsFlipped":[]},{"name":"874304c6","positions":[{"x":0.0,"y":0.0,"z":0.0}],"positionsFlipped":[]},{"name":"13406c9e","positions":[{"x":0.0,"y":0.0,"z":185.0},{"x":0.0,"y":0.0,"z":-185.0}],"positionsFlipped":[{"x":0.0,"y":0.0,"z":185.0},{"x":0.0,"y":0.0,"z":-185.0}]},{"name":"6d5fcec","positions":[{"x":0.0,"y":0.0,"z":185.0}],"positionsFlipped":[{"x":0.0,"y":0.0,"z":-185.0}]},{"name":"4426f3b0","positions":[{"x":0.0,"y":0.0,"z":185.0}],"positionsFlipped":[{"x":0.0,"y":0.0,"z":-185.0}]},{"name":"1bb46aeb","positions":[{"x":0.0,"y":0.0,"z":-185.0}],"positionsFlipped":[{"x":0.0,"y":0.0,"z":185.0}]},{"name":"b029a671","positions":[{"x":0.0,"y":0.0,"z":-185.0}],"positionsFlipped":[{"x":0.0,"y":0.0,"z":185.0}]},{"name":"49ac16dc","positions":[{"x":19.0,"y":0.0,"z":-12.0},{"x":13.0,"y":0.0,"z":-12.0},{"x":-19.0,"y":0.0,"z":-12.0},{"x":-13.0,"y":0.0,"z":-12.0},{"x":19.0,"y":0.0,"z":-44.0},{"x":13.0,"y":0.0,"z":-44.0},{"x":-19.0,"y":0.0,"z":-44.0},{"x":-13.0,"y":0.0,"z":-44.0},{"x":19.0,"y":0.0,"z":-76.0},{"x":13.0,"y":0.0,"z":-76.0},{"x":-19.0,"y":0.0,"z":-76.0},{"x":-13.0,"y":0.0,"z":-76.0},{"x":19.0,"y":0.0,"z":-108.0},{"x":13.0,"y":0.0,"z":-108.0},{"x":-19.0,"y":0.0,"z":-108.0},{"x":-13.0,"y":0.0,"z":-108.0},{"x":19.0,"y":0.0,"z":-140.0},{"x":13.0,"y":0.0,"z":-140.0},{"x":-19.0,"y":0.0,"z":-140.0},{"x":-13.0,"y":0.0,"z":-140.0},{"x":19.0,"y":0.0,"z":-172.0},{"x":13.0,"y":0.0,"z":-172.0},{"x":-19.0,"y":0.0,"z":-172.0},{"x":-13.0,"y":0.0,"z":-172.0},{"x":19.0,"y":0.0,"z":20.0},{"x":13.0,"y":0.0,"z":20.0},{"x":-19.0,"y":0.0,"z":20.0},{"x":-13.0,"y":0.0,"z":20.0},{"x":19.0,"y":0.0,"z":52.0},{"x":13.0,"y":0.0,"z":52.0},{"x":-19.0,"y":0.0,"z":52.0},{"x":-13.0,"y":0.0,"z":52.0},{"x":19.0,"y":0.0,"z":84.0},{"x":13.0,"y":0.0,"z":84.0},{"x":-19.0,"y":0.0,"z":84.0},{"x":-13.0,"y":0.0,"z":84.0},{"x":19.0,"y":0.0,"z":116.0},{"x":13.0,"y":0.0,"z":116.0},{"x":-19.0,"y":0.0,"z":116.0},{"x":-13.0,"y":0.0,"z":116.0},{"x":19.0,"y":0.0,"z":148.0},{"x":13.0,"y":0.0,"z":148.0},{"x":-19.0,"y":0.0,"z":148.0},{"x":-13.0,"y":0.0,"z":148.0}],"positionsFlipped":[{"x":19.0,"y":0.0,"z":12.0},{"x":13.0,"y":0.0,"z":12.0},{"x":-19.0,"y":0.0,"z":12.0},{"x":-13.0,"y":0.0,"z":12.0},{"x":19.0,"y":0.0,"z":44.0},{"x":13.0,"y":0.0,"z":44.0},{"x":-19.0,"y":0.0,"z":44.0},{"x":-13.0,"y":0.0,"z":44.0},{"x":19.0,"y":0.0,"z":76.0},{"x":13.0,"y":0.0,"z":76.0},{"x":-19.0,"y":0.0,"z":76.0},{"x":-13.0,"y":0.0,"z":76.0},{"x":19.0,"y":0.0,"z":108.0},{"x":13.0,"y":0.0,"z":108.0},{"x":-19.0,"y":0.0,"z":108.0},{"x":-13.0,"y":0.0,"z":108.0},{"x":19.0,"y":0.0,"z":140.0},{"x":13.0,"y":0.0,"z":140.0},{"x":-19.0,"y":0.0,"z":140.0},{"x":-13.0,"y":0.0,"z":140.0},{"x":19.0,"y":0.0,"z":172.0},{"x":13.0,"y":0.0,"z":172.0},{"x":-19.0,"y":0.0,"z":172.0},{"x":-13.0,"y":0.0,"z":172.0},{"x":19.0,"y":0.0,"z":-20.0},{"x":13.0,"y":0.0,"z":-20.0},{"x":-19.0,"y":0.0,"z":-20.0},{"x":-13.0,"y":0.0,"z":-20.0},{"x":19.0,"y":0.0,"z":-52.0},{"x":13.0,"y":0.0,"z":-52.0},{"x":-19.0,"y":0.0,"z":-52.0},{"x":-13.0,"y":0.0,"z":-52.0},{"x":19.0,"y":0.0,"z":-84.0},{"x":13.0,"y":0.0,"z":-84.0},{"x":-19.0,"y":0.0,"z":-84.0},{"x":-13.0,"y":0.0,"z":-84.0},{"x":19.0,"y":0.0,"z":-116.0},{"x":13.0,"y":0.0,"z":-116.0},{"x":-19.0,"y":0.0,"z":-116.0},{"x":-13.0,"y":0.0,"z":-116.0},{"x":19.0,"y":0.0,"z":-148.0},{"x":13.0,"y":0.0,"z":-148.0},{"x":-19.0,"y":0.0,"z":-148.0},{"x":-13.0,"y":0.0,"z":-148.0}]},{"name":"596158e4","positions":[{"x":19.0,"y":0.0,"z":-12.0},{"x":13.0,"y":0.0,"z":-12.0},{"x":-19.0,"y":0.0,"z":-12.0},{"x":-13.0,"y":0.0,"z":-12.0},{"x":19.0,"y":0.0,"z":-44.0},{"x":13.0,"y":0.0,"z":-44.0},{"x":-19.0,"y":0.0,"z":-44.0},{"x":-13.0,"y":0.0,"z":-44.0},{"x":19.0,"y":0.0,"z":-76.0},{"x":13.0,"y":0.0,"z":-76.0},{"x":-19.0,"y":0.0,"z":-76.0},{"x":-13.0,"y":0.0,"z":-76.0},{"x":19.0,"y":0.0,"z":-108.0},{"x":13.0,"y":0.0,"z":-108.0},{"x":-19.0,"y":0.0,"z":-108.0},{"x":-13.0,"y":0.0,"z":-108.0},{"x":19.0,"y":0.0,"z":-140.0},{"x":13.0,"y":0.0,"z":-140.0},{"x":-19.0,"y":0.0,"z":-140.0},{"x":-13.0,"y":0.0,"z":-140.0},{"x":19.0,"y":0.0,"z":-172.0},{"x":13.0,"y":0.0,"z":-172.0},{"x":-19.0,"y":0.0,"z":-172.0},{"x":-13.0,"y":0.0,"z":-172.0},{"x":19.0,"y":0.0,"z":20.0},{"x":13.0,"y":0.0,"z":20.0},{"x":-19.0,"y":0.0,"z":20.0},{"x":-13.0,"y":0.0,"z":20.0},{"x":19.0,"y":0.0,"z":52.0},{"x":13.0,"y":0.0,"z":52.0},{"x":-19.0,"y":0.0,"z":52.0},{"x":-13.0,"y":0.0,"z":52.0},{"x":19.0,"y":0.0,"z":84.0},{"x":13.0,"y":0.0,"z":84.0},{"x":-19.0,"y":0.0,"z":84.0},{"x":-13.0,"y":0.0,"z":84.0},{"x":19.0,"y":0.0,"z":116.0},{"x":13.0,"y":0.0,"z":116.0},{"x":-19.0,"y":0.0,"z":116.0},{"x":-13.0,"y":0.0,"z":116.0},{"x":19.0,"y":0.0,"z":148.0},{"x":13.0,"y":0.0,"z":148.0},{"x":-19.0,"y":0.0,"z":148.0},{"x":-13.0,"y":0.0,"z":148.0}],"positionsFlipped":[{"x":19.0,"y":0.0,"z":12.0},{"x":13.0,"y":0.0,"z":12.0},{"x":-19.0,"y":0.0,"z":12.0},{"x":-13.0,"y":0.0,"z":12.0},{"x":19.0,"y":0.0,"z":44.0},{"x":13.0,"y":0.0,"z":44.0},{"x":-19.0,"y":0.0,"z":44.0},{"x":-13.0,"y":0.0,"z":44.0},{"x":19.0,"y":0.0,"z":76.0},{"x":13.0,"y":0.0,"z":76.0},{"x":-19.0,"y":0.0,"z":76.0},{"x":-13.0,"y":0.0,"z":76.0},{"x":19.0,"y":0.0,"z":108.0},{"x":13.0,"y":0.0,"z":108.0},{"x":-19.0,"y":0.0,"z":108.0},{"x":-13.0,"y":0.0,"z":108.0},{"x":19.0,"y":0.0,"z":140.0},{"x":13.0,"y":0.0,"z":140.0},{"x":-19.0,"y":0.0,"z":140.0},{"x":-13.0,"y":0.0,"z":140.0},{"x":19.0,"y":0.0,"z":172.0},{"x":13.0,"y":0.0,"z":172.0},{"x":-19.0,"y":0.0,"z":172.0},{"x":-13.0,"y":0.0,"z":172.0},{"x":19.0,"y":0.0,"z":-20.0},{"x":13.0,"y":0.0,"z":-20.0},{"x":-19.0,"y":0.0,"z":-20.0},{"x":-13.0,"y":0.0,"z":-20.0},{"x":19.0,"y":0.0,"z":-52.0},{"x":13.0,"y":0.0,"z":-52.0},{"x":-19.0,"y":0.0,"z":-52.0},{"x":-13.0,"y":0.0,"z":-52.0},{"x":19.0,"y":0.0,"z":-84.0},{"x":13.0,"y":0.0,"z":-84.0},{"x":-19.0,"y":0.0,"z":-84.0},{"x":-13.0,"y":0.0,"z":-84.0},{"x":19.0,"y":0.0,"z":-116.0},{"x":13.0,"y":0.0,"z":-116.0},{"x":-19.0,"y":0.0,"z":-116.0},{"x":-13.0,"y":0.0,"z":-116.0},{"x":19.0,"y":0.0,"z":-148.0},{"x":13.0,"y":0.0,"z":-148.0},{"x":-19.0,"y":0.0,"z":-148.0},{"x":-13.0,"y":0.0,"z":-148.0}]},{"name":"47b27061","positions":[{"x":0.0,"y":0.0,"z":-200.0}],"positionsFlipped":[{"x":0.0,"y":0.0,"z":200.0}]}]}