{"positionDefinitions":[{"name":"4f424761","positions":[{"x":0.0,"y":0.0,"z":0.0},{"x":0.0,"y":0.0,"z":32.0},{"x":0.0,"y":0.0,"z":-32.0},{"x":0.0,"y":0.0,"z":64.0},{"x":0.0,"y":0.0,"z":-64.0}],"positionsFlipped":[]},{"name":"b0d5a3cb","positions":[{"x":0.0,"y":0.0,"z":0.0},{"x":0.0,"y":0.0,"z":32.0},{"x":0.0,"y":0.0,"z":-32.0},{"x":0.0,"y":0.0,"z":64.0},{"x":0.0,"y":0.0,"z":-64.0}],"positionsFlipped":[]},{"name":"13bb8498","positions":[{"x":0.0,"y":0.0,"z":0.0},{"x":0.0,"y":0.0,"z":32.0},{"x":0.0,"y":0.0,"z":-32.0},{"x":0.0,"y":0.0,"z":64.0},{"x":0.0,"y":0.0,"z":-64.0}],"positionsFlipped":[]},{"name":"2811687","positions":[{"x":0.0,"y":0.0,"z":0.0},{"x":0.0,"y":0.0,"z":32.0},{"x":0.0,"y":0.0,"z":-32.0},{"x":0.0,"y":0.0,"z":64.0},{"x":0.0,"y":0.0,"z":-64.0}],"positionsFlipped":[]},{"name":"4f7bbb3b","positions":[{"x":0.0,"y":0.0,"z":-104.0}],"positionsFlipped":[{"x":0.0,"y":0.0,"z":104.0}]},{"name":"7416170f","positions":[{"x":0.0,"y":0.0,"z":-104.0}],"positionsFlipped":[{"x":0.0,"y":0.0,"z":104.0}]},{"name":"83cf8044","positions":[{"x":0.0,"y":0.0,"z":-104.0}],"positionsFlipped":[{"x":0.0,"y":0.0,"z":104.0}]},{"name":"ae862b57","positions":[{"x":0.0,"y":0.0,"z":-104.0},{"x":0.0,"y":0.0,"z":137.0}],"positionsFlipped":[{"x":0.0,"y":0.0,"z":-137.0},{"x":0.0,"y":0.0,"z":104.0}]},{"name":"462187c9","positions":[{"x":0.0,"y":0.0,"z":-104.0},{"x":0.0,"y":0.0,"z":137.0}],"positionsFlipped":[{"x":0.0,"y":0.0,"z":-137.0},{"x":0.0,"y":0.0,"z":104.0}]},{"name":"51ef11c2","positions":[{"x":0.0,"y":0.0,"z":-104.0}],"positionsFlipped":[{"x":0.0,"y":0.0,"z":104.0}]},{"name":"1cef037c","positions":[{"x":0.0,"y":0.0,"z":-121.0},{"x":0.0,"y":0.0,"z":121.0}],"positionsFlipped":[{"x":0.0,"y":0.0,"z":-121.0},{"x":0.0,"y":0.0,"z":121.0}]},{"name":"acb00728","positions":[{"x":0.0,"y":0.0,"z":-121.0},{"x":0.0,"y":0.0,"z":121.0}],"positionsFlipped":[{"x":0.0,"y":0.0,"z":-121.0},{"x":0.0,"y":0.0,"z":121.0}]},{"name":"4ec7e184","positions":[{"x":0.0,"y":0.0,"z":-121.0},{"x":0.0,"y":0.0,"z":121.0}],"positionsFlipped":[{"x":0.0,"y":0.0,"z":-121.0},{"x":0.0,"y":0.0,"z":121.0}]},{"name":"67ebfaa7","positions":[{"x":0.0,"y":0.0,"z":-121.0},{"x":0.0,"y":0.0,"z":121.0}],"positionsFlipped":[{"x":0.0,"y":0.0,"z":-121.0},{"x":0.0,"y":0.0,"z":121.0}]},{"name":"78cee7b0","positions":[{"x":0.0,"y":0.0,"z":-121.0},{"x":0.0,"y":0.0,"z":121.0}],"positionsFlipped":[{"x":0.0,"y":0.0,"z":-121.0},{"x":0.0,"y":0.0,"z":121.0}]},{"name":"6a6f41be","positions":[{"x":0.0,"y":0.0,"z":-168.0},{"x":0.0,"y":0.0,"z":168.0}],"positionsFlipped":[]},{"name":"b3ab19bc","positions":[{"x":0.0,"y":0.0,"z":-168.0},{"x":0.0,"y":0.0,"z":168.0}],"positionsFlipped":[]},{"name":"460a5329","positions":[{"x":0.0,"y":0.0,"z":-168.0},{"x":0.0,"y":0.0,"z":168.0}],"positionsFlipped":[]},{"name":"665b6201","positions":[{"x":0.0,"y":0.0,"z":-168.0},{"x":0.0,"y":0.0,"z":168.0}],"positionsFlipped":[]},{"name":"491d18d3","positions":[],"positionsFlipped":[{"x":0.0,"y":0.0,"z":-168.0}]},{"name":"dc477c82","positions":[],"positionsFlipped":[{"x":0.0,"y":0.0,"z":-168.0}]},{"name":"ef3315c8","positions":[{"x":17.0,"y":10.0,"z":-10.0},{"x":11.0,"y":10.0,"z":-10.0},{"x":5.0,"y":10.0,"z":-10.0},{"x":-17.0,"y":10.0,"z":-10.0},{"x":-11.0,"y":10.0,"z":-10.0},{"x":17.0,"y":10.0,"z":-41.0},{"x":11.0,"y":10.0,"z":-41.0},{"x":5.0,"y":10.0,"z":-41.0},{"x":-17.0,"y":10.0,"z":-41.0},{"x":-11.0,"y":10.0,"z":-41.0},{"x":17.0,"y":10.0,"z":-72.0},{"x":11.0,"y":10.0,"z":-72.0},{"x":5.0,"y":10.0,"z":-72.0},{"x":-17.0,"y":10.0,"z":-72.0},{"x":-11.0,"y":10.0,"z":-72.0},{"x":17.0,"y":10.0,"z":21.0},{"x":11.0,"y":10.0,"z":21.0},{"x":5.0,"y":10.0,"z":21.0},{"x":-17.0,"y":10.0,"z":21.0},{"x":-11.0,"y":10.0,"z":21.0},{"x":17.0,"y":10.0,"z":52.0},{"x":11.0,"y":10.0,"z":52.0},{"x":5.0,"y":10.0,"z":52.0},{"x":-17.0,"y":10.0,"z":52.0},{"x":-11.0,"y":10.0,"z":52.0},{"x":17.0,"y":-22.0,"z":-10.0},{"x":11.0,"y":-22.0,"z":-10.0},{"x":5.0,"y":-22.0,"z":-10.0},{"x":-17.0,"y":-22.0,"z":-10.0},{"x":-11.0,"y":-22.0,"z":-10.0},{"x":17.0,"y":-22.0,"z":-41.0},{"x":11.0,"y":-22.0,"z":-41.0},{"x":5.0,"y":-22.0,"z":-41.0},{"x":-17.0,"y":-22.0,"z":-41.0},{"x":-11.0,"y":-22.0,"z":-41.0},{"x":17.0,"y":-22.0,"z":-72.0},{"x":11.0,"y":-22.0,"z":-72.0},{"x":5.0,"y":-22.0,"z":-72.0},{"x":-17.0,"y":-22.0,"z":-72.0},{"x":-11.0,"y":-22.0,"z":-72.0},{"x":17.0,"y":-22.0,"z":21.0},{"x":11.0,"y":-22.0,"z":21.0},{"x":5.0,"y":-22.0,"z":21.0},{"x":-17.0,"y":-22.0,"z":21.0},{"x":-11.0,"y":-22.0,"z":21.0},{"x":17.0,"y":-22.0,"z":52.0},{"x":11.0,"y":-22.0,"z":52.0},{"x":5.0,"y":-22.0,"z":52.0},{"x":-17.0,"y":-22.0,"z":52.0},{"x":-11.0,"y":-22.0,"z":52.0}],"positionsFlipped":[{"x":17.0,"y":10.0,"z":10.0},{"x":11.0,"y":10.0,"z":10.0},{"x":-5.0,"y":10.0,"z":10.0},{"x":-17.0,"y":10.0,"z":10.0},{"x":-11.0,"y":10.0,"z":10.0},{"x":17.0,"y":10.0,"z":41.0},{"x":11.0,"y":10.0,"z":41.0},{"x":-5.0,"y":10.0,"z":41.0},{"x":-17.0,"y":10.0,"z":41.0},{"x":-11.0,"y":10.0,"z":41.0},{"x":17.0,"y":10.0,"z":72.0},{"x":11.0,"y":10.0,"z":72.0},{"x":-5.0,"y":10.0,"z":72.0},{"x":-17.0,"y":10.0,"z":72.0},{"x":-11.0,"y":10.0,"z":72.0},{"x":17.0,"y":10.0,"z":-21.0},{"x":11.0,"y":10.0,"z":-21.0},{"x":-5.0,"y":10.0,"z":-21.0},{"x":-17.0,"y":10.0,"z":-21.0},{"x":-11.0,"y":10.0,"z":-21.0},{"x":17.0,"y":10.0,"z":-52.0},{"x":11.0,"y":10.0,"z":-52.0},{"x":-5.0,"y":10.0,"z":-52.0},{"x":-17.0,"y":10.0,"z":-52.0},{"x":-11.0,"y":10.0,"z":-52.0},{"x":17.0,"y":-22.0,"z":10.0},{"x":11.0,"y":-22.0,"z":10.0},{"x":-5.0,"y":-22.0,"z":10.0},{"x":-17.0,"y":-22.0,"z":10.0},{"x":-11.0,"y":-22.0,"z":10.0},{"x":17.0,"y":-22.0,"z":41.0},{"x":11.0,"y":-22.0,"z":41.0},{"x":-5.0,"y":-22.0,"z":41.0},{"x":-17.0,"y":-22.0,"z":41.0},{"x":-11.0,"y":-22.0,"z":41.0},{"x":17.0,"y":-22.0,"z":72.0},{"x":11.0,"y":-22.0,"z":72.0},{"x":-5.0,"y":-22.0,"z":72.0},{"x":-17.0,"y":-22.0,"z":72.0},{"x":-11.0,"y":-22.0,"z":72.0},{"x":17.0,"y":-22.0,"z":-21.0},{"x":11.0,"y":-22.0,"z":-21.0},{"x":-5.0,"y":-22.0,"z":-21.0},{"x":-17.0,"y":-22.0,"z":-21.0},{"x":-11.0,"y":-22.0,"z":-21.0},{"x":17.0,"y":-22.0,"z":-52.0},{"x":11.0,"y":-22.0,"z":-52.0},{"x":-5.0,"y":-22.0,"z":-52.0},{"x":-17.0,"y":-22.0,"z":-52.0},{"x":-11.0,"y":-22.0,"z":-52.0}]},{"name":"8effcf46","positions":[{"x":0.0,"y":0.0,"z":216.0}],"positionsFlipped":[]},{"name":"f75913ba","positions":[{"x":0.0,"y":0.0,"z":216.0}],"positionsFlipped":[]},{"name":"5cf4ecf7","positions":[{"x":0.0,"y":0.0,"z":216.0}],"positionsFlipped":[]},{"name":"4e574e3e","positions":[{"x":0.0,"y":0.0,"z":216.0}],"positionsFlipped":[]},{"name":"51001b9f","positions":[{"x":0.0,"y":0.0,"z":216.0}],"positionsFlipped":[]},{"name":"2de41c48","positions":[{"x":0.0,"y":0.0,"z":216.0}],"positionsFlipped":[]},{"name":"5532c4df","positions":[{"x":0.0,"y":0.0,"z":-168.0}],"positionsFlipped":[]}]}