{"positionDefinitions":[{"name":"c16a5286","positions":[{"x":0.0,"y":0.0,"z":0.0},{"x":0.0,"y":0.0,"z":32.0},{"x":0.0,"y":0.0,"z":-32.0},{"x":0.0,"y":0.0,"z":64.0},{"x":0.0,"y":0.0,"z":-64.0}],"positionsFlipped":[]},{"name":"5bc34aed","positions":[{"x":0.0,"y":0.0,"z":0.0},{"x":0.0,"y":0.0,"z":32.0},{"x":0.0,"y":0.0,"z":-32.0},{"x":0.0,"y":0.0,"z":64.0},{"x":0.0,"y":0.0,"z":-64.0}],"positionsFlipped":[]},{"name":"79bfcb05","positions":[{"x":0.0,"y":0.0,"z":0.0},{"x":0.0,"y":0.0,"z":32.0},{"x":0.0,"y":0.0,"z":-32.0},{"x":0.0,"y":0.0,"z":64.0},{"x":0.0,"y":0.0,"z":-64.0}],"positionsFlipped":[]},{"name":"9eb09a8e","positions":[{"x":0.0,"y":0.0,"z":0.0},{"x":0.0,"y":0.0,"z":32.0},{"x":0.0,"y":0.0,"z":-32.0},{"x":0.0,"y":0.0,"z":64.0},{"x":0.0,"y":0.0,"z":-64.0}],"positionsFlipped":[]},{"name":"3f480686","positions":[{"x":0.0,"y":0.0,"z":-104.0}],"positionsFlipped":[{"x":0.0,"y":0.0,"z":104.0}]},{"name":"eaa69e09","positions":[{"x":0.0,"y":0.0,"z":-104.0}],"positionsFlipped":[{"x":0.0,"y":0.0,"z":104.0}]},{"name":"54d97558","positions":[{"x":0.0,"y":0.0,"z":-104.0}],"positionsFlipped":[{"x":0.0,"y":0.0,"z":104.0}]},{"name":"9cd5d2b8","positions":[{"x":0.0,"y":0.0,"z":-104.0},{"x":0.0,"y":0.0,"z":137.0}],"positionsFlipped":[{"x":0.0,"y":0.0,"z":-137.0},{"x":0.0,"y":0.0,"z":104.0}]},{"name":"1fe90419","positions":[{"x":0.0,"y":0.0,"z":-104.0},{"x":0.0,"y":0.0,"z":137.0}],"positionsFlipped":[{"x":0.0,"y":0.0,"z":-137.0},{"x":0.0,"y":0.0,"z":104.0}]},{"name":"c8012249","positions":[{"x":0.0,"y":0.0,"z":-104.0}],"positionsFlipped":[{"x":0.0,"y":0.0,"z":104.0}]},{"name":"baa40be","positions":[{"x":0.0,"y":0.0,"z":-121.0},{"x":0.0,"y":0.0,"z":121.0}],"positionsFlipped":[{"x":0.0,"y":0.0,"z":-121.0},{"x":0.0,"y":0.0,"z":121.0}]},{"name":"8ba37e75","positions":[{"x":0.0,"y":0.0,"z":-121.0},{"x":0.0,"y":0.0,"z":121.0}],"positionsFlipped":[{"x":0.0,"y":0.0,"z":-121.0},{"x":0.0,"y":0.0,"z":121.0}]},{"name":"ac1e0ec9","positions":[{"x":0.0,"y":0.0,"z":-121.0},{"x":0.0,"y":0.0,"z":121.0}],"positionsFlipped":[{"x":0.0,"y":0.0,"z":-121.0},{"x":0.0,"y":0.0,"z":121.0}]},{"name":"787a6201","positions":[{"x":0.0,"y":0.0,"z":-121.0},{"x":0.0,"y":0.0,"z":121.0}],"positionsFlipped":[{"x":0.0,"y":0.0,"z":-121.0},{"x":0.0,"y":0.0,"z":121.0}]},{"name":"240ef7eb","positions":[{"x":0.0,"y":0.0,"z":-121.0},{"x":0.0,"y":0.0,"z":121.0}],"positionsFlipped":[{"x":0.0,"y":0.0,"z":-121.0},{"x":0.0,"y":0.0,"z":121.0}]},{"name":"dda3fb1b","positions":[{"x":0.0,"y":0.0,"z":-168.0},{"x":0.0,"y":0.0,"z":168.0}],"positionsFlipped":[]},{"name":"5f2075a6","positions":[{"x":0.0,"y":0.0,"z":-168.0},{"x":0.0,"y":0.0,"z":168.0}],"positionsFlipped":[]},{"name":"9974189e","positions":[{"x":0.0,"y":0.0,"z":-168.0},{"x":0.0,"y":0.0,"z":168.0}],"positionsFlipped":[]},{"name":"517a3e44","positions":[{"x":0.0,"y":0.0,"z":-168.0},{"x":0.0,"y":0.0,"z":168.0}],"positionsFlipped":[]},{"name":"c7d775c7","positions":[{"x":0.0,"y":0.0,"z":168.0}],"positionsFlipped":[]},{"name":"8fd2b987","positions":[{"x":0.0,"y":0.0,"z":168.0}],"positionsFlipped":[]},{"name":"67a0da8b","positions":[{"x":17.0,"y":10.0,"z":-10.0},{"x":11.0,"y":10.0,"z":-10.0},{"x":5.0,"y":10.0,"z":-10.0},{"x":-17.0,"y":10.0,"z":-10.0},{"x":-11.0,"y":10.0,"z":-10.0},{"x":17.0,"y":10.0,"z":-41.0},{"x":11.0,"y":10.0,"z":-41.0},{"x":5.0,"y":10.0,"z":-41.0},{"x":-17.0,"y":10.0,"z":-41.0},{"x":-11.0,"y":10.0,"z":-41.0},{"x":17.0,"y":10.0,"z":-72.0},{"x":11.0,"y":10.0,"z":-72.0},{"x":5.0,"y":10.0,"z":-72.0},{"x":-17.0,"y":10.0,"z":-72.0},{"x":-11.0,"y":10.0,"z":-72.0},{"x":17.0,"y":10.0,"z":21.0},{"x":11.0,"y":10.0,"z":21.0},{"x":5.0,"y":10.0,"z":21.0},{"x":-17.0,"y":10.0,"z":21.0},{"x":-11.0,"y":10.0,"z":21.0},{"x":17.0,"y":10.0,"z":52.0},{"x":11.0,"y":10.0,"z":52.0},{"x":5.0,"y":10.0,"z":52.0},{"x":-17.0,"y":10.0,"z":52.0},{"x":-11.0,"y":10.0,"z":52.0},{"x":17.0,"y":-22.0,"z":-10.0},{"x":11.0,"y":-22.0,"z":-10.0},{"x":5.0,"y":-22.0,"z":-10.0},{"x":-17.0,"y":-22.0,"z":-10.0},{"x":-11.0,"y":-22.0,"z":-10.0},{"x":17.0,"y":-22.0,"z":-41.0},{"x":11.0,"y":-22.0,"z":-41.0},{"x":5.0,"y":-22.0,"z":-41.0},{"x":-17.0,"y":-22.0,"z":-41.0},{"x":-11.0,"y":-22.0,"z":-41.0},{"x":17.0,"y":-22.0,"z":-72.0},{"x":11.0,"y":-22.0,"z":-72.0},{"x":5.0,"y":-22.0,"z":-72.0},{"x":-17.0,"y":-22.0,"z":-72.0},{"x":-11.0,"y":-22.0,"z":-72.0},{"x":17.0,"y":-22.0,"z":21.0},{"x":11.0,"y":-22.0,"z":21.0},{"x":5.0,"y":-22.0,"z":21.0},{"x":-17.0,"y":-22.0,"z":21.0},{"x":-11.0,"y":-22.0,"z":21.0},{"x":17.0,"y":-22.0,"z":52.0},{"x":11.0,"y":-22.0,"z":52.0},{"x":5.0,"y":-22.0,"z":52.0},{"x":-17.0,"y":-22.0,"z":52.0},{"x":-11.0,"y":-22.0,"z":52.0}],"positionsFlipped":[{"x":17.0,"y":10.0,"z":10.0},{"x":11.0,"y":10.0,"z":10.0},{"x":-5.0,"y":10.0,"z":10.0},{"x":-17.0,"y":10.0,"z":10.0},{"x":-11.0,"y":10.0,"z":10.0},{"x":17.0,"y":10.0,"z":41.0},{"x":11.0,"y":10.0,"z":41.0},{"x":-5.0,"y":10.0,"z":41.0},{"x":-17.0,"y":10.0,"z":41.0},{"x":-11.0,"y":10.0,"z":41.0},{"x":17.0,"y":10.0,"z":72.0},{"x":11.0,"y":10.0,"z":72.0},{"x":-5.0,"y":10.0,"z":72.0},{"x":-17.0,"y":10.0,"z":72.0},{"x":-11.0,"y":10.0,"z":72.0},{"x":17.0,"y":10.0,"z":-21.0},{"x":11.0,"y":10.0,"z":-21.0},{"x":-5.0,"y":10.0,"z":-21.0},{"x":-17.0,"y":10.0,"z":-21.0},{"x":-11.0,"y":10.0,"z":-21.0},{"x":17.0,"y":10.0,"z":-52.0},{"x":11.0,"y":10.0,"z":-52.0},{"x":-5.0,"y":10.0,"z":-52.0},{"x":-17.0,"y":10.0,"z":-52.0},{"x":-11.0,"y":10.0,"z":-52.0},{"x":17.0,"y":-22.0,"z":10.0},{"x":11.0,"y":-22.0,"z":10.0},{"x":-5.0,"y":-22.0,"z":10.0},{"x":-17.0,"y":-22.0,"z":10.0},{"x":-11.0,"y":-22.0,"z":10.0},{"x":17.0,"y":-22.0,"z":41.0},{"x":11.0,"y":-22.0,"z":41.0},{"x":-5.0,"y":-22.0,"z":41.0},{"x":-17.0,"y":-22.0,"z":41.0},{"x":-11.0,"y":-22.0,"z":41.0},{"x":17.0,"y":-22.0,"z":72.0},{"x":11.0,"y":-22.0,"z":72.0},{"x":-5.0,"y":-22.0,"z":72.0},{"x":-17.0,"y":-22.0,"z":72.0},{"x":-11.0,"y":-22.0,"z":72.0},{"x":17.0,"y":-22.0,"z":-21.0},{"x":11.0,"y":-22.0,"z":-21.0},{"x":-5.0,"y":-22.0,"z":-21.0},{"x":-17.0,"y":-22.0,"z":-21.0},{"x":-11.0,"y":-22.0,"z":-21.0},{"x":17.0,"y":-22.0,"z":-52.0},{"x":11.0,"y":-22.0,"z":-52.0},{"x":-5.0,"y":-22.0,"z":-52.0},{"x":-17.0,"y":-22.0,"z":-52.0},{"x":-11.0,"y":-22.0,"z":-52.0}]},{"name":"6b0b9fed","positions":[],"positionsFlipped":[{"x":0.0,"y":0.0,"z":-216.0}]},{"name":"4b3ac686","positions":[],"positionsFlipped":[{"x":0.0,"y":0.0,"z":-216.0}]},{"name":"740c6985","positions":[],"positionsFlipped":[{"x":0.0,"y":0.0,"z":-216.0}]},{"name":"3e00143b","positions":[],"positionsFlipped":[{"x":0.0,"y":0.0,"z":-216.0}]},{"name":"d791e4a9","positions":[],"positionsFlipped":[{"x":0.0,"y":0.0,"z":-216.0}]},{"name":"d732df64","positions":[],"positionsFlipped":[{"x":0.0,"y":0.0,"z":-216.0}]},{"name":"20ed630b","positions":[],"positionsFlipped":[{"x":0.0,"y":0.0,"z":168.0}]}]}