{"positionDefinitions":[{"name":"19181797","positions":[{"x":0.0,"y":0.0,"z":16.0},{"x":0.0,"y":0.0,"z":-16.0},{"x":0.0,"y":0.0,"z":48.0},{"x":0.0,"y":0.0,"z":-48.0},{"x":0.0,"y":0.0,"z":80.0},{"x":0.0,"y":0.0,"z":-80.0},{"x":0.0,"y":0.0,"z":144.0},{"x":0.0,"y":0.0,"z":-144.0}],"positionsFlipped":[]},{"name":"53703d6a","positions":[{"x":0.0,"y":0.0,"z":16.0},{"x":0.0,"y":0.0,"z":-16.0},{"x":0.0,"y":0.0,"z":48.0},{"x":0.0,"y":0.0,"z":-48.0},{"x":0.0,"y":0.0,"z":80.0},{"x":0.0,"y":0.0,"z":-80.0},{"x":0.0,"y":0.0,"z":144.0},{"x":0.0,"y":0.0,"z":-144.0}],"positionsFlipped":[]},{"name":"3b9d1196","positions":[{"x":0.0,"y":0.0,"z":16.0},{"x":0.0,"y":0.0,"z":-16.0},{"x":0.0,"y":0.0,"z":48.0},{"x":0.0,"y":0.0,"z":-48.0},{"x":0.0,"y":0.0,"z":80.0},{"x":0.0,"y":0.0,"z":-80.0},{"x":0.0,"y":0.0,"z":144.0},{"x":0.0,"y":0.0,"z":-144.0}],"positionsFlipped":[]},{"name":"c87589d0","positions":[{"x":0.0,"y":0.0,"z":16.0},{"x":0.0,"y":0.0,"z":-16.0},{"x":0.0,"y":0.0,"z":48.0},{"x":0.0,"y":0.0,"z":-48.0},{"x":0.0,"y":0.0,"z":80.0},{"x":0.0,"y":0.0,"z":-80.0},{"x":0.0,"y":0.0,"z":112.0},{"x":0.0,"y":0.0,"z":-112.0},{"x":0.0,"y":0.0,"z":144.0},{"x":0.0,"y":0.0,"z":-144.0},{"x":0.0,"y":0.0,"z":176.0},{"x":0.0,"y":0.0,"z":-176.0}],"positionsFlipped":[]},{"name":"cd1f6624","positions":[{"x":0.0,"y":0.0,"z":112.0},{"x":0.0,"y":0.0,"z":-112.0}],"positionsFlipped":[]},{"name":"5b603ff5","positions":[{"x":0.0,"y":0.0,"z":112.0},{"x":0.0,"y":0.0,"z":-112.0}],"positionsFlipped":[]},{"name":"ad680ed6","positions":[{"x":0.0,"y":0.0,"z":112.0},{"x":0.0,"y":0.0,"z":-112.0}],"positionsFlipped":[]},{"name":"2adfd89c","positions":[{"x":0.0,"y":0.0,"z":112.0},{"x":0.0,"y":0.0,"z":-112.0}],"positionsFlipped":[{"x":0.0,"y":0.0,"z":112.0},{"x":0.0,"y":0.0,"z":-112.0}]},{"name":"65c58281","positions":[{"x":0.0,"y":0.0,"z":112.0},{"x":0.0,"y":0.0,"z":-112.0}],"positionsFlipped":[]},{"name":"60cdc4ca","positions":[{"x":0.0,"y":0.0,"z":112.0},{"x":0.0,"y":0.0,"z":-112.0}],"positionsFlipped":[{"x":0.0,"y":0.0,"z":112.0},{"x":0.0,"y":0.0,"z":-112.0}]},{"name":"2da32973","positions":[{"x":0.0,"y":0.0,"z":112.0},{"x":0.0,"y":0.0,"z":-112.0}],"positionsFlipped":[{"x":0.0,"y":0.0,"z":112.0},{"x":0.0,"y":0.0,"z":-112.0}]},{"name":"4a8f0f92","positions":[{"x":0.0,"y":0.0,"z":112.0},{"x":0.0,"y":0.0,"z":-112.0}],"positionsFlipped":[{"x":0.0,"y":0.0,"z":112.0},{"x":0.0,"y":0.0,"z":-112.0}]},{"name":"655e2aa9","positions":[{"x":0.0,"y":0.0,"z":112.0},{"x":0.0,"y":0.0,"z":-112.0}],"positionsFlipped":[{"x":0.0,"y":0.0,"z":112.0},{"x":0.0,"y":0.0,"z":-112.0}]},{"name":"768bb12","positions":[{"x":0.0,"y":0.0,"z":112.0},{"x":0.0,"y":0.0,"z":-112.0}],"positionsFlipped":[{"x":0.0,"y":0.0,"z":112.0},{"x":0.0,"y":0.0,"z":-112.0}]},{"name":"6fc2894","positions":[{"x":0.0,"y":0.0,"z":16.0}],"positionsFlipped":[{"x":0.0,"y":0.0,"z":-16.0}]},{"name":"69c34675","positions":[{"x":0.0,"y":0.0,"z":16.0}],"positionsFlipped":[{"x":0.0,"y":0.0,"z":-16.0}]},{"name":"f0c6284b","positions":[{"x":0.0,"y":0.0,"z":16.0}],"positionsFlipped":[{"x":0.0,"y":0.0,"z":-16.0}]},{"name":"718f3a85","positions":[{"x":0.0,"y":0.0,"z":16.0}],"positionsFlipped":[{"x":0.0,"y":0.0,"z":-16.0}]},{"name":"73430ca7","positions":[{"x":0.0,"y":0.0,"z":16.0}],"positionsFlipped":[{"x":0.0,"y":0.0,"z":-16.0}]},{"name":"89e9c234","positions":[{"x":0.0,"y":0.0,"z":0.0}],"positionsFlipped":[]},{"name":"83b73a0","positions":[{"x":0.0,"y":0.0,"z":0.0}],"positionsFlipped":[{"x":0.0,"y":0.0,"z":0.0}]},{"name":"bb8cd540","positions":[{"x":0.0,"y":0.0,"z":0.0}],"positionsFlipped":[{"x":0.0,"y":0.0,"z":0.0}]},{"name":"127b283f","positions":[{"x":0.0,"y":0.0,"z":-176.0}],"positionsFlipped":[{"x":0.0,"y":0.0,"z":176.0}]},{"name":"b65e4993","positions":[{"x":0.0,"y":0.0,"z":-176.0}],"positionsFlipped":[{"x":0.0,"y":0.0,"z":176.0}]},{"name":"c872cf90","positions":[{"x":0.0,"y":0.0,"z":-176.0}],"positionsFlipped":[{"x":0.0,"y":0.0,"z":176.0}]},{"name":"db1c39b0","positions":[{"x":17.0,"y":0.0,"z":-28.0},{"x":11.0,"y":0.0,"z":-28.0},{"x":-17.0,"y":0.0,"z":-28.0},{"x":-11.0,"y":0.0,"z":-28.0},{"x":17.0,"y":0.0,"z":-60.0},{"x":11.0,"y":0.0,"z":-60.0},{"x":-17.0,"y":0.0,"z":-60.0},{"x":-11.0,"y":0.0,"z":-60.0},{"x":17.0,"y":0.0,"z":-92.0},{"x":11.0,"y":0.0,"z":-92.0},{"x":-17.0,"y":0.0,"z":-92.0},{"x":-11.0,"y":0.0,"z":-92.0},{"x":17.0,"y":0.0,"z":-156.0},{"x":11.0,"y":0.0,"z":-156.0},{"x":-17.0,"y":0.0,"z":-156.0},{"x":-11.0,"y":0.0,"z":-156.0},{"x":17.0,"y":0.0,"z":-188.0},{"x":11.0,"y":0.0,"z":-188.0},{"x":-17.0,"y":0.0,"z":-188.0},{"x":-11.0,"y":0.0,"z":-188.0},{"x":17.0,"y":0.0,"z":4.0},{"x":11.0,"y":0.0,"z":4.0},{"x":-17.0,"y":0.0,"z":4.0},{"x":-11.0,"y":0.0,"z":4.0},{"x":17.0,"y":0.0,"z":36.0},{"x":11.0,"y":0.0,"z":36.0},{"x":-17.0,"y":0.0,"z":36.0},{"x":-11.0,"y":0.0,"z":36.0},{"x":17.0,"y":0.0,"z":68.0},{"x":11.0,"y":0.0,"z":68.0},{"x":-17.0,"y":0.0,"z":68.0},{"x":-11.0,"y":0.0,"z":68.0},{"x":17.0,"y":0.0,"z":132.0},{"x":11.0,"y":0.0,"z":132.0},{"x":-17.0,"y":0.0,"z":132.0},{"x":-11.0,"y":0.0,"z":132.0},{"x":17.0,"y":0.0,"z":164.0},{"x":11.0,"y":0.0,"z":164.0},{"x":-17.0,"y":0.0,"z":164.0},{"x":-11.0,"y":0.0,"z":164.0}],"positionsFlipped":[{"x":17.0,"y":0.0,"z":28.0},{"x":11.0,"y":0.0,"z":28.0},{"x":-17.0,"y":0.0,"z":28.0},{"x":-11.0,"y":0.0,"z":28.0},{"x":17.0,"y":0.0,"z":60.0},{"x":11.0,"y":0.0,"z":60.0},{"x":-17.0,"y":0.0,"z":60.0},{"x":-11.0,"y":0.0,"z":60.0},{"x":17.0,"y":0.0,"z":92.0},{"x":11.0,"y":0.0,"z":92.0},{"x":-17.0,"y":0.0,"z":92.0},{"x":-11.0,"y":0.0,"z":92.0},{"x":17.0,"y":0.0,"z":156.0},{"x":11.0,"y":0.0,"z":156.0},{"x":-17.0,"y":0.0,"z":156.0},{"x":-11.0,"y":0.0,"z":156.0},{"x":17.0,"y":0.0,"z":188.0},{"x":11.0,"y":0.0,"z":188.0},{"x":-17.0,"y":0.0,"z":188.0},{"x":-11.0,"y":0.0,"z":188.0},{"x":17.0,"y":0.0,"z":-4.0},{"x":11.0,"y":0.0,"z":-4.0},{"x":-17.0,"y":0.0,"z":-4.0},{"x":-11.0,"y":0.0,"z":-4.0},{"x":17.0,"y":0.0,"z":-36.0},{"x":11.0,"y":0.0,"z":-36.0},{"x":-17.0,"y":0.0,"z":-36.0},{"x":-11.0,"y":0.0,"z":-36.0},{"x":17.0,"y":0.0,"z":-68.0},{"x":11.0,"y":0.0,"z":-68.0},{"x":-17.0,"y":0.0,"z":-68.0},{"x":-11.0,"y":0.0,"z":-68.0},{"x":17.0,"y":0.0,"z":-132.0},{"x":11.0,"y":0.0,"z":-132.0},{"x":-17.0,"y":0.0,"z":-132.0},{"x":-11.0,"y":0.0,"z":-132.0},{"x":17.0,"y":0.0,"z":-164.0},{"x":11.0,"y":0.0,"z":-164.0},{"x":-17.0,"y":0.0,"z":-164.0},{"x":-11.0,"y":0.0,"z":-164.0}]},{"name":"d224729a","positions":[{"x":17.0,"y":0.0,"z":-28.0},{"x":11.0,"y":0.0,"z":-28.0},{"x":-17.0,"y":0.0,"z":-28.0},{"x":-11.0,"y":0.0,"z":-28.0},{"x":17.0,"y":0.0,"z":-60.0},{"x":11.0,"y":0.0,"z":-60.0},{"x":-17.0,"y":0.0,"z":-60.0},{"x":-11.0,"y":0.0,"z":-60.0},{"x":17.0,"y":0.0,"z":-92.0},{"x":11.0,"y":0.0,"z":-92.0},{"x":-17.0,"y":0.0,"z":-92.0},{"x":-11.0,"y":0.0,"z":-92.0},{"x":17.0,"y":0.0,"z":-156.0},{"x":11.0,"y":0.0,"z":-156.0},{"x":-17.0,"y":0.0,"z":-156.0},{"x":-11.0,"y":0.0,"z":-156.0},{"x":17.0,"y":0.0,"z":-188.0},{"x":11.0,"y":0.0,"z":-188.0},{"x":-17.0,"y":0.0,"z":-188.0},{"x":-11.0,"y":0.0,"z":-188.0},{"x":17.0,"y":0.0,"z":4.0},{"x":11.0,"y":0.0,"z":4.0},{"x":-17.0,"y":0.0,"z":4.0},{"x":-11.0,"y":0.0,"z":4.0},{"x":17.0,"y":0.0,"z":36.0},{"x":11.0,"y":0.0,"z":36.0},{"x":-17.0,"y":0.0,"z":36.0},{"x":-11.0,"y":0.0,"z":36.0},{"x":17.0,"y":0.0,"z":68.0},{"x":11.0,"y":0.0,"z":68.0},{"x":-17.0,"y":0.0,"z":68.0},{"x":-11.0,"y":0.0,"z":68.0},{"x":17.0,"y":0.0,"z":132.0},{"x":11.0,"y":0.0,"z":132.0},{"x":-17.0,"y":0.0,"z":132.0},{"x":-11.0,"y":0.0,"z":132.0},{"x":17.0,"y":0.0,"z":164.0},{"x":11.0,"y":0.0,"z":164.0},{"x":-17.0,"y":0.0,"z":164.0},{"x":-11.0,"y":0.0,"z":164.0}],"positionsFlipped":[{"x":17.0,"y":0.0,"z":28.0},{"x":11.0,"y":0.0,"z":28.0},{"x":-17.0,"y":0.0,"z":28.0},{"x":-11.0,"y":0.0,"z":28.0},{"x":17.0,"y":0.0,"z":60.0},{"x":11.0,"y":0.0,"z":60.0},{"x":-17.0,"y":0.0,"z":60.0},{"x":-11.0,"y":0.0,"z":60.0},{"x":17.0,"y":0.0,"z":92.0},{"x":11.0,"y":0.0,"z":92.0},{"x":-17.0,"y":0.0,"z":92.0},{"x":-11.0,"y":0.0,"z":92.0},{"x":17.0,"y":0.0,"z":156.0},{"x":11.0,"y":0.0,"z":156.0},{"x":-17.0,"y":0.0,"z":156.0},{"x":-11.0,"y":0.0,"z":156.0},{"x":17.0,"y":0.0,"z":188.0},{"x":11.0,"y":0.0,"z":188.0},{"x":-17.0,"y":0.0,"z":188.0},{"x":-11.0,"y":0.0,"z":188.0},{"x":17.0,"y":0.0,"z":-4.0},{"x":11.0,"y":0.0,"z":-4.0},{"x":-17.0,"y":0.0,"z":-4.0},{"x":-11.0,"y":0.0,"z":-4.0},{"x":17.0,"y":0.0,"z":-36.0},{"x":11.0,"y":0.0,"z":-36.0},{"x":-17.0,"y":0.0,"z":-36.0},{"x":-11.0,"y":0.0,"z":-36.0},{"x":17.0,"y":0.0,"z":-68.0},{"x":11.0,"y":0.0,"z":-68.0},{"x":-17.0,"y":0.0,"z":-68.0},{"x":-11.0,"y":0.0,"z":-68.0},{"x":17.0,"y":0.0,"z":-132.0},{"x":11.0,"y":0.0,"z":-132.0},{"x":-17.0,"y":0.0,"z":-132.0},{"x":-11.0,"y":0.0,"z":-132.0},{"x":17.0,"y":0.0,"z":-164.0},{"x":11.0,"y":0.0,"z":-164.0},{"x":-17.0,"y":0.0,"z":-164.0},{"x":-11.0,"y":0.0,"z":-164.0}]}]}