{"positionDefinitions":[{"name":"7e2e834f","positions":[{"x":0.0,"y":0.0,"z":16.0},{"x":0.0,"y":0.0,"z":-16.0}],"positionsFlipped":[]},{"name":"f0b9e3b2","positions":[{"x":0.0,"y":0.0,"z":16.0},{"x":0.0,"y":0.0,"z":-16.0}],"positionsFlipped":[]},{"name":"ab293fa7","positions":[{"x":0.0,"y":0.0,"z":16.0},{"x":0.0,"y":0.0,"z":-16.0}],"positionsFlipped":[]},{"name":"e5684c36","positions":[{"x":0.0,"y":0.0,"z":0.0}],"positionsFlipped":[{"x":0.0,"y":0.0,"z":0.0}]},{"name":"3cf8dce9","positions":[{"x":0.0,"y":0.0,"z":16.0},{"x":0.0,"y":0.0,"z":-16.0},{"x":0.0,"y":0.0,"z":48.0}],"positionsFlipped":[]},{"name":"22013d31","positions":[{"x":0.0,"y":0.0,"z":48.0}],"positionsFlipped":[]},{"name":"8efd7569","positions":[{"x":0.0,"y":0.0,"z":48.0}],"positionsFlipped":[]},{"name":"a0dacab0","positions":[{"x":0.0,"y":0.0,"z":16.0}],"positionsFlipped":[{"x":0.0,"y":0.0,"z":16.0}]},{"name":"3e4f701c","positions":[{"x":0.0,"y":0.0,"z":16.0}],"positionsFlipped":[{"x":0.0,"y":0.0,"z":16.0}]},{"name":"dc6d8f5e","positions":[{"x":0.0,"y":0.0,"z":16.0}],"positionsFlipped":[{"x":0.0,"y":0.0,"z":16.0}]},{"name":"1f3ea39b","positions":[{"x":0.0,"y":0.0,"z":16.0}],"positionsFlipped":[{"x":0.0,"y":0.0,"z":16.0}]},{"name":"b0a858d8","positions":[{"x":0.0,"y":0.0,"z":16.0}],"positionsFlipped":[{"x":0.0,"y":0.0,"z":16.0}]},{"name":"4108665d","positions":[{"x":0.0,"y":0.0,"z":48.0}],"positionsFlipped":[{"x":0.0,"y":0.0,"z":48.0}]},{"name":"ef6d99e2","positions":[{"x":0.0,"y":0.0,"z":48.0}],"positionsFlipped":[{"x":0.0,"y":0.0,"z":48.0}]},{"name":"5659f6f5","positions":[{"x":0.0,"y":0.0,"z":48.0}],"positionsFlipped":[{"x":0.0,"y":0.0,"z":48.0}]},{"name":"ac57aaea","positions":[{"x":0.0,"y":0.0,"z":48.0}],"positionsFlipped":[{"x":0.0,"y":0.0,"z":48.0}]},{"name":"eff42ef4","positions":[{"x":0.0,"y":0.0,"z":48.0}],"positionsFlipped":[{"x":0.0,"y":0.0,"z":48.0}]},{"name":"b7501954","positions":[{"x":0.0,"y":0.0,"z":48.0}],"positionsFlipped":[{"x":0.0,"y":0.0,"z":48.0}]},{"name":"f7dd0a1d","positions":[{"x":0.0,"y":0.0,"z":48.0}],"positionsFlipped":[{"x":0.0,"y":0.0,"z":48.0}]},{"name":"27674e73","positions":[{"x":0.0,"y":0.0,"z":48.0}],"positionsFlipped":[{"x":0.0,"y":0.0,"z":48.0}]},{"name":"68312f7a","positions":[{"x":0.0,"y":0.0,"z":0.0}],"positionsFlipped":[{"x":0.0,"y":0.0,"z":0.0}]},{"name":"c4a27a96","positions":[{"x":0.0,"y":0.0,"z":0.0}],"positionsFlipped":[{"x":0.0,"y":0.0,"z":0.0}]},{"name":"1f25af30","positions":[{"x":0.0,"y":0.0,"z":0.0}],"positionsFlipped":[{"x":0.0,"y":0.0,"z":0.0}]},{"name":"593592e1","positions":[{"x":0.0,"y":0.0,"z":48.0}],"positionsFlipped":[]},{"name":"44985841","positions":[{"x":0.0,"y":0.0,"z":48.0}],"positionsFlipped":[]},{"name":"daf2f94f","positions":[{"x":0.0,"y":0.0,"z":-56.0}],"positionsFlipped":[]},{"name":"5e80ec19","positions":[{"x":0.0,"y":0.0,"z":-56.0}],"positionsFlipped":[]},{"name":"8ea1ac47","positions":[{"x":0.0,"y":0.0,"z":-56.0}],"positionsFlipped":[]},{"name":"c73038f","positions":[{"x":0.0,"y":0.0,"z":-56.0}],"positionsFlipped":[]},{"name":"34df4c9f","positions":[{"x":0.0,"y":0.0,"z":-56.0}],"positionsFlipped":[]},{"name":"88774080","positions":[{"x":0.0,"y":0.0,"z":-56.0}],"positionsFlipped":[]},{"name":"5b3b19d0","positions":[{"x":0.0,"y":0.0,"z":-56.0}],"positionsFlipped":[]},{"name":"c0af2751","positions":[{"x":0.0,"y":0.0,"z":-56.0}],"positionsFlipped":[]},{"name":"21840fd","positions":[{"x":0.0,"y":0.0,"z":-56.0}],"positionsFlipped":[]},{"name":"52f07dee","positions":[{"x":0.0,"y":0.0,"z":-56.0}],"positionsFlipped":[]},{"name":"f60a3c21","positions":[{"x":0.0,"y":0.0,"z":-42.0}],"positionsFlipped":[]},{"name":"1967faa","positions":[{"x":0.0,"y":0.0,"z":-42.0}],"positionsFlipped":[]},{"name":"d29c04f9","positions":[{"x":0.0,"y":0.0,"z":0.0}],"positionsFlipped":[]},{"name":"46be5f8","positions":[{"x":-14.0,"y":0.0,"z":4.0},{"x":14.0,"y":0.0,"z":4.0},{"x":-14.0,"y":0.0,"z":-28.0},{"x":14.0,"y":0.0,"z":-28.0}],"positionsFlipped":[{"x":-14.0,"y":0.0,"z":-4.0},{"x":14.0,"y":0.0,"z":-4.0},{"x":-14.0,"y":0.0,"z":28.0},{"x":14.0,"y":0.0,"z":28.0}]},{"name":"865c987d","positions":[{"x":-14.0,"y":0.0,"z":4.0},{"x":14.0,"y":0.0,"z":4.0},{"x":-14.0,"y":0.0,"z":-28.0},{"x":14.0,"y":0.0,"z":-28.0}],"positionsFlipped":[{"x":-14.0,"y":0.0,"z":-4.0},{"x":14.0,"y":0.0,"z":-4.0},{"x":-14.0,"y":0.0,"z":28.0},{"x":14.0,"y":0.0,"z":28.0}]}]}