{"positionDefinitions":[{"name":"6cb0238c","positions":[{"x":0.0,"y":0.0,"z":0.0},{"x":0.0,"y":0.0,"z":32.0},{"x":0.0,"y":0.0,"z":-32.0},{"x":0.0,"y":0.0,"z":64.0},{"x":0.0,"y":0.0,"z":-64.0}],"positionsFlipped":[]},{"name":"40de2881","positions":[{"x":0.0,"y":0.0,"z":0.0},{"x":0.0,"y":0.0,"z":32.0},{"x":0.0,"y":0.0,"z":-32.0},{"x":0.0,"y":0.0,"z":64.0},{"x":0.0,"y":0.0,"z":-64.0}],"positionsFlipped":[]},{"name":"173543c0","positions":[{"x":0.0,"y":0.0,"z":0.0},{"x":0.0,"y":0.0,"z":32.0},{"x":0.0,"y":0.0,"z":-32.0},{"x":0.0,"y":0.0,"z":64.0},{"x":0.0,"y":0.0,"z":-64.0}],"positionsFlipped":[]},{"name":"408f2d93","positions":[{"x":0.0,"y":0.0,"z":0.0},{"x":0.0,"y":0.0,"z":32.0},{"x":0.0,"y":0.0,"z":-32.0},{"x":0.0,"y":0.0,"z":64.0},{"x":0.0,"y":0.0,"z":-64.0}],"positionsFlipped":[]},{"name":"33dacce3","positions":[{"x":0.0,"y":0.0,"z":-104.0}],"positionsFlipped":[{"x":0.0,"y":0.0,"z":104.0}]},{"name":"1a670e6f","positions":[{"x":0.0,"y":0.0,"z":-104.0}],"positionsFlipped":[{"x":0.0,"y":0.0,"z":104.0}]},{"name":"654db447","positions":[{"x":0.0,"y":0.0,"z":-104.0}],"positionsFlipped":[{"x":0.0,"y":0.0,"z":104.0}]},{"name":"40574f99","positions":[{"x":0.0,"y":0.0,"z":-104.0},{"x":0.0,"y":0.0,"z":137.0}],"positionsFlipped":[{"x":0.0,"y":0.0,"z":-137.0},{"x":0.0,"y":0.0,"z":104.0}]},{"name":"c4fe62e5","positions":[{"x":0.0,"y":0.0,"z":-104.0},{"x":0.0,"y":0.0,"z":137.0}],"positionsFlipped":[{"x":0.0,"y":0.0,"z":-137.0},{"x":0.0,"y":0.0,"z":104.0}]},{"name":"2f1e8834","positions":[{"x":0.0,"y":0.0,"z":-104.0}],"positionsFlipped":[{"x":0.0,"y":0.0,"z":104.0}]},{"name":"8a4edd37","positions":[{"x":0.0,"y":0.0,"z":-121.0},{"x":0.0,"y":0.0,"z":121.0}],"positionsFlipped":[{"x":0.0,"y":0.0,"z":-121.0},{"x":0.0,"y":0.0,"z":121.0}]},{"name":"b6fedd19","positions":[{"x":0.0,"y":0.0,"z":-121.0},{"x":0.0,"y":0.0,"z":121.0}],"positionsFlipped":[{"x":0.0,"y":0.0,"z":-121.0},{"x":0.0,"y":0.0,"z":121.0}]},{"name":"dbf8884","positions":[{"x":0.0,"y":0.0,"z":-121.0},{"x":0.0,"y":0.0,"z":121.0}],"positionsFlipped":[{"x":0.0,"y":0.0,"z":-121.0},{"x":0.0,"y":0.0,"z":121.0}]},{"name":"77536449","positions":[{"x":0.0,"y":0.0,"z":-121.0},{"x":0.0,"y":0.0,"z":121.0}],"positionsFlipped":[{"x":0.0,"y":0.0,"z":-121.0},{"x":0.0,"y":0.0,"z":121.0}]},{"name":"5257fdd0","positions":[{"x":0.0,"y":0.0,"z":-121.0},{"x":0.0,"y":0.0,"z":121.0}],"positionsFlipped":[{"x":0.0,"y":0.0,"z":-121.0},{"x":0.0,"y":0.0,"z":121.0}]},{"name":"80fef009","positions":[{"x":0.0,"y":0.0,"z":-168.0},{"x":0.0,"y":0.0,"z":168.0}],"positionsFlipped":[]},{"name":"3ea0df8a","positions":[{"x":0.0,"y":0.0,"z":-168.0},{"x":0.0,"y":0.0,"z":168.0}],"positionsFlipped":[]},{"name":"ce3fd8","positions":[{"x":0.0,"y":0.0,"z":-168.0},{"x":0.0,"y":0.0,"z":168.0}],"positionsFlipped":[]},{"name":"3023b5ec","positions":[{"x":0.0,"y":0.0,"z":-168.0},{"x":0.0,"y":0.0,"z":168.0}],"positionsFlipped":[]},{"name":"e6e29704","positions":[{"x":0.0,"y":0.0,"z":168.0}],"positionsFlipped":[{"x":0.0,"y":0.0,"z":-168.0}]},{"name":"caaf6dfd","positions":[{"x":0.0,"y":0.0,"z":168.0}],"positionsFlipped":[{"x":0.0,"y":0.0,"z":-168.0}]},{"name":"fae96783","positions":[{"x":17.0,"y":10.0,"z":-10.0},{"x":11.0,"y":10.0,"z":-10.0},{"x":5.0,"y":10.0,"z":-10.0},{"x":-17.0,"y":10.0,"z":-10.0},{"x":-11.0,"y":10.0,"z":-10.0},{"x":17.0,"y":10.0,"z":-41.0},{"x":11.0,"y":10.0,"z":-41.0},{"x":5.0,"y":10.0,"z":-41.0},{"x":-17.0,"y":10.0,"z":-41.0},{"x":-11.0,"y":10.0,"z":-41.0},{"x":17.0,"y":10.0,"z":-72.0},{"x":11.0,"y":10.0,"z":-72.0},{"x":5.0,"y":10.0,"z":-72.0},{"x":-17.0,"y":10.0,"z":-72.0},{"x":-11.0,"y":10.0,"z":-72.0},{"x":17.0,"y":10.0,"z":21.0},{"x":11.0,"y":10.0,"z":21.0},{"x":5.0,"y":10.0,"z":21.0},{"x":-17.0,"y":10.0,"z":21.0},{"x":-11.0,"y":10.0,"z":21.0},{"x":17.0,"y":10.0,"z":52.0},{"x":11.0,"y":10.0,"z":52.0},{"x":5.0,"y":10.0,"z":52.0},{"x":-17.0,"y":10.0,"z":52.0},{"x":-11.0,"y":10.0,"z":52.0},{"x":17.0,"y":-22.0,"z":-10.0},{"x":11.0,"y":-22.0,"z":-10.0},{"x":5.0,"y":-22.0,"z":-10.0},{"x":-17.0,"y":-22.0,"z":-10.0},{"x":-11.0,"y":-22.0,"z":-10.0},{"x":17.0,"y":-22.0,"z":-41.0},{"x":11.0,"y":-22.0,"z":-41.0},{"x":5.0,"y":-22.0,"z":-41.0},{"x":-17.0,"y":-22.0,"z":-41.0},{"x":-11.0,"y":-22.0,"z":-41.0},{"x":17.0,"y":-22.0,"z":-72.0},{"x":11.0,"y":-22.0,"z":-72.0},{"x":5.0,"y":-22.0,"z":-72.0},{"x":-17.0,"y":-22.0,"z":-72.0},{"x":-11.0,"y":-22.0,"z":-72.0},{"x":17.0,"y":-22.0,"z":21.0},{"x":11.0,"y":-22.0,"z":21.0},{"x":5.0,"y":-22.0,"z":21.0},{"x":-17.0,"y":-22.0,"z":21.0},{"x":-11.0,"y":-22.0,"z":21.0},{"x":17.0,"y":-22.0,"z":52.0},{"x":11.0,"y":-22.0,"z":52.0},{"x":5.0,"y":-22.0,"z":52.0},{"x":-17.0,"y":-22.0,"z":52.0},{"x":-11.0,"y":-22.0,"z":52.0}],"positionsFlipped":[{"x":17.0,"y":10.0,"z":10.0},{"x":11.0,"y":10.0,"z":10.0},{"x":-5.0,"y":10.0,"z":10.0},{"x":-17.0,"y":10.0,"z":10.0},{"x":-11.0,"y":10.0,"z":10.0},{"x":17.0,"y":10.0,"z":41.0},{"x":11.0,"y":10.0,"z":41.0},{"x":-5.0,"y":10.0,"z":41.0},{"x":-17.0,"y":10.0,"z":41.0},{"x":-11.0,"y":10.0,"z":41.0},{"x":17.0,"y":10.0,"z":72.0},{"x":11.0,"y":10.0,"z":72.0},{"x":-5.0,"y":10.0,"z":72.0},{"x":-17.0,"y":10.0,"z":72.0},{"x":-11.0,"y":10.0,"z":72.0},{"x":17.0,"y":10.0,"z":-21.0},{"x":11.0,"y":10.0,"z":-21.0},{"x":-5.0,"y":10.0,"z":-21.0},{"x":-17.0,"y":10.0,"z":-21.0},{"x":-11.0,"y":10.0,"z":-21.0},{"x":17.0,"y":10.0,"z":-52.0},{"x":11.0,"y":10.0,"z":-52.0},{"x":-5.0,"y":10.0,"z":-52.0},{"x":-17.0,"y":10.0,"z":-52.0},{"x":-11.0,"y":10.0,"z":-52.0},{"x":17.0,"y":-22.0,"z":10.0},{"x":11.0,"y":-22.0,"z":10.0},{"x":-5.0,"y":-22.0,"z":10.0},{"x":-17.0,"y":-22.0,"z":10.0},{"x":-11.0,"y":-22.0,"z":10.0},{"x":17.0,"y":-22.0,"z":41.0},{"x":11.0,"y":-22.0,"z":41.0},{"x":-5.0,"y":-22.0,"z":41.0},{"x":-17.0,"y":-22.0,"z":41.0},{"x":-11.0,"y":-22.0,"z":41.0},{"x":17.0,"y":-22.0,"z":72.0},{"x":11.0,"y":-22.0,"z":72.0},{"x":-5.0,"y":-22.0,"z":72.0},{"x":-17.0,"y":-22.0,"z":72.0},{"x":-11.0,"y":-22.0,"z":72.0},{"x":17.0,"y":-22.0,"z":-21.0},{"x":11.0,"y":-22.0,"z":-21.0},{"x":-5.0,"y":-22.0,"z":-21.0},{"x":-17.0,"y":-22.0,"z":-21.0},{"x":-11.0,"y":-22.0,"z":-21.0},{"x":17.0,"y":-22.0,"z":-52.0},{"x":11.0,"y":-22.0,"z":-52.0},{"x":-5.0,"y":-22.0,"z":-52.0},{"x":-17.0,"y":-22.0,"z":-52.0},{"x":-11.0,"y":-22.0,"z":-52.0}]}]}