{"positionDefinitions":[{"name":"a17d45dd","positions":[{"x":0.0,"y":0.0,"z":16.0},{"x":0.0,"y":0.0,"z":-16.0}],"positionsFlipped":[]},{"name":"64d2975e","positions":[{"x":0.0,"y":0.0,"z":16.0},{"x":0.0,"y":0.0,"z":-16.0}],"positionsFlipped":[]},{"name":"76e36d69","positions":[{"x":0.0,"y":0.0,"z":16.0},{"x":0.0,"y":0.0,"z":-16.0},{"x":0.0,"y":0.0,"z":-48.0}],"positionsFlipped":[]},{"name":"524944cd","positions":[{"x":0.0,"y":0.0,"z":0.0}],"positionsFlipped":[{"x":0.0,"y":0.0,"z":0.0}]},{"name":"be51b23b","positions":[{"x":0.0,"y":0.0,"z":16.0},{"x":0.0,"y":0.0,"z":-16.0},{"x":0.0,"y":0.0,"z":48.0},{"x":0.0,"y":0.0,"z":-48.0}],"positionsFlipped":[]},{"name":"8d02001b","positions":[],"positionsFlipped":[{"x":0.0,"y":0.0,"z":-48.0}]},{"name":"c4c102a6","positions":[],"positionsFlipped":[{"x":0.0,"y":0.0,"z":-48.0}]},{"name":"c6ea2d3f","positions":[{"x":0.0,"y":0.0,"z":48.0}],"positionsFlipped":[{"x":0.0,"y":0.0,"z":-48.0}]},{"name":"4995cf2a","positions":[{"x":0.0,"y":0.0,"z":48.0}],"positionsFlipped":[{"x":0.0,"y":0.0,"z":-48.0}]},{"name":"cc81d114","positions":[{"x":0.0,"y":0.0,"z":16.0}],"positionsFlipped":[{"x":0.0,"y":0.0,"z":16.0}]},{"name":"dc2c98d9","positions":[{"x":0.0,"y":0.0,"z":16.0}],"positionsFlipped":[{"x":0.0,"y":0.0,"z":16.0}]},{"name":"3dbefc07","positions":[{"x":0.0,"y":0.0,"z":16.0}],"positionsFlipped":[{"x":0.0,"y":0.0,"z":16.0}]},{"name":"19f1e183","positions":[{"x":0.0,"y":0.0,"z":16.0}],"positionsFlipped":[{"x":0.0,"y":0.0,"z":16.0}]},{"name":"97557bef","positions":[{"x":0.0,"y":0.0,"z":16.0}],"positionsFlipped":[{"x":0.0,"y":0.0,"z":16.0}]},{"name":"6d37a9ff","positions":[{"x":0.0,"y":0.0,"z":48.0}],"positionsFlipped":[{"x":0.0,"y":0.0,"z":48.0}]},{"name":"86e7f6","positions":[{"x":0.0,"y":0.0,"z":48.0}],"positionsFlipped":[{"x":0.0,"y":0.0,"z":48.0}]},{"name":"cd0c14bd","positions":[{"x":0.0,"y":0.0,"z":48.0}],"positionsFlipped":[{"x":0.0,"y":0.0,"z":48.0}]},{"name":"480a58e1","positions":[{"x":0.0,"y":0.0,"z":48.0}],"positionsFlipped":[{"x":0.0,"y":0.0,"z":48.0}]},{"name":"39813466","positions":[{"x":0.0,"y":0.0,"z":48.0}],"positionsFlipped":[{"x":0.0,"y":0.0,"z":48.0}]},{"name":"a28c6dac","positions":[{"x":0.0,"y":0.0,"z":48.0}],"positionsFlipped":[{"x":0.0,"y":0.0,"z":48.0}]},{"name":"ef17ffe9","positions":[{"x":0.0,"y":0.0,"z":48.0}],"positionsFlipped":[{"x":0.0,"y":0.0,"z":48.0}]},{"name":"7499db43","positions":[{"x":0.0,"y":0.0,"z":48.0}],"positionsFlipped":[{"x":0.0,"y":0.0,"z":48.0}]},{"name":"e6e8b583","positions":[{"x":0.0,"y":0.0,"z":0.0}],"positionsFlipped":[{"x":0.0,"y":0.0,"z":0.0}]},{"name":"3c143526","positions":[{"x":0.0,"y":0.0,"z":0.0}],"positionsFlipped":[{"x":0.0,"y":0.0,"z":0.0}]},{"name":"99bfb8ce","positions":[{"x":0.0,"y":0.0,"z":0.0}],"positionsFlipped":[{"x":0.0,"y":0.0,"z":0.0}]},{"name":"472aa88f","positions":[{"x":14.0,"y":0.0,"z":-4.0},{"x":14.0,"y":0.0,"z":4.0},{"x":14.0,"y":0.0,"z":-12.0},{"x":14.0,"y":0.0,"z":12.0},{"x":14.0,"y":0.0,"z":-20.0},{"x":14.0,"y":0.0,"z":20.0},{"x":14.0,"y":0.0,"z":-28.0},{"x":14.0,"y":0.0,"z":28.0}],"positionsFlipped":[{"x":14.0,"y":0.0,"z":-4.0},{"x":14.0,"y":0.0,"z":4.0},{"x":14.0,"y":0.0,"z":-12.0},{"x":14.0,"y":0.0,"z":12.0},{"x":14.0,"y":0.0,"z":-20.0},{"x":14.0,"y":0.0,"z":20.0},{"x":14.0,"y":0.0,"z":-28.0},{"x":14.0,"y":0.0,"z":28.0}]},{"name":"a41b2076","positions":[{"x":14.0,"y":0.0,"z":-4.0},{"x":14.0,"y":0.0,"z":4.0},{"x":14.0,"y":0.0,"z":-12.0},{"x":14.0,"y":0.0,"z":12.0},{"x":14.0,"y":0.0,"z":-20.0},{"x":14.0,"y":0.0,"z":20.0},{"x":14.0,"y":0.0,"z":-28.0},{"x":14.0,"y":0.0,"z":28.0}],"positionsFlipped":[{"x":14.0,"y":0.0,"z":-4.0},{"x":14.0,"y":0.0,"z":4.0},{"x":14.0,"y":0.0,"z":-12.0},{"x":14.0,"y":0.0,"z":12.0},{"x":14.0,"y":0.0,"z":-20.0},{"x":14.0,"y":0.0,"z":20.0},{"x":14.0,"y":0.0,"z":-28.0},{"x":14.0,"y":0.0,"z":28.0}]},{"name":"3104c0c","positions":[{"x":0.0,"y":0.0,"z":48.0}],"positionsFlipped":[]},{"name":"ba0e9df","positions":[{"x":0.0,"y":0.0,"z":48.0}],"positionsFlipped":[]}]}