{"positionDefinitions":[{"name":"39e18f3a","positions":[{"x":0.0,"y":0.0,"z":16.0},{"x":0.0,"y":0.0,"z":-16.0}],"positionsFlipped":[]},{"name":"dea1da7d","positions":[{"x":0.0,"y":0.0,"z":16.0},{"x":0.0,"y":0.0,"z":-16.0}],"positionsFlipped":[]},{"name":"bc223938","positions":[{"x":0.0,"y":0.0,"z":16.0},{"x":0.0,"y":0.0,"z":-16.0}],"positionsFlipped":[]},{"name":"735b9293","positions":[{"x":0.0,"y":0.0,"z":0.0}],"positionsFlipped":[{"x":0.0,"y":0.0,"z":0.0}]},{"name":"7ab8e8","positions":[{"x":0.0,"y":0.0,"z":16.0},{"x":0.0,"y":0.0,"z":-16.0},{"x":0.0,"y":0.0,"z":-48.0}],"positionsFlipped":[]},{"name":"8c6ac71e","positions":[],"positionsFlipped":[{"x":0.0,"y":0.0,"z":-48.0}]},{"name":"d7eab9e","positions":[],"positionsFlipped":[{"x":0.0,"y":0.0,"z":-48.0}]},{"name":"7ec6daff","positions":[{"x":0.0,"y":0.0,"z":16.0}],"positionsFlipped":[{"x":0.0,"y":0.0,"z":16.0}]},{"name":"3b06a609","positions":[{"x":0.0,"y":0.0,"z":16.0}],"positionsFlipped":[{"x":0.0,"y":0.0,"z":16.0}]},{"name":"56d2caea","positions":[{"x":0.0,"y":0.0,"z":16.0}],"positionsFlipped":[{"x":0.0,"y":0.0,"z":16.0}]},{"name":"46224c17","positions":[{"x":0.0,"y":0.0,"z":16.0}],"positionsFlipped":[{"x":0.0,"y":0.0,"z":16.0}]},{"name":"c289f9fd","positions":[{"x":0.0,"y":0.0,"z":16.0}],"positionsFlipped":[{"x":0.0,"y":0.0,"z":16.0}]},{"name":"b736c3a9","positions":[{"x":0.0,"y":0.0,"z":-48.0}],"positionsFlipped":[{"x":0.0,"y":0.0,"z":-48.0}]},{"name":"685013c5","positions":[{"x":0.0,"y":0.0,"z":-48.0}],"positionsFlipped":[{"x":0.0,"y":0.0,"z":-48.0}]},{"name":"3c66454","positions":[{"x":0.0,"y":0.0,"z":-48.0}],"positionsFlipped":[{"x":0.0,"y":0.0,"z":-48.0}]},{"name":"ef87532","positions":[{"x":0.0,"y":0.0,"z":-48.0}],"positionsFlipped":[{"x":0.0,"y":0.0,"z":-48.0}]},{"name":"aada52c2","positions":[{"x":0.0,"y":0.0,"z":-48.0}],"positionsFlipped":[{"x":0.0,"y":0.0,"z":-48.0}]},{"name":"65875fb8","positions":[{"x":0.0,"y":0.0,"z":-48.0}],"positionsFlipped":[{"x":0.0,"y":0.0,"z":-48.0}]},{"name":"c60b6781","positions":[{"x":0.0,"y":0.0,"z":-48.0}],"positionsFlipped":[{"x":0.0,"y":0.0,"z":-48.0}]},{"name":"db15d697","positions":[{"x":0.0,"y":0.0,"z":-48.0}],"positionsFlipped":[{"x":0.0,"y":0.0,"z":-48.0}]},{"name":"8e97ef65","positions":[{"x":0.0,"y":0.0,"z":0.0}],"positionsFlipped":[{"x":0.0,"y":0.0,"z":0.0}]},{"name":"74c9d7b1","positions":[{"x":0.0,"y":0.0,"z":0.0}],"positionsFlipped":[{"x":0.0,"y":0.0,"z":0.0}]},{"name":"2faa3a8d","positions":[{"x":0.0,"y":0.0,"z":0.0}],"positionsFlipped":[{"x":0.0,"y":0.0,"z":0.0}]},{"name":"8454cd37","positions":[],"positionsFlipped":[{"x":0.0,"y":0.0,"z":-48.0}]},{"name":"5f154117","positions":[],"positionsFlipped":[{"x":0.0,"y":0.0,"z":-48.0}]},{"name":"bb179e76","positions":[],"positionsFlipped":[{"x":0.0,"y":0.0,"z":56.0}]},{"name":"6e5c087e","positions":[],"positionsFlipped":[{"x":0.0,"y":0.0,"z":56.0}]},{"name":"33f8146f","positions":[],"positionsFlipped":[{"x":0.0,"y":0.0,"z":56.0}]},{"name":"97968fca","positions":[],"positionsFlipped":[{"x":0.0,"y":0.0,"z":56.0}]},{"name":"cad97048","positions":[],"positionsFlipped":[{"x":0.0,"y":0.0,"z":56.0}]},{"name":"8d997621","positions":[],"positionsFlipped":[{"x":0.0,"y":0.0,"z":56.0}]},{"name":"98a24043","positions":[],"positionsFlipped":[{"x":0.0,"y":0.0,"z":56.0}]},{"name":"821f6dbb","positions":[],"positionsFlipped":[{"x":0.0,"y":0.0,"z":56.0}]},{"name":"c9ccdcea","positions":[],"positionsFlipped":[{"x":0.0,"y":0.0,"z":56.0}]},{"name":"ef4649ec","positions":[],"positionsFlipped":[{"x":0.0,"y":0.0,"z":56.0}]},{"name":"65faf61b","positions":[],"positionsFlipped":[{"x":0.0,"y":0.0,"z":42.0}]},{"name":"22215f38","positions":[],"positionsFlipped":[{"x":0.0,"y":0.0,"z":42.0}]},{"name":"73e7f70c","positions":[{"x":0.0,"y":0.0,"z":0.0}],"positionsFlipped":[]},{"name":"7b0cc390","positions":[{"x":-14.0,"y":0.0,"z":4.0},{"x":14.0,"y":0.0,"z":4.0},{"x":-14.0,"y":0.0,"z":-28.0},{"x":14.0,"y":0.0,"z":-28.0}],"positionsFlipped":[{"x":-14.0,"y":0.0,"z":-4.0},{"x":14.0,"y":0.0,"z":-4.0},{"x":-14.0,"y":0.0,"z":28.0},{"x":14.0,"y":0.0,"z":28.0}]},{"name":"41d5074d","positions":[{"x":-14.0,"y":0.0,"z":4.0},{"x":14.0,"y":0.0,"z":4.0},{"x":-14.0,"y":0.0,"z":-28.0},{"x":14.0,"y":0.0,"z":-28.0}],"positionsFlipped":[{"x":-14.0,"y":0.0,"z":-4.0},{"x":14.0,"y":0.0,"z":-4.0},{"x":-14.0,"y":0.0,"z":28.0},{"x":14.0,"y":0.0,"z":28.0}]}]}