{"positionDefinitions":[{"name":"9c7af597","positions":[{"x":0.0,"y":0.0,"z":16.0},{"x":0.0,"y":0.0,"z":-16.0},{"x":0.0,"y":0.0,"z":48.0},{"x":0.0,"y":0.0,"z":-48.0},{"x":0.0,"y":0.0,"z":80.0},{"x":0.0,"y":0.0,"z":-80.0},{"x":0.0,"y":0.0,"z":144.0},{"x":0.0,"y":0.0,"z":-144.0}],"positionsFlipped":[]},{"name":"6fe701d3","positions":[{"x":0.0,"y":0.0,"z":16.0},{"x":0.0,"y":0.0,"z":-16.0},{"x":0.0,"y":0.0,"z":48.0},{"x":0.0,"y":0.0,"z":-48.0},{"x":0.0,"y":0.0,"z":80.0},{"x":0.0,"y":0.0,"z":-80.0},{"x":0.0,"y":0.0,"z":144.0},{"x":0.0,"y":0.0,"z":-144.0}],"positionsFlipped":[]},{"name":"1df0cae4","positions":[{"x":0.0,"y":0.0,"z":16.0},{"x":0.0,"y":0.0,"z":-16.0},{"x":0.0,"y":0.0,"z":48.0},{"x":0.0,"y":0.0,"z":-48.0},{"x":0.0,"y":0.0,"z":80.0},{"x":0.0,"y":0.0,"z":-80.0},{"x":0.0,"y":0.0,"z":144.0},{"x":0.0,"y":0.0,"z":-144.0}],"positionsFlipped":[]},{"name":"e5206350","positions":[{"x":0.0,"y":0.0,"z":16.0},{"x":0.0,"y":0.0,"z":-16.0},{"x":0.0,"y":0.0,"z":48.0},{"x":0.0,"y":0.0,"z":-48.0},{"x":0.0,"y":0.0,"z":80.0},{"x":0.0,"y":0.0,"z":-80.0},{"x":0.0,"y":0.0,"z":112.0},{"x":0.0,"y":0.0,"z":-112.0},{"x":0.0,"y":0.0,"z":144.0},{"x":0.0,"y":0.0,"z":-144.0},{"x":0.0,"y":0.0,"z":176.0}],"positionsFlipped":[]},{"name":"d00aa907","positions":[{"x":0.0,"y":0.0,"z":112.0},{"x":0.0,"y":0.0,"z":-112.0}],"positionsFlipped":[]},{"name":"3b950dee","positions":[{"x":0.0,"y":0.0,"z":112.0},{"x":0.0,"y":0.0,"z":-112.0}],"positionsFlipped":[]},{"name":"4f9bf9e1","positions":[{"x":0.0,"y":0.0,"z":112.0},{"x":0.0,"y":0.0,"z":-112.0}],"positionsFlipped":[]},{"name":"2b0d7fc2","positions":[{"x":0.0,"y":0.0,"z":112.0},{"x":0.0,"y":0.0,"z":-112.0}],"positionsFlipped":[{"x":0.0,"y":0.0,"z":112.0},{"x":0.0,"y":0.0,"z":-112.0}]},{"name":"f0f56321","positions":[{"x":0.0,"y":0.0,"z":112.0},{"x":0.0,"y":0.0,"z":-112.0}],"positionsFlipped":[]},{"name":"5175757c","positions":[{"x":0.0,"y":0.0,"z":112.0},{"x":0.0,"y":0.0,"z":-112.0}],"positionsFlipped":[{"x":0.0,"y":0.0,"z":112.0},{"x":0.0,"y":0.0,"z":-112.0}]},{"name":"f03e0529","positions":[{"x":0.0,"y":0.0,"z":112.0},{"x":0.0,"y":0.0,"z":-112.0}],"positionsFlipped":[{"x":0.0,"y":0.0,"z":112.0},{"x":0.0,"y":0.0,"z":-112.0}]},{"name":"3ae268e7","positions":[{"x":0.0,"y":0.0,"z":112.0},{"x":0.0,"y":0.0,"z":-112.0}],"positionsFlipped":[{"x":0.0,"y":0.0,"z":112.0},{"x":0.0,"y":0.0,"z":-112.0}]},{"name":"3d54ccf1","positions":[{"x":0.0,"y":0.0,"z":112.0},{"x":0.0,"y":0.0,"z":-112.0}],"positionsFlipped":[{"x":0.0,"y":0.0,"z":112.0},{"x":0.0,"y":0.0,"z":-112.0}]},{"name":"a8be3a47","positions":[{"x":0.0,"y":0.0,"z":112.0},{"x":0.0,"y":0.0,"z":-112.0}],"positionsFlipped":[{"x":0.0,"y":0.0,"z":112.0},{"x":0.0,"y":0.0,"z":-112.0}]},{"name":"4a17fa8","positions":[{"x":0.0,"y":0.0,"z":16.0}],"positionsFlipped":[{"x":0.0,"y":0.0,"z":-16.0}]},{"name":"ee13e85c","positions":[{"x":0.0,"y":0.0,"z":16.0}],"positionsFlipped":[{"x":0.0,"y":0.0,"z":-16.0}]},{"name":"b078e494","positions":[{"x":0.0,"y":0.0,"z":16.0}],"positionsFlipped":[{"x":0.0,"y":0.0,"z":-16.0}]},{"name":"b0077b1a","positions":[{"x":0.0,"y":0.0,"z":16.0}],"positionsFlipped":[{"x":0.0,"y":0.0,"z":-16.0}]},{"name":"89d1f32b","positions":[{"x":0.0,"y":0.0,"z":16.0}],"positionsFlipped":[{"x":0.0,"y":0.0,"z":-16.0}]},{"name":"4cf461f6","positions":[{"x":0.0,"y":0.0,"z":0.0}],"positionsFlipped":[]},{"name":"26048ea5","positions":[{"x":0.0,"y":0.0,"z":0.0}],"positionsFlipped":[{"x":0.0,"y":0.0,"z":0.0}]},{"name":"cc1c2930","positions":[{"x":0.0,"y":0.0,"z":0.0}],"positionsFlipped":[{"x":0.0,"y":0.0,"z":0.0}]},{"name":"11878592","positions":[],"positionsFlipped":[{"x":0.0,"y":0.0,"z":176.0}]},{"name":"ecbbeaa5","positions":[],"positionsFlipped":[{"x":0.0,"y":0.0,"z":176.0}]},{"name":"6e9d46cb","positions":[],"positionsFlipped":[{"x":0.0,"y":0.0,"z":176.0}]},{"name":"9399e61c","positions":[{"x":17.0,"y":0.0,"z":-28.0},{"x":11.0,"y":0.0,"z":-28.0},{"x":-17.0,"y":0.0,"z":-28.0},{"x":-11.0,"y":0.0,"z":-28.0},{"x":17.0,"y":0.0,"z":-60.0},{"x":11.0,"y":0.0,"z":-60.0},{"x":-17.0,"y":0.0,"z":-60.0},{"x":-11.0,"y":0.0,"z":-60.0},{"x":17.0,"y":0.0,"z":-92.0},{"x":11.0,"y":0.0,"z":-92.0},{"x":-17.0,"y":0.0,"z":-92.0},{"x":-11.0,"y":0.0,"z":-92.0},{"x":17.0,"y":0.0,"z":-156.0},{"x":11.0,"y":0.0,"z":-156.0},{"x":-17.0,"y":0.0,"z":-156.0},{"x":-11.0,"y":0.0,"z":-156.0},{"x":17.0,"y":0.0,"z":4.0},{"x":11.0,"y":0.0,"z":4.0},{"x":-17.0,"y":0.0,"z":4.0},{"x":-11.0,"y":0.0,"z":4.0},{"x":17.0,"y":0.0,"z":36.0},{"x":11.0,"y":0.0,"z":36.0},{"x":-17.0,"y":0.0,"z":36.0},{"x":-11.0,"y":0.0,"z":36.0},{"x":17.0,"y":0.0,"z":68.0},{"x":11.0,"y":0.0,"z":68.0},{"x":-17.0,"y":0.0,"z":68.0},{"x":-11.0,"y":0.0,"z":68.0},{"x":17.0,"y":0.0,"z":132.0},{"x":11.0,"y":0.0,"z":132.0},{"x":-17.0,"y":0.0,"z":132.0},{"x":-11.0,"y":0.0,"z":132.0},{"x":17.0,"y":0.0,"z":164.0},{"x":11.0,"y":0.0,"z":164.0},{"x":-17.0,"y":0.0,"z":164.0},{"x":-11.0,"y":0.0,"z":164.0}],"positionsFlipped":[{"x":17.0,"y":0.0,"z":28.0},{"x":11.0,"y":0.0,"z":28.0},{"x":-17.0,"y":0.0,"z":28.0},{"x":-11.0,"y":0.0,"z":28.0},{"x":17.0,"y":0.0,"z":60.0},{"x":11.0,"y":0.0,"z":60.0},{"x":-17.0,"y":0.0,"z":60.0},{"x":-11.0,"y":0.0,"z":60.0},{"x":17.0,"y":0.0,"z":92.0},{"x":11.0,"y":0.0,"z":92.0},{"x":-17.0,"y":0.0,"z":92.0},{"x":-11.0,"y":0.0,"z":92.0},{"x":17.0,"y":0.0,"z":156.0},{"x":11.0,"y":0.0,"z":156.0},{"x":-17.0,"y":0.0,"z":156.0},{"x":-11.0,"y":0.0,"z":156.0},{"x":17.0,"y":0.0,"z":188.0},{"x":11.0,"y":0.0,"z":188.0},{"x":-17.0,"y":0.0,"z":188.0},{"x":-11.0,"y":0.0,"z":188.0},{"x":17.0,"y":0.0,"z":-4.0},{"x":11.0,"y":0.0,"z":-4.0},{"x":-17.0,"y":0.0,"z":-4.0},{"x":-11.0,"y":0.0,"z":-4.0},{"x":17.0,"y":0.0,"z":-36.0},{"x":11.0,"y":0.0,"z":-36.0},{"x":-17.0,"y":0.0,"z":-36.0},{"x":-11.0,"y":0.0,"z":-36.0},{"x":17.0,"y":0.0,"z":-68.0},{"x":11.0,"y":0.0,"z":-68.0},{"x":-17.0,"y":0.0,"z":-68.0},{"x":-11.0,"y":0.0,"z":-68.0},{"x":17.0,"y":0.0,"z":-132.0},{"x":11.0,"y":0.0,"z":-132.0},{"x":-17.0,"y":0.0,"z":-132.0},{"x":-11.0,"y":0.0,"z":-132.0}]},{"name":"b4b7927d","positions":[{"x":17.0,"y":0.0,"z":-28.0},{"x":11.0,"y":0.0,"z":-28.0},{"x":-17.0,"y":0.0,"z":-28.0},{"x":-11.0,"y":0.0,"z":-28.0},{"x":17.0,"y":0.0,"z":-60.0},{"x":11.0,"y":0.0,"z":-60.0},{"x":-17.0,"y":0.0,"z":-60.0},{"x":-11.0,"y":0.0,"z":-60.0},{"x":17.0,"y":0.0,"z":-92.0},{"x":11.0,"y":0.0,"z":-92.0},{"x":-17.0,"y":0.0,"z":-92.0},{"x":-11.0,"y":0.0,"z":-92.0},{"x":17.0,"y":0.0,"z":-156.0},{"x":11.0,"y":0.0,"z":-156.0},{"x":-17.0,"y":0.0,"z":-156.0},{"x":-11.0,"y":0.0,"z":-156.0},{"x":17.0,"y":0.0,"z":4.0},{"x":11.0,"y":0.0,"z":4.0},{"x":-17.0,"y":0.0,"z":4.0},{"x":-11.0,"y":0.0,"z":4.0},{"x":17.0,"y":0.0,"z":36.0},{"x":11.0,"y":0.0,"z":36.0},{"x":-17.0,"y":0.0,"z":36.0},{"x":-11.0,"y":0.0,"z":36.0},{"x":17.0,"y":0.0,"z":68.0},{"x":11.0,"y":0.0,"z":68.0},{"x":-17.0,"y":0.0,"z":68.0},{"x":-11.0,"y":0.0,"z":68.0},{"x":17.0,"y":0.0,"z":132.0},{"x":11.0,"y":0.0,"z":132.0},{"x":-17.0,"y":0.0,"z":132.0},{"x":-11.0,"y":0.0,"z":132.0},{"x":17.0,"y":0.0,"z":164.0},{"x":11.0,"y":0.0,"z":164.0},{"x":-17.0,"y":0.0,"z":164.0},{"x":-11.0,"y":0.0,"z":164.0}],"positionsFlipped":[{"x":17.0,"y":0.0,"z":28.0},{"x":11.0,"y":0.0,"z":28.0},{"x":-17.0,"y":0.0,"z":28.0},{"x":-11.0,"y":0.0,"z":28.0},{"x":17.0,"y":0.0,"z":60.0},{"x":11.0,"y":0.0,"z":60.0},{"x":-17.0,"y":0.0,"z":60.0},{"x":-11.0,"y":0.0,"z":60.0},{"x":17.0,"y":0.0,"z":92.0},{"x":11.0,"y":0.0,"z":92.0},{"x":-17.0,"y":0.0,"z":92.0},{"x":-11.0,"y":0.0,"z":92.0},{"x":17.0,"y":0.0,"z":156.0},{"x":11.0,"y":0.0,"z":156.0},{"x":-17.0,"y":0.0,"z":156.0},{"x":-11.0,"y":0.0,"z":156.0},{"x":17.0,"y":0.0,"z":188.0},{"x":11.0,"y":0.0,"z":188.0},{"x":-17.0,"y":0.0,"z":188.0},{"x":-11.0,"y":0.0,"z":188.0},{"x":17.0,"y":0.0,"z":-4.0},{"x":11.0,"y":0.0,"z":-4.0},{"x":-17.0,"y":0.0,"z":-4.0},{"x":-11.0,"y":0.0,"z":-4.0},{"x":17.0,"y":0.0,"z":-36.0},{"x":11.0,"y":0.0,"z":-36.0},{"x":-17.0,"y":0.0,"z":-36.0},{"x":-11.0,"y":0.0,"z":-36.0},{"x":17.0,"y":0.0,"z":-68.0},{"x":11.0,"y":0.0,"z":-68.0},{"x":-17.0,"y":0.0,"z":-68.0},{"x":-11.0,"y":0.0,"z":-68.0},{"x":17.0,"y":0.0,"z":-132.0},{"x":11.0,"y":0.0,"z":-132.0},{"x":-17.0,"y":0.0,"z":-132.0},{"x":-11.0,"y":0.0,"z":-132.0}]},{"name":"31379af8","positions":[],"positionsFlipped":[{"x":0.0,"y":0.0,"z":-184.0}]},{"name":"5471534d","positions":[],"positionsFlipped":[{"x":0.0,"y":0.0,"z":-184.0}]},{"name":"72614be9","positions":[],"positionsFlipped":[{"x":0.0,"y":0.0,"z":-184.0}]},{"name":"f663a3c2","positions":[],"positionsFlipped":[{"x":0.0,"y":0.0,"z":-184.0}]},{"name":"3fe34b2f","positions":[],"positionsFlipped":[{"x":0.0,"y":0.0,"z":-184.0}]},{"name":"ca2728cf","positions":[],"positionsFlipped":[{"x":0.0,"y":0.0,"z":-184.0}]},{"name":"348fd58c","positions":[],"positionsFlipped":[{"x":0.0,"y":0.0,"z":-184.0}]},{"name":"57c8be54","positions":[],"positionsFlipped":[{"x":0.0,"y":0.0,"z":-184.0}]},{"name":"b8a75581","positions":[{"x":0.0,"y":0.0,"z":-208.0}],"positionsFlipped":[]}]}