{"positionDefinitions":[{"name":"4ba4a8f8","positions":[{"x":0.0,"y":0.0,"z":16.0},{"x":0.0,"y":0.0,"z":-16.0},{"x":0.0,"y":0.0,"z":48.0},{"x":0.0,"y":0.0,"z":-48.0},{"x":0.0,"y":0.0,"z":80.0},{"x":0.0,"y":0.0,"z":-80.0},{"x":0.0,"y":0.0,"z":144.0},{"x":0.0,"y":0.0,"z":-144.0}],"positionsFlipped":[]},{"name":"b0d817b8","positions":[{"x":0.0,"y":0.0,"z":16.0},{"x":0.0,"y":0.0,"z":-16.0},{"x":0.0,"y":0.0,"z":48.0},{"x":0.0,"y":0.0,"z":-48.0},{"x":0.0,"y":0.0,"z":80.0},{"x":0.0,"y":0.0,"z":-80.0},{"x":0.0,"y":0.0,"z":144.0},{"x":0.0,"y":0.0,"z":-144.0}],"positionsFlipped":[]},{"name":"730f70b","positions":[{"x":0.0,"y":0.0,"z":16.0},{"x":0.0,"y":0.0,"z":-16.0},{"x":0.0,"y":0.0,"z":48.0},{"x":0.0,"y":0.0,"z":-48.0},{"x":0.0,"y":0.0,"z":80.0},{"x":0.0,"y":0.0,"z":-80.0},{"x":0.0,"y":0.0,"z":144.0},{"x":0.0,"y":0.0,"z":-144.0}],"positionsFlipped":[]},{"name":"2cb3c42","positions":[{"x":0.0,"y":0.0,"z":16.0},{"x":0.0,"y":0.0,"z":-16.0},{"x":0.0,"y":0.0,"z":48.0},{"x":0.0,"y":0.0,"z":-48.0},{"x":0.0,"y":0.0,"z":80.0},{"x":0.0,"y":0.0,"z":-80.0},{"x":0.0,"y":0.0,"z":112.0},{"x":0.0,"y":0.0,"z":-112.0},{"x":0.0,"y":0.0,"z":144.0},{"x":0.0,"y":0.0,"z":-144.0},{"x":0.0,"y":0.0,"z":-176.0}],"positionsFlipped":[]},{"name":"2ca11dd9","positions":[{"x":0.0,"y":0.0,"z":112.0},{"x":0.0,"y":0.0,"z":-112.0}],"positionsFlipped":[]},{"name":"fb361f24","positions":[{"x":0.0,"y":0.0,"z":112.0},{"x":0.0,"y":0.0,"z":-112.0}],"positionsFlipped":[]},{"name":"42454d60","positions":[{"x":0.0,"y":0.0,"z":112.0},{"x":0.0,"y":0.0,"z":-112.0}],"positionsFlipped":[]},{"name":"5f11de97","positions":[{"x":0.0,"y":0.0,"z":112.0},{"x":0.0,"y":0.0,"z":-112.0}],"positionsFlipped":[{"x":0.0,"y":0.0,"z":112.0},{"x":0.0,"y":0.0,"z":-112.0}]},{"name":"8328ef54","positions":[{"x":0.0,"y":0.0,"z":112.0},{"x":0.0,"y":0.0,"z":-112.0}],"positionsFlipped":[]},{"name":"38cec3","positions":[{"x":0.0,"y":0.0,"z":112.0},{"x":0.0,"y":0.0,"z":-112.0}],"positionsFlipped":[{"x":0.0,"y":0.0,"z":112.0},{"x":0.0,"y":0.0,"z":-112.0}]},{"name":"51d61006","positions":[{"x":0.0,"y":0.0,"z":112.0},{"x":0.0,"y":0.0,"z":-112.0}],"positionsFlipped":[{"x":0.0,"y":0.0,"z":112.0},{"x":0.0,"y":0.0,"z":-112.0}]},{"name":"e96c3cdd","positions":[{"x":0.0,"y":0.0,"z":112.0},{"x":0.0,"y":0.0,"z":-112.0}],"positionsFlipped":[{"x":0.0,"y":0.0,"z":112.0},{"x":0.0,"y":0.0,"z":-112.0}]},{"name":"f5e3bf56","positions":[{"x":0.0,"y":0.0,"z":112.0},{"x":0.0,"y":0.0,"z":-112.0}],"positionsFlipped":[{"x":0.0,"y":0.0,"z":112.0},{"x":0.0,"y":0.0,"z":-112.0}]},{"name":"fef22ab","positions":[{"x":0.0,"y":0.0,"z":112.0},{"x":0.0,"y":0.0,"z":-112.0}],"positionsFlipped":[{"x":0.0,"y":0.0,"z":112.0},{"x":0.0,"y":0.0,"z":-112.0}]},{"name":"fd181d6e","positions":[{"x":0.0,"y":0.0,"z":16.0}],"positionsFlipped":[{"x":0.0,"y":0.0,"z":-16.0}]},{"name":"5cfa480","positions":[{"x":0.0,"y":0.0,"z":16.0}],"positionsFlipped":[{"x":0.0,"y":0.0,"z":-16.0}]},{"name":"52d43a39","positions":[{"x":0.0,"y":0.0,"z":16.0}],"positionsFlipped":[{"x":0.0,"y":0.0,"z":-16.0}]},{"name":"f404a9e7","positions":[{"x":0.0,"y":0.0,"z":16.0}],"positionsFlipped":[{"x":0.0,"y":0.0,"z":-16.0}]},{"name":"a69d795e","positions":[{"x":0.0,"y":0.0,"z":16.0}],"positionsFlipped":[{"x":0.0,"y":0.0,"z":-16.0}]},{"name":"f27078b9","positions":[{"x":0.0,"y":0.0,"z":0.0}],"positionsFlipped":[]},{"name":"2d92e0d6","positions":[{"x":0.0,"y":0.0,"z":0.0}],"positionsFlipped":[{"x":0.0,"y":0.0,"z":0.0}]},{"name":"154d54fa","positions":[{"x":0.0,"y":0.0,"z":0.0}],"positionsFlipped":[{"x":0.0,"y":0.0,"z":0.0}]},{"name":"a067da30","positions":[{"x":0.0,"y":0.0,"z":-176.0}],"positionsFlipped":[]},{"name":"3f7abf22","positions":[{"x":0.0,"y":0.0,"z":-176.0}],"positionsFlipped":[]},{"name":"d575348f","positions":[{"x":0.0,"y":0.0,"z":-176.0}],"positionsFlipped":[]},{"name":"ba89f947","positions":[{"x":17.0,"y":0.0,"z":-28.0},{"x":11.0,"y":0.0,"z":-28.0},{"x":-17.0,"y":0.0,"z":-28.0},{"x":-11.0,"y":0.0,"z":-28.0},{"x":17.0,"y":0.0,"z":-60.0},{"x":11.0,"y":0.0,"z":-60.0},{"x":-17.0,"y":0.0,"z":-60.0},{"x":-11.0,"y":0.0,"z":-60.0},{"x":17.0,"y":0.0,"z":-92.0},{"x":11.0,"y":0.0,"z":-92.0},{"x":-17.0,"y":0.0,"z":-92.0},{"x":-11.0,"y":0.0,"z":-92.0},{"x":17.0,"y":0.0,"z":-156.0},{"x":11.0,"y":0.0,"z":-156.0},{"x":-17.0,"y":0.0,"z":-156.0},{"x":-11.0,"y":0.0,"z":-156.0},{"x":17.0,"y":0.0,"z":-188.0},{"x":11.0,"y":0.0,"z":-188.0},{"x":-17.0,"y":0.0,"z":-188.0},{"x":-11.0,"y":0.0,"z":-188.0},{"x":17.0,"y":0.0,"z":4.0},{"x":11.0,"y":0.0,"z":4.0},{"x":-17.0,"y":0.0,"z":4.0},{"x":-11.0,"y":0.0,"z":4.0},{"x":17.0,"y":0.0,"z":36.0},{"x":11.0,"y":0.0,"z":36.0},{"x":-17.0,"y":0.0,"z":36.0},{"x":-11.0,"y":0.0,"z":36.0},{"x":17.0,"y":0.0,"z":68.0},{"x":11.0,"y":0.0,"z":68.0},{"x":-17.0,"y":0.0,"z":68.0},{"x":-11.0,"y":0.0,"z":68.0},{"x":17.0,"y":0.0,"z":132.0},{"x":11.0,"y":0.0,"z":132.0},{"x":-17.0,"y":0.0,"z":132.0},{"x":-11.0,"y":0.0,"z":132.0}],"positionsFlipped":[{"x":17.0,"y":0.0,"z":28.0},{"x":11.0,"y":0.0,"z":28.0},{"x":-17.0,"y":0.0,"z":28.0},{"x":-11.0,"y":0.0,"z":28.0},{"x":17.0,"y":0.0,"z":60.0},{"x":11.0,"y":0.0,"z":60.0},{"x":-17.0,"y":0.0,"z":60.0},{"x":-11.0,"y":0.0,"z":60.0},{"x":17.0,"y":0.0,"z":92.0},{"x":11.0,"y":0.0,"z":92.0},{"x":-17.0,"y":0.0,"z":92.0},{"x":-11.0,"y":0.0,"z":92.0},{"x":17.0,"y":0.0,"z":156.0},{"x":11.0,"y":0.0,"z":156.0},{"x":-17.0,"y":0.0,"z":156.0},{"x":-11.0,"y":0.0,"z":156.0},{"x":17.0,"y":0.0,"z":-4.0},{"x":11.0,"y":0.0,"z":-4.0},{"x":-17.0,"y":0.0,"z":-4.0},{"x":-11.0,"y":0.0,"z":-4.0},{"x":17.0,"y":0.0,"z":-36.0},{"x":11.0,"y":0.0,"z":-36.0},{"x":-17.0,"y":0.0,"z":-36.0},{"x":-11.0,"y":0.0,"z":-36.0},{"x":17.0,"y":0.0,"z":-68.0},{"x":11.0,"y":0.0,"z":-68.0},{"x":-17.0,"y":0.0,"z":-68.0},{"x":-11.0,"y":0.0,"z":-68.0},{"x":17.0,"y":0.0,"z":-132.0},{"x":11.0,"y":0.0,"z":-132.0},{"x":-17.0,"y":0.0,"z":-132.0},{"x":-11.0,"y":0.0,"z":-132.0},{"x":17.0,"y":0.0,"z":-164.0},{"x":11.0,"y":0.0,"z":-164.0},{"x":-17.0,"y":0.0,"z":-164.0},{"x":-11.0,"y":0.0,"z":-164.0}]},{"name":"81debb40","positions":[{"x":17.0,"y":0.0,"z":-28.0},{"x":11.0,"y":0.0,"z":-28.0},{"x":-17.0,"y":0.0,"z":-28.0},{"x":-11.0,"y":0.0,"z":-28.0},{"x":17.0,"y":0.0,"z":-60.0},{"x":11.0,"y":0.0,"z":-60.0},{"x":-17.0,"y":0.0,"z":-60.0},{"x":-11.0,"y":0.0,"z":-60.0},{"x":17.0,"y":0.0,"z":-92.0},{"x":11.0,"y":0.0,"z":-92.0},{"x":-17.0,"y":0.0,"z":-92.0},{"x":-11.0,"y":0.0,"z":-92.0},{"x":17.0,"y":0.0,"z":-156.0},{"x":11.0,"y":0.0,"z":-156.0},{"x":-17.0,"y":0.0,"z":-156.0},{"x":-11.0,"y":0.0,"z":-156.0},{"x":17.0,"y":0.0,"z":-188.0},{"x":11.0,"y":0.0,"z":-188.0},{"x":-17.0,"y":0.0,"z":-188.0},{"x":-11.0,"y":0.0,"z":-188.0},{"x":17.0,"y":0.0,"z":4.0},{"x":11.0,"y":0.0,"z":4.0},{"x":-17.0,"y":0.0,"z":4.0},{"x":-11.0,"y":0.0,"z":4.0},{"x":17.0,"y":0.0,"z":36.0},{"x":11.0,"y":0.0,"z":36.0},{"x":-17.0,"y":0.0,"z":36.0},{"x":-11.0,"y":0.0,"z":36.0},{"x":17.0,"y":0.0,"z":68.0},{"x":11.0,"y":0.0,"z":68.0},{"x":-17.0,"y":0.0,"z":68.0},{"x":-11.0,"y":0.0,"z":68.0},{"x":17.0,"y":0.0,"z":132.0},{"x":11.0,"y":0.0,"z":132.0},{"x":-17.0,"y":0.0,"z":132.0},{"x":-11.0,"y":0.0,"z":132.0}],"positionsFlipped":[{"x":17.0,"y":0.0,"z":28.0},{"x":11.0,"y":0.0,"z":28.0},{"x":-17.0,"y":0.0,"z":28.0},{"x":-11.0,"y":0.0,"z":28.0},{"x":17.0,"y":0.0,"z":60.0},{"x":11.0,"y":0.0,"z":60.0},{"x":-17.0,"y":0.0,"z":60.0},{"x":-11.0,"y":0.0,"z":60.0},{"x":17.0,"y":0.0,"z":92.0},{"x":11.0,"y":0.0,"z":92.0},{"x":-17.0,"y":0.0,"z":92.0},{"x":-11.0,"y":0.0,"z":92.0},{"x":17.0,"y":0.0,"z":156.0},{"x":11.0,"y":0.0,"z":156.0},{"x":-17.0,"y":0.0,"z":156.0},{"x":-11.0,"y":0.0,"z":156.0},{"x":17.0,"y":0.0,"z":-4.0},{"x":11.0,"y":0.0,"z":-4.0},{"x":-17.0,"y":0.0,"z":-4.0},{"x":-11.0,"y":0.0,"z":-4.0},{"x":17.0,"y":0.0,"z":-36.0},{"x":11.0,"y":0.0,"z":-36.0},{"x":-17.0,"y":0.0,"z":-36.0},{"x":-11.0,"y":0.0,"z":-36.0},{"x":17.0,"y":0.0,"z":-68.0},{"x":11.0,"y":0.0,"z":-68.0},{"x":-17.0,"y":0.0,"z":-68.0},{"x":-11.0,"y":0.0,"z":-68.0},{"x":17.0,"y":0.0,"z":-132.0},{"x":11.0,"y":0.0,"z":-132.0},{"x":-17.0,"y":0.0,"z":-132.0},{"x":-11.0,"y":0.0,"z":-132.0},{"x":17.0,"y":0.0,"z":-164.0},{"x":11.0,"y":0.0,"z":-164.0},{"x":-17.0,"y":0.0,"z":-164.0},{"x":-11.0,"y":0.0,"z":-164.0}]},{"name":"ae592f9a","positions":[{"x":0.0,"y":0.0,"z":184.0}],"positionsFlipped":[]},{"name":"74da5be8","positions":[{"x":0.0,"y":0.0,"z":184.0}],"positionsFlipped":[]},{"name":"26479805","positions":[{"x":0.0,"y":0.0,"z":184.0}],"positionsFlipped":[]},{"name":"378d0ded","positions":[{"x":0.0,"y":0.0,"z":184.0}],"positionsFlipped":[]},{"name":"a5f665b2","positions":[{"x":0.0,"y":0.0,"z":184.0}],"positionsFlipped":[]},{"name":"268eb57d","positions":[{"x":0.0,"y":0.0,"z":184.0}],"positionsFlipped":[]},{"name":"3feabb7f","positions":[{"x":0.0,"y":0.0,"z":184.0}],"positionsFlipped":[]},{"name":"dcfb59ee","positions":[{"x":0.0,"y":0.0,"z":184.0}],"positionsFlipped":[]},{"name":"8b3d3d02","positions":[],"positionsFlipped":[{"x":0.0,"y":0.0,"z":208.0}]}]}