{"positionDefinitions":[{"name":"7d7cd92b","positions":[{"x":0.0,"y":0.0,"z":0.0}],"positionsFlipped":[]},{"name":"c11570a8","positions":[{"x":0.0,"y":0.0,"z":0.0}],"positionsFlipped":[]},{"name":"d6433351","positions":[{"x":0.0,"y":0.0,"z":0.0},{"x":0.0,"y":0.0,"z":32.0},{"x":0.0,"y":0.0,"z":-32.0}],"positionsFlipped":[]},{"name":"41a0a735","positions":[{"x":0.0,"y":0.0,"z":0.0}],"positionsFlipped":[]},{"name":"f24aff8a","positions":[{"x":0.0,"y":0.0,"z":0.0}],"positionsFlipped":[{"x":0.0,"y":0.0,"z":0.0}]},{"name":"7749749","positions":[{"x":0.0,"y":0.0,"z":0.0},{"x":0.0,"y":0.0,"z":32.0},{"x":0.0,"y":0.0,"z":-32.0}],"positionsFlipped":[]},{"name":"c11f5bc6","positions":[{"x":0.0,"y":8.0,"z":0.0}],"positionsFlipped":[]},{"name":"aef14751","positions":[{"x":0.0,"y":0.0,"z":32.0}],"positionsFlipped":[{"x":0.0,"y":0.0,"z":-32.0}]},{"name":"72743eaf","positions":[{"x":0.0,"y":0.0,"z":32.0}],"positionsFlipped":[{"x":0.0,"y":0.0,"z":-32.0}]},{"name":"4dd0adeb","positions":[{"x":0.0,"y":0.0,"z":32.0}],"positionsFlipped":[{"x":0.0,"y":0.0,"z":-32.0}]},{"name":"bb6c0fe4","positions":[{"x":0.0,"y":0.0,"z":32.0}],"positionsFlipped":[{"x":0.0,"y":0.0,"z":-32.0}]},{"name":"67c84a35","positions":[{"x":14.0,"y":0.0,"z":-12.0},{"x":-14.0,"y":0.0,"z":-12.0},{"x":14.0,"y":0.0,"z":20.0},{"x":-14.0,"y":0.0,"z":20.0}],"positionsFlipped":[{"x":14.0,"y":0.0,"z":12.0},{"x":-14.0,"y":0.0,"z":12.0},{"x":14.0,"y":0.0,"z":-20.0},{"x":-14.0,"y":0.0,"z":-20.0}]},{"name":"139c8def","positions":[{"x":14.0,"y":0.0,"z":-12.0},{"x":-14.0,"y":0.0,"z":-12.0},{"x":14.0,"y":0.0,"z":20.0},{"x":-14.0,"y":0.0,"z":20.0}],"positionsFlipped":[{"x":14.0,"y":0.0,"z":12.0},{"x":-14.0,"y":0.0,"z":12.0},{"x":14.0,"y":0.0,"z":-20.0},{"x":-14.0,"y":0.0,"z":-20.0}]},{"name":"50cb6ada","positions":[{"x":0.0,"y":0.0,"z":0.0}],"positionsFlipped":[{"x":0.0,"y":0.0,"z":0.0}]},{"name":"8706fc8d","positions":[{"x":0.0,"y":0.0,"z":0.0}],"positionsFlipped":[{"x":0.0,"y":0.0,"z":0.0}]},{"name":"f83752d3","positions":[{"x":0.0,"y":0.0,"z":0.0}],"positionsFlipped":[{"x":0.0,"y":0.0,"z":0.0}]},{"name":"f39bc87b","positions":[{"x":0.0,"y":0.0,"z":0.0}],"positionsFlipped":[{"x":0.0,"y":0.0,"z":0.0}]},{"name":"b3e520fd","positions":[{"x":0.0,"y":0.0,"z":0.0}],"positionsFlipped":[{"x":0.0,"y":0.0,"z":0.0}]}]}