{"vehicles":[{"id":"class_393_sb_trailer_mid","name":"SB Class 393 (Trailer, Short)","color":"26E847","transportMode":"TRAIN","length":7.0,"width":2.0,"bogie1Position":0.0,"bogie2Position":0.0,"couplingPadding1":0.0,"couplingPadding2":0.0,"description":"The Class 393 'Transverse' is a Tram-Train manufactured by RRG Between 2019 and Today. They are designed to operate on Tram Networks, and switch to Heavy Rail Networks. They are able to run on 1.5 kV DC and 25 kV 60 Hz AC. They come in 5 Coach sets and have a Top speed of 120 km/h. But are Limited to 80 km/h when on Roads. They operate on Spawn and Benprope Tramway and B Line Routes.","wikipediaArticle":"","tags":[],"models":[{"modelResource":"mtr:sb393/class392.bbmodel","textureResource":"mtr:sb393/class393_spawn.png","modelPropertiesResource":"mtr:properties_d2af11ba.json","positionDefinitionsResource":"mtr:definition_76af8f36.json","flipTextureV":true}],"bogie1Models":[{"modelResource":"mtr:models/vehicle/bogie_1.bbmodel","textureResource":"mtr:textures/vehicle/bogie_1.png","modelPropertiesResource":"mtr:properties/vehicle/bogie_1.json","positionDefinitionsResource":"mtr:properties/definition/origin.json","flipTextureV":true}],"bogie2Models":[],"hasGangway1":true,"hasGangway2":true,"hasBarrier1":false,"hasBarrier2":false,"legacyRiderOffset":0.0,"bveSoundBaseResource":"s700","legacySpeedSoundBaseResource":"","legacySpeedSoundCount":1,"legacyUseAccelerationSoundsWhenCoasting":false,"legacyConstantPlaybackSpeed":false,"legacyDoorSoundBaseResource":"","legacyDoorCloseSoundTime":0.0},
    {"id":"class_393_sb_trailer_doors","name":"SB Class 393 (Trailer, Long)","color":"26E847","transportMode":"TRAIN","length":9.0,"width":2.0,"bogie1Position":0.0,"bogie2Position":0.0,"couplingPadding1":0.0,"couplingPadding2":0.0,"description":"The Class 393 'Transverse' is a Tram-Train manufactured by RRG Between 2019 and Today. They are designed to operate on Tram Networks, and switch to Heavy Rail Networks. They are able to run on 1.5 kV DC and 25 kV 60 Hz AC. They come in 5 Coach sets and have a Top speed of 120 km/h. But are Limited to 80 km/h when on Roads. They operate on Spawn and Benprope Tramway and B Line Routes.","wikipediaArticle":"","tags":[],"models":[{"modelResource":"mtr:sb393/class392.bbmodel","textureResource":"mtr:sb393/class393_spawn.png","modelPropertiesResource":"mtr:properties_959adc46.json","positionDefinitionsResource":"mtr:definition_2acf013e.json","flipTextureV":true}],"bogie1Models":[{"modelResource":"","textureResource":"","modelPropertiesResource":"","positionDefinitionsResource":"","flipTextureV":true}],"bogie2Models":[],"hasGangway1":true,"hasGangway2":true,"hasBarrier1":false,"hasBarrier2":false,"legacyRiderOffset":0.0,"bveSoundBaseResource":"s700","legacySpeedSoundBaseResource":"","legacySpeedSoundCount":1,"legacyUseAccelerationSoundsWhenCoasting":false,"legacyConstantPlaybackSpeed":false,"legacyDoorSoundBaseResource":"","legacyDoorCloseSoundTime":0.0},
    {"id":"class_393_sb_cab_1","name":"SB Class 393 (Forward)","color":"26E847","transportMode":"TRAIN","length":9.0,"width":2.0,"bogie1Position":0.0,"bogie2Position":0.0,"couplingPadding1":0.0,"couplingPadding2":0.0,"description":"The Class 393 'Transverse' is a Tram-Train manufactured by RRG Between 2019 and Today. They are designed to operate on Tram Networks, and switch to Heavy Rail Networks. They are able to run on 1.5 kV DC and 25 kV 60 Hz AC. They come in 5 Coach sets and have a Top speed of 120 km/h. But are Limited to 80 km/h when on Roads. They operate on Spawn and Benprope Tramway and B Line Routes.","wikipediaArticle":"","tags":[],"models":[{"modelResource":"mtr:sb393/class392.bbmodel","textureResource":"mtr:sb393/class393_spawn.png","modelPropertiesResource":"mtr:properties_a29a58f3.json","positionDefinitionsResource":"mtr:definition_ab28f969.json","flipTextureV":true}],"bogie1Models":[{"modelResource":"mtr:models/vehicle/bogie_1.bbmodel","textureResource":"mtr:textures/vehicle/bogie_1.png","modelPropertiesResource":"mtr:properties/vehicle/bogie_1.json","positionDefinitionsResource":"mtr:properties/definition/origin.json","flipTextureV":true}],"bogie2Models":[],"hasGangway1":false,"hasGangway2":true,"hasBarrier1":false,"hasBarrier2":false,"legacyRiderOffset":0.0,"bveSoundBaseResource":"s700","legacySpeedSoundBaseResource":"","legacySpeedSoundCount":1,"legacyUseAccelerationSoundsWhenCoasting":false,"legacyConstantPlaybackSpeed":false,"legacyDoorSoundBaseResource":"","legacyDoorCloseSoundTime":0.0},
    {"id":"class_393_sb_cab_2","name":"SB Class 393 (Backward)","color":"26E847","transportMode":"TRAIN","length":9.0,"width":2.0,"bogie1Position":0.0,"bogie2Position":0.0,"couplingPadding1":0.0,"couplingPadding2":0.0,"description":"The Class 393 'Transverse' is a Tram-Train manufactured by RRG Between 2019 and Today. They are designed to operate on Tram Networks, and switch to Heavy Rail Networks. They are able to run on 1.5 kV DC and 25 kV 60 Hz AC. They come in 5 Coach sets and have a Top speed of 120 km/h. But are Limited to 80 km/h when on Roads. They operate on Spawn and Benprope Tramway and B Line Routes.","wikipediaArticle":"","tags":[],"models":[{"modelResource":"mtr:sb393/class392.bbmodel","textureResource":"mtr:sb393/class393_spawn.png","modelPropertiesResource":"mtr:properties_6bc3e156.json","positionDefinitionsResource":"mtr:definition_f643817.json","flipTextureV":true}],"bogie1Models":[{"modelResource":"mtr:models/vehicle/bogie_1.bbmodel","textureResource":"mtr:textures/vehicle/bogie_1.png","modelPropertiesResource":"mtr:properties/vehicle/bogie_1.json","positionDefinitionsResource":"mtr:properties/definition/origin.json","flipTextureV":true}],"bogie2Models":[],"hasGangway1":true,"hasGangway2":false,"hasBarrier1":false,"hasBarrier2":false,"legacyRiderOffset":0.0,"bveSoundBaseResource":"s700","legacySpeedSoundBaseResource":"","legacySpeedSoundCount":1,"legacyUseAccelerationSoundsWhenCoasting":false,"legacyConstantPlaybackSpeed":false,"legacyDoorSoundBaseResource":"","legacyDoorCloseSoundTime":0.0},
    {"id":"c44_coach_ic","name":"InterCity C45 Coach","color":"0FCEA5","transportMode":"TRAIN","length":25.0,"width":2.0,"bogie1Position":-8.5,"bogie2Position":8.5,"couplingPadding1":0.0,"couplingPadding2":0.0,"description":"The C44 Coach is an Intercity Passenger Coach manufactured by LACB Between 1977 and 1985. These units were adapted for high speed.","wikipediaArticle":"","tags":[],"models":[{"modelResource":"mtr:spawnc44/c44.bbmodel","textureResource":"mtr:spawnc44/c44_spawn.png","modelPropertiesResource":"mtr:properties_16cae5cc.json","positionDefinitionsResource":"mtr:definition_b394cd9c.json","flipTextureV":true}],"bogie1Models":[{"modelResource":"mtr:models/vehicle/bogie_1.bbmodel","textureResource":"mtr:textures/vehicle/bogie_1.png","modelPropertiesResource":"mtr:properties/vehicle/bogie_1.json","positionDefinitionsResource":"mtr:properties/definition/origin.json","flipTextureV":true}],"bogie2Models":[{"modelResource":"mtr:models/vehicle/bogie_1.bbmodel","textureResource":"mtr:textures/vehicle/bogie_1.png","modelPropertiesResource":"mtr:properties/vehicle/bogie_1.json","positionDefinitionsResource":"mtr:properties/definition/origin.json","flipTextureV":true}],"hasGangway1":true,"hasGangway2":true,"hasBarrier1":false,"hasBarrier2":false,"legacyRiderOffset":0.0,"bveSoundBaseResource":"","legacySpeedSoundBaseResource":"","legacySpeedSoundCount":1,"legacyUseAccelerationSoundsWhenCoasting":false,"legacyConstantPlaybackSpeed":false,"legacyDoorSoundBaseResource":"m_train","legacyDoorCloseSoundTime":1.0},
    {"id":"class_85_ic","name":"InterCity Class 85-1","color":"0FCEA5","transportMode":"TRAIN","length":25.0,"width":2.0,"bogie1Position":-8.5,"bogie2Position":8.5,"couplingPadding1":0.0,"couplingPadding2":0.0,"description":"The Class 85  is an Electric Locomotive manufactured by Hòstín Train Manufacturing Center (HTMC) between 1992 and 1997. They are used on InterCity lines with the C44. They have a Top speed of 200 km/h.","wikipediaArticle":"","tags":[],"models":[{"modelResource":"mtr:spawn85/class85.bbmodel","textureResource":"mtr:spawn85/class85_spawn.png","modelPropertiesResource":"mtr:properties_2fb463be.json","positionDefinitionsResource":"mtr:definition_a07d4339.json","flipTextureV":true}],"bogie1Models":[{"modelResource":"mtr:models/vehicle/bogie_1.bbmodel","textureResource":"mtr:textures/vehicle/bogie_1.png","modelPropertiesResource":"mtr:properties/vehicle/bogie_1.json","positionDefinitionsResource":"mtr:properties/definition/origin.json","flipTextureV":true}],"bogie2Models":[{"modelResource":"mtr:models/vehicle/bogie_1.bbmodel","textureResource":"mtr:textures/vehicle/bogie_1.png","modelPropertiesResource":"mtr:properties/vehicle/bogie_1.json","positionDefinitionsResource":"mtr:properties/definition/origin.json","flipTextureV":true}],"hasGangway1":false,"hasGangway2":false,"hasBarrier1":false,"hasBarrier2":false,"legacyRiderOffset":0.0,"bveSoundBaseResource":"london_underground_1995","legacySpeedSoundBaseResource":"","legacySpeedSoundCount":1,"legacyUseAccelerationSoundsWhenCoasting":false,"legacyConstantPlaybackSpeed":false,"legacyDoorSoundBaseResource":"","legacyDoorCloseSoundTime":0.0},
    {"id":"class_222_arl_trailer","name":"Airport Rail Link Class 222 (Trailer)","color":"297E34","transportMode":"TRAIN","length":25.0,"width":2.0,"bogie1Position":-8.5,"bogie2Position":8.5,"couplingPadding1":0.0,"couplingPadding2":0.0,"description":"The Class 222 is a Diesel-Electric Multiple Unit manufactured by Selmarã Railnet between 2016 and 2020 for SER. They were made for Regional services, mainly for the area around Ònyästàr. They have a Top speed of 160 km/h. They were built as a Replacement for the Class 33 Locomotives, And the Class 145 DMU's.","wikipediaArticle":"","tags":[],"models":[{"modelResource":"mtr:spawn222/class222.bbmodel","textureResource":"mtr:spawn222/class222_arl.png","modelPropertiesResource":"mtr:properties_82fb0118.json","positionDefinitionsResource":"mtr:definition_8e48a521.json","flipTextureV":true}],"bogie1Models":[{"modelResource":"mtr:models/vehicle/bogie_1.bbmodel","textureResource":"mtr:textures/vehicle/bogie_1.png","modelPropertiesResource":"mtr:properties/vehicle/bogie_1.json","positionDefinitionsResource":"mtr:properties/definition/origin.json","flipTextureV":true}],"bogie2Models":[{"modelResource":"mtr:models/vehicle/bogie_1.bbmodel","textureResource":"mtr:textures/vehicle/bogie_1.png","modelPropertiesResource":"mtr:properties/vehicle/bogie_1.json","positionDefinitionsResource":"mtr:properties/definition/origin.json","flipTextureV":true}],"hasGangway1":true,"hasGangway2":true,"hasBarrier1":false,"hasBarrier2":false,"legacyRiderOffset":0.0,"bveSoundBaseResource":"","legacySpeedSoundBaseResource":"c_train","legacySpeedSoundCount":69,"legacyUseAccelerationSoundsWhenCoasting":false,"legacyConstantPlaybackSpeed":false,"legacyDoorSoundBaseResource":"class_345","legacyDoorCloseSoundTime":1.0},
    {"id":"class_222_arl_cab_1","name":"Airport Rail Link Class 222 (Forward)","color":"297E34","transportMode":"TRAIN","length":25.0,"width":2.0,"bogie1Position":-8.5,"bogie2Position":8.5,"couplingPadding1":0.5,"couplingPadding2":0.0,"description":"The Class 222 is a Diesel-Electric Multiple Unit manufactured by Selmarã Railnet between 2016 and 2020 for SER. They were made for Regional services, mainly for the area around Ònyästàr. They have a Top speed of 160 km/h. They were built as a Replacement for the Class 33 Locomotives, And the Class 145 DMU's.","wikipediaArticle":"","tags":[],"models":[{"modelResource":"mtr:spawn222/class222.bbmodel","textureResource":"mtr:spawn222/class222_arl.png","modelPropertiesResource":"mtr:properties_2ae72f82.json","positionDefinitionsResource":"mtr:definition_ff05fcfa.json","flipTextureV":true}],"bogie1Models":[{"modelResource":"mtr:models/vehicle/bogie_1.bbmodel","textureResource":"mtr:textures/vehicle/bogie_1.png","modelPropertiesResource":"mtr:properties/vehicle/bogie_1.json","positionDefinitionsResource":"mtr:properties/definition/origin.json","flipTextureV":true}],"bogie2Models":[{"modelResource":"mtr:models/vehicle/bogie_1.bbmodel","textureResource":"mtr:textures/vehicle/bogie_1.png","modelPropertiesResource":"mtr:properties/vehicle/bogie_1.json","positionDefinitionsResource":"mtr:properties/definition/origin.json","flipTextureV":true}],"hasGangway1":false,"hasGangway2":true,"hasBarrier1":false,"hasBarrier2":false,"legacyRiderOffset":0.0,"bveSoundBaseResource":"","legacySpeedSoundBaseResource":"c_train","legacySpeedSoundCount":69,"legacyUseAccelerationSoundsWhenCoasting":false,"legacyConstantPlaybackSpeed":false,"legacyDoorSoundBaseResource":"class_345","legacyDoorCloseSoundTime":1.0},
    {"id":"class_222_arl_cab_2","name":"Airport Rail Link Class 222 (Backward)","color":"297E34","transportMode":"TRAIN","length":25.0,"width":2.0,"bogie1Position":-8.5,"bogie2Position":8.5,"couplingPadding1":0.0,"couplingPadding2":0.5,"description":"The Class 222 is a Diesel-Electric Multiple Unit manufactured by Selmarã Railnet between 2016 and 2020 for SER. They were made for Regional services, mainly for the area around Ònyästàr. They have a Top speed of 160 km/h. They were built as a Replacement for the Class 33 Locomotives, And the Class 145 DMU's.","wikipediaArticle":"","tags":[],"models":[{"modelResource":"mtr:spawn222/class222.bbmodel","textureResource":"mtr:spawn222/class222_arl.png","modelPropertiesResource":"mtr:properties_47a5c9e4.json","positionDefinitionsResource":"mtr:definition_502b4cb2.json","flipTextureV":true}],"bogie1Models":[{"modelResource":"mtr:models/vehicle/bogie_1.bbmodel","textureResource":"mtr:textures/vehicle/bogie_1.png","modelPropertiesResource":"mtr:properties/vehicle/bogie_1.json","positionDefinitionsResource":"mtr:properties/definition/origin.json","flipTextureV":true}],"bogie2Models":[{"modelResource":"mtr:models/vehicle/bogie_1.bbmodel","textureResource":"mtr:textures/vehicle/bogie_1.png","modelPropertiesResource":"mtr:properties/vehicle/bogie_1.json","positionDefinitionsResource":"mtr:properties/definition/origin.json","flipTextureV":true}],"hasGangway1":true,"hasGangway2":false,"hasBarrier1":false,"hasBarrier2":false,"legacyRiderOffset":0.0,"bveSoundBaseResource":"","legacySpeedSoundBaseResource":"c_train","legacySpeedSoundCount":69,"legacyUseAccelerationSoundsWhenCoasting":false,"legacyConstantPlaybackSpeed":false,"legacyDoorSoundBaseResource":"class_345","legacyDoorCloseSoundTime":1.0},{"id":"class_387_trailer_ssl","name":"Spawn Class 387 (Trailer)","color":"5B041C","transportMode":"TRAIN","length":25.0,"width":2.0,"bogie1Position":-8.5,"bogie2Position":8.5,"couplingPadding1":0.0,"couplingPadding2":0.0,"description":"The Class 387 'Cityliner' is a Bilevel Electric Multiple Unit manufactured by Mevrik between 1988 and 1993. They are used all across the TWR Network, Especially on high Demand lines. They have a Top Speed of 160 km/h.","wikipediaArticle":"","tags":[],"models":[{"modelResource":"mtr:spawn387/class387.bbmodel","textureResource":"mtr:spawn387/spawn387.png","modelPropertiesResource":"mtr:properties_abc7cafa.json","positionDefinitionsResource":"mtr:definition_520d19cc.json","flipTextureV":true}],"bogie1Models":[{"modelResource":"mtr:models/vehicle/bogie_1.bbmodel","textureResource":"mtr:textures/vehicle/bogie_1.png","modelPropertiesResource":"mtr:properties/vehicle/bogie_1.json","positionDefinitionsResource":"mtr:properties/definition/origin.json","flipTextureV":true}],"bogie2Models":[{"modelResource":"mtr:models/vehicle/bogie_1.bbmodel","textureResource":"mtr:textures/vehicle/bogie_1.png","modelPropertiesResource":"mtr:properties/vehicle/bogie_1.json","positionDefinitionsResource":"mtr:properties/definition/origin.json","flipTextureV":true}],"hasGangway1":true,"hasGangway2":true,"hasBarrier1":false,"hasBarrier2":false,"legacyRiderOffset":0.0,"bveSoundBaseResource":"br_423","legacySpeedSoundBaseResource":"","legacySpeedSoundCount":1,"legacyUseAccelerationSoundsWhenCoasting":false,"legacyConstantPlaybackSpeed":false,"legacyDoorSoundBaseResource":"","legacyDoorCloseSoundTime":0.0},
    {"id":"class_387_cab_1_ssl","name":"Spawn Class 387 (Forward)","color":"5B041C","transportMode":"TRAIN","length":25.0,"width":2.0,"bogie1Position":-8.5,"bogie2Position":8.5,"couplingPadding1":2.0,"couplingPadding2":0.0,"description":"The Class 387 'Cityliner' is a Bilevel Electric Multiple Unit manufactured by Mevrik between 1988 and 1993. They are used all across the TWR Network, Especially on high Demand lines. They have a Top Speed of 160 km/h.","wikipediaArticle":"","tags":[],"models":[{"modelResource":"mtr:spawn387/class387.bbmodel","textureResource":"mtr:spawn387/spawn387.png","modelPropertiesResource":"mtr:properties_cc1936c2.json","positionDefinitionsResource":"mtr:definition_4955fa41.json","flipTextureV":true}],"bogie1Models":[{"modelResource":"mtr:models/vehicle/bogie_1.bbmodel","textureResource":"mtr:textures/vehicle/bogie_1.png","modelPropertiesResource":"mtr:properties/vehicle/bogie_1.json","positionDefinitionsResource":"mtr:properties/definition/origin.json","flipTextureV":true}],"bogie2Models":[{"modelResource":"mtr:models/vehicle/bogie_1.bbmodel","textureResource":"mtr:textures/vehicle/bogie_1.png","modelPropertiesResource":"mtr:properties/vehicle/bogie_1.json","positionDefinitionsResource":"mtr:properties/definition/origin.json","flipTextureV":true}],"hasGangway1":false,"hasGangway2":true,"hasBarrier1":false,"hasBarrier2":false,"legacyRiderOffset":0.0,"bveSoundBaseResource":"br_423","legacySpeedSoundBaseResource":"","legacySpeedSoundCount":1,"legacyUseAccelerationSoundsWhenCoasting":false,"legacyConstantPlaybackSpeed":false,"legacyDoorSoundBaseResource":"","legacyDoorCloseSoundTime":0.0},
    {"id":"class_387_cab_2_ssl","name":"Spawn Class 387 (Backward)","color":"5B041C","transportMode":"TRAIN","length":25.0,"width":2.0,"bogie1Position":-8.5,"bogie2Position":8.5,"couplingPadding1":0.0,"couplingPadding2":2.0,"description":"The Class 387 'Cityliner' is a Bilevel Electric Multiple Unit manufactured by Mevrik between 1988 and 1993. They are used all across the TWR Network, Especially on high Demand lines. They have a Top Speed of 160 km/h.","wikipediaArticle":"","tags":[],"models":[{"modelResource":"mtr:spawn387/class387.bbmodel","textureResource":"mtr:spawn387/spawn387.png","modelPropertiesResource":"mtr:properties_db2d4111.json","positionDefinitionsResource":"mtr:definition_df1b9616.json","flipTextureV":true}],"bogie1Models":[{"modelResource":"mtr:models/vehicle/bogie_1.bbmodel","textureResource":"mtr:textures/vehicle/bogie_1.png","modelPropertiesResource":"mtr:properties/vehicle/bogie_1.json","positionDefinitionsResource":"mtr:properties/definition/origin.json","flipTextureV":true}],"bogie2Models":[{"modelResource":"mtr:models/vehicle/bogie_1.bbmodel","textureResource":"mtr:textures/vehicle/bogie_1.png","modelPropertiesResource":"mtr:properties/vehicle/bogie_1.json","positionDefinitionsResource":"mtr:properties/definition/origin.json","flipTextureV":true}],"hasGangway1":true,"hasGangway2":false,"hasBarrier1":false,"hasBarrier2":false,"legacyRiderOffset":0.0,"bveSoundBaseResource":"br_423","legacySpeedSoundBaseResource":"","legacySpeedSoundCount":1,"legacyUseAccelerationSoundsWhenCoasting":false,"legacyConstantPlaybackSpeed":false,"legacyDoorSoundBaseResource":"","legacyDoorCloseSoundTime":0.0}],"signs":[],"rails":[],"objects":[]}