{"parts":[{"names":["window_ext"],"positionDefinitions":["6cb0238c"],"condition":"NORMAL","renderStage":"EXTERIOR","type":"NORMAL","displayXPadding":0.0,"displayYPadding":0.0,"displayColorCjk":"FF9900","displayColor":"FF9900","displayMaxLineHeight":1.5,"displayCjkSizeRatio":2.0,"displayOptions":[],"displayPadZeros":0.0,"displayType":"DESTINATION","displayDefaultText":"Ñäk Ħñisòh","doorXMultiplier":0.0,"doorZMultiplier":0.0,"doorAnimationType":"STANDARD"},{"names":["window_int"],"positionDefinitions":["40de2881"],"condition":"NORMAL","renderStage":"INTERIOR","type":"NORMAL","displayXPadding":0.0,"displayYPadding":0.0,"displayColorCjk":"FF9900","displayColor":"FF9900","displayMaxLineHeight":1.5,"displayCjkSizeRatio":2.0,"displayOptions":[],"displayPadZeros":0.0,"displayType":"DESTINATION","displayDefaultText":"Ñäk Ħñisòh","doorXMultiplier":0.0,"doorZMultiplier":0.0,"doorAnimationType":"STANDARD"},{"names":["window_light"],"positionDefinitions":["173543c0"],"condition":"NORMAL","renderStage":"LIGHT","type":"NORMAL","displayXPadding":0.0,"displayYPadding":0.0,"displayColorCjk":"FF9900","displayColor":"FF9900","displayMaxLineHeight":1.5,"displayCjkSizeRatio":2.0,"displayOptions":[],"displayPadZeros":0.0,"displayType":"DESTINATION","displayDefaultText":"Ñäk Ħñisòh","doorXMultiplier":0.0,"doorZMultiplier":0.0,"doorAnimationType":"STANDARD"},{"names":["window_floor"],"positionDefinitions":["408f2d93"],"condition":"NORMAL","renderStage":"EXTERIOR","type":"FLOOR","displayXPadding":0.0,"displayYPadding":0.0,"displayColorCjk":"FF9900","displayColor":"FF9900","displayMaxLineHeight":1.5,"displayCjkSizeRatio":2.0,"displayOptions":[],"displayPadZeros":0.0,"displayType":"DESTINATION","displayDefaultText":"Ñäk Ħñisòh","doorXMultiplier":0.0,"doorZMultiplier":0.0,"doorAnimationType":"STANDARD"},{"names":["door_ext"],"positionDefinitions":["33dacce3"],"condition":"NORMAL","renderStage":"EXTERIOR","type":"NORMAL","displayXPadding":0.0,"displayYPadding":0.0,"displayColorCjk":"FF9900","displayColor":"FF9900","displayMaxLineHeight":1.5,"displayCjkSizeRatio":2.0,"displayOptions":[],"displayPadZeros":0.0,"displayType":"DESTINATION","displayDefaultText":"Ñäk Ħñisòh","doorXMultiplier":0.0,"doorZMultiplier":0.0,"doorAnimationType":"STANDARD"},{"names":["door_int"],"positionDefinitions":["1a670e6f"],"condition":"NORMAL","renderStage":"INTERIOR","type":"NORMAL","displayXPadding":0.0,"displayYPadding":0.0,"displayColorCjk":"FF9900","displayColor":"FF9900","displayMaxLineHeight":1.5,"displayCjkSizeRatio":2.0,"displayOptions":[],"displayPadZeros":0.0,"displayType":"DESTINATION","displayDefaultText":"Ñäk Ħñisòh","doorXMultiplier":0.0,"doorZMultiplier":0.0,"doorAnimationType":"STANDARD"},{"names":["door_floor"],"positionDefinitions":["654db447"],"condition":"NORMAL","renderStage":"EXTERIOR","type":"FLOOR","displayXPadding":0.0,"displayYPadding":0.0,"displayColorCjk":"FF9900","displayColor":"FF9900","displayMaxLineHeight":1.5,"displayCjkSizeRatio":2.0,"displayOptions":[],"displayPadZeros":0.0,"displayType":"DESTINATION","displayDefaultText":"Ñäk Ħñisòh","doorXMultiplier":0.0,"doorZMultiplier":0.0,"doorAnimationType":"STANDARD"},{"names":["door_dest"],"positionDefinitions":["40574f99"],"condition":"NORMAL","renderStage":"EXTERIOR","type":"DISPLAY","displayXPadding":0.0,"displayYPadding":0.0,"displayColorCjk":"FF9900","displayColor":"FF9900","displayMaxLineHeight":1.5,"displayCjkSizeRatio":2.0,"displayOptions":[],"displayPadZeros":0.0,"displayType":"DESTINATION","displayDefaultText":"Ñäk Ħñisòh","doorXMultiplier":0.0,"doorZMultiplier":0.0,"doorAnimationType":"STANDARD"},{"names":["door_ns"],"positionDefinitions":["c4fe62e5"],"condition":"NORMAL","renderStage":"EXTERIOR","type":"DISPLAY","displayXPadding":0.0,"displayYPadding":0.0,"displayColorCjk":"FF9900","displayColor":"FF9900","displayMaxLineHeight":1.5,"displayCjkSizeRatio":2.0,"displayOptions":["SCROLL_NORMAL"],"displayPadZeros":0.0,"displayType":"NEXT_STATION_UK","displayDefaultText":"","doorXMultiplier":0.0,"doorZMultiplier":0.0,"doorAnimationType":"STANDARD"},{"names":["door_light"],"positionDefinitions":["2f1e8834"],"condition":"NORMAL","renderStage":"LIGHT","type":"NORMAL","displayXPadding":0.0,"displayYPadding":0.0,"displayColorCjk":"FF9900","displayColor":"FF9900","displayMaxLineHeight":1.5,"displayCjkSizeRatio":2.0,"displayOptions":[],"displayPadZeros":0.0,"displayType":"DESTINATION","displayDefaultText":"Ñäk Ħñisòh","doorXMultiplier":0.0,"doorZMultiplier":0.0,"doorAnimationType":"STANDARD"},{"names":["doorway"],"positionDefinitions":["8a4edd37"],"condition":"NORMAL","renderStage":"EXTERIOR","type":"DOORWAY","displayXPadding":0.0,"displayYPadding":0.0,"displayColorCjk":"FF9900","displayColor":"FF9900","displayMaxLineHeight":1.5,"displayCjkSizeRatio":2.0,"displayOptions":[],"displayPadZeros":0.0,"displayType":"DESTINATION","displayDefaultText":"Ñäk Ħñisòh","doorXMultiplier":0.0,"doorZMultiplier":0.0,"doorAnimationType":"STANDARD"},{"names":["door_left"],"positionDefinitions":["b6fedd19"],"condition":"NORMAL","renderStage":"EXTERIOR","type":"NORMAL","displayXPadding":0.0,"displayYPadding":0.0,"displayColorCjk":"FF9900","displayColor":"FF9900","displayMaxLineHeight":1.5,"displayCjkSizeRatio":2.0,"displayOptions":[],"displayPadZeros":0.0,"displayType":"DESTINATION","displayDefaultText":"Ñäk Ħñisòh","doorXMultiplier":-1.0,"doorZMultiplier":12.0,"doorAnimationType":"PLUG_SLOW"},{"names":["door_right"],"positionDefinitions":["dbf8884"],"condition":"NORMAL","renderStage":"EXTERIOR","type":"NORMAL","displayXPadding":0.0,"displayYPadding":0.0,"displayColorCjk":"FF9900","displayColor":"FF9900","displayMaxLineHeight":1.5,"displayCjkSizeRatio":2.0,"displayOptions":[],"displayPadZeros":0.0,"displayType":"DESTINATION","displayDefaultText":"Ñäk Ħñisòh","doorXMultiplier":-1.0,"doorZMultiplier":-12.0,"doorAnimationType":"PLUG_SLOW"},{"names":["door_left_int"],"positionDefinitions":["77536449"],"condition":"NORMAL","renderStage":"INTERIOR","type":"NORMAL","displayXPadding":0.0,"displayYPadding":0.0,"displayColorCjk":"FF9900","displayColor":"FF9900","displayMaxLineHeight":1.5,"displayCjkSizeRatio":2.0,"displayOptions":[],"displayPadZeros":0.0,"displayType":"DESTINATION","displayDefaultText":"Ñäk Ħñisòh","doorXMultiplier":-1.0,"doorZMultiplier":12.0,"doorAnimationType":"PLUG_SLOW"},{"names":["door_right_int"],"positionDefinitions":["5257fdd0"],"condition":"NORMAL","renderStage":"INTERIOR","type":"NORMAL","displayXPadding":0.0,"displayYPadding":0.0,"displayColorCjk":"FF9900","displayColor":"FF9900","displayMaxLineHeight":1.5,"displayCjkSizeRatio":2.0,"displayOptions":[],"displayPadZeros":0.0,"displayType":"DESTINATION","displayDefaultText":"Ñäk Ħñisòh","doorXMultiplier":-1.0,"doorZMultiplier":-12.0,"doorAnimationType":"PLUG_SLOW"},{"names":["end_ext"],"positionDefinitions":["80fef009"],"condition":"NORMAL","renderStage":"EXTERIOR","type":"NORMAL","displayXPadding":0.0,"displayYPadding":0.0,"displayColorCjk":"FF9900","displayColor":"FF9900","displayMaxLineHeight":1.5,"displayCjkSizeRatio":2.0,"displayOptions":[],"displayPadZeros":0.0,"displayType":"DESTINATION","displayDefaultText":"Ñäk Ħñisòh","doorXMultiplier":0.0,"doorZMultiplier":0.0,"doorAnimationType":"STANDARD"},{"names":["ends_int"],"positionDefinitions":["3ea0df8a"],"condition":"NORMAL","renderStage":"INTERIOR","type":"NORMAL","displayXPadding":0.0,"displayYPadding":0.0,"displayColorCjk":"FF9900","displayColor":"FF9900","displayMaxLineHeight":1.5,"displayCjkSizeRatio":2.0,"displayOptions":[],"displayPadZeros":0.0,"displayType":"DESTINATION","displayDefaultText":"Ñäk Ħñisòh","doorXMultiplier":0.0,"doorZMultiplier":0.0,"doorAnimationType":"STANDARD"},{"names":["end_lights"],"positionDefinitions":["ce3fd8"],"condition":"NORMAL","renderStage":"LIGHT","type":"NORMAL","displayXPadding":0.0,"displayYPadding":0.0,"displayColorCjk":"FF9900","displayColor":"FF9900","displayMaxLineHeight":1.5,"displayCjkSizeRatio":2.0,"displayOptions":[],"displayPadZeros":0.0,"displayType":"DESTINATION","displayDefaultText":"Ñäk Ħñisòh","doorXMultiplier":0.0,"doorZMultiplier":0.0,"doorAnimationType":"STANDARD"},{"names":["end_floor"],"positionDefinitions":["3023b5ec"],"condition":"NORMAL","renderStage":"EXTERIOR","type":"FLOOR","displayXPadding":0.0,"displayYPadding":0.0,"displayColorCjk":"FF9900","displayColor":"FF9900","displayMaxLineHeight":1.5,"displayCjkSizeRatio":2.0,"displayOptions":[],"displayPadZeros":0.0,"displayType":"DESTINATION","displayDefaultText":"Ñäk Ħñisòh","doorXMultiplier":0.0,"doorZMultiplier":0.0,"doorAnimationType":"STANDARD"},{"names":["gengway_ext"],"positionDefinitions":["e6e29704"],"condition":"NORMAL","renderStage":"EXTERIOR","type":"NORMAL","displayXPadding":0.0,"displayYPadding":0.0,"displayColorCjk":"FF9900","displayColor":"FF9900","displayMaxLineHeight":1.5,"displayCjkSizeRatio":2.0,"displayOptions":[],"displayPadZeros":0.0,"displayType":"DESTINATION","displayDefaultText":"Ñäk Ħñisòh","doorXMultiplier":0.0,"doorZMultiplier":0.0,"doorAnimationType":"STANDARD"},{"names":["ganyway_int"],"positionDefinitions":["caaf6dfd"],"condition":"NORMAL","renderStage":"INTERIOR","type":"NORMAL","displayXPadding":0.0,"displayYPadding":0.0,"displayColorCjk":"FF9900","displayColor":"FF9900","displayMaxLineHeight":1.5,"displayCjkSizeRatio":2.0,"displayOptions":[],"displayPadZeros":0.0,"displayType":"DESTINATION","displayDefaultText":"Ñäk Ħñisòh","doorXMultiplier":0.0,"doorZMultiplier":0.0,"doorAnimationType":"STANDARD"},{"names":["seat"],"positionDefinitions":["fae96783"],"condition":"NORMAL","renderStage":"INTERIOR","type":"NORMAL","displayXPadding":0.0,"displayYPadding":0.0,"displayColorCjk":"FF9900","displayColor":"FF9900","displayMaxLineHeight":1.5,"displayCjkSizeRatio":2.0,"displayOptions":[],"displayPadZeros":0.0,"displayType":"DESTINATION","displayDefaultText":"Ñäk Ħñisòh","doorXMultiplier":0.0,"doorZMultiplier":0.0,"doorAnimationType":"STANDARD"}],"modelYOffset":1.0,"gangwayInnerSideResource":"mtr:textures/gangway/a_train_side.png","gangwayInnerTopResource":"mtr:textures/gangway/a_train_roof.png","gangwayInnerBottomResource":"mtr:textures/gangway/a_train_floor.png","gangwayOuterSideResource":"mtr:textures/gangway/a_train_exterior.png","gangwayOuterTopResource":"mtr:textures/gangway/a_train_exterior.png","gangwayOuterBottomResource":"mtr:textures/gangway/a_train_exterior.png","gangwayWidth":1.0,"gangwayHeight":2.15,"gangwayYOffset":1.1,"gangwayZOffset":0.5,"barrierInnerSideResource":"","barrierInnerTopResource":"","barrierInnerBottomResource":"","barrierOuterSideResource":"","barrierOuterTopResource":"","barrierOuterBottomResource":"","barrierWidth":2.25,"barrierHeight":1.0,"barrierYOffset":1.25,"barrierZOffset":0.25}