{"parts":[{"names":["window_ext"],"positionDefinitions":["19181797"],"condition":"NORMAL","renderStage":"EXTERIOR","type":"NORMAL","displayXPadding":0.0,"displayYPadding":0.0,"displayColorCjk":"FF9900","displayColor":"FF9900","displayMaxLineHeight":1.5,"displayCjkSizeRatio":2.0,"displayOptions":[],"displayPadZeros":0.0,"displayType":"DESTINATION","displayDefaultText":"Ñäk Ħñisòh","doorXMultiplier":0.0,"doorZMultiplier":0.0,"doorAnimationType":"STANDARD","renderFromOpeningDoorTime":0,"renderUntilOpeningDoorTime":0,"renderFromClosingDoorTime":0,"renderUntilClosingDoorTime":0,"flashOffTime":0,"flashOnTime":0},{"names":["window_int"],"positionDefinitions":["53703d6a"],"condition":"NORMAL","renderStage":"INTERIOR","type":"NORMAL","displayXPadding":0.0,"displayYPadding":0.0,"displayColorCjk":"FF9900","displayColor":"FF9900","displayMaxLineHeight":1.5,"displayCjkSizeRatio":2.0,"displayOptions":[],"displayPadZeros":0.0,"displayType":"DESTINATION","displayDefaultText":"Ñäk Ħñisòh","doorXMultiplier":0.0,"doorZMultiplier":0.0,"doorAnimationType":"STANDARD","renderFromOpeningDoorTime":0,"renderUntilOpeningDoorTime":0,"renderFromClosingDoorTime":0,"renderUntilClosingDoorTime":0,"flashOffTime":0,"flashOnTime":0},{"names":["window_floor"],"positionDefinitions":["3b9d1196"],"condition":"NORMAL","renderStage":"EXTERIOR","type":"FLOOR","displayXPadding":0.0,"displayYPadding":0.0,"displayColorCjk":"FF9900","displayColor":"FF9900","displayMaxLineHeight":1.5,"displayCjkSizeRatio":2.0,"displayOptions":[],"displayPadZeros":0.0,"displayType":"DESTINATION","displayDefaultText":"Ñäk Ħñisòh","doorXMultiplier":0.0,"doorZMultiplier":0.0,"doorAnimationType":"STANDARD","renderFromOpeningDoorTime":0,"renderUntilOpeningDoorTime":0,"renderFromClosingDoorTime":0,"renderUntilClosingDoorTime":0,"flashOffTime":0,"flashOnTime":0},{"names":["int_light"],"positionDefinitions":["c87589d0"],"condition":"NORMAL","renderStage":"LIGHT","type":"NORMAL","displayXPadding":0.0,"displayYPadding":0.0,"displayColorCjk":"FF9900","displayColor":"FF9900","displayMaxLineHeight":1.5,"displayCjkSizeRatio":2.0,"displayOptions":[],"displayPadZeros":0.0,"displayType":"DESTINATION","displayDefaultText":"Ñäk Ħñisòh","doorXMultiplier":0.0,"doorZMultiplier":0.0,"doorAnimationType":"STANDARD","renderFromOpeningDoorTime":0,"renderUntilOpeningDoorTime":0,"renderFromClosingDoorTime":0,"renderUntilClosingDoorTime":0,"flashOffTime":0,"flashOnTime":0},{"names":["door_ext"],"positionDefinitions":["cd1f6624"],"condition":"NORMAL","renderStage":"EXTERIOR","type":"NORMAL","displayXPadding":0.0,"displayYPadding":0.0,"displayColorCjk":"FF9900","displayColor":"FF9900","displayMaxLineHeight":1.5,"displayCjkSizeRatio":2.0,"displayOptions":[],"displayPadZeros":0.0,"displayType":"DESTINATION","displayDefaultText":"Ñäk Ħñisòh","doorXMultiplier":0.0,"doorZMultiplier":0.0,"doorAnimationType":"STANDARD","renderFromOpeningDoorTime":0,"renderUntilOpeningDoorTime":0,"renderFromClosingDoorTime":0,"renderUntilClosingDoorTime":0,"flashOffTime":0,"flashOnTime":0},{"names":["door_int"],"positionDefinitions":["5b603ff5"],"condition":"NORMAL","renderStage":"INTERIOR","type":"NORMAL","displayXPadding":0.0,"displayYPadding":0.0,"displayColorCjk":"FF9900","displayColor":"FF9900","displayMaxLineHeight":1.5,"displayCjkSizeRatio":2.0,"displayOptions":[],"displayPadZeros":0.0,"displayType":"DESTINATION","displayDefaultText":"Ñäk Ħñisòh","doorXMultiplier":0.0,"doorZMultiplier":0.0,"doorAnimationType":"STANDARD","renderFromOpeningDoorTime":0,"renderUntilOpeningDoorTime":0,"renderFromClosingDoorTime":0,"renderUntilClosingDoorTime":0,"flashOffTime":0,"flashOnTime":0},{"names":["door_transparent"],"positionDefinitions":["ad680ed6"],"condition":"NORMAL","renderStage":"INTERIOR_TRANSLUCENT","type":"NORMAL","displayXPadding":0.0,"displayYPadding":0.0,"displayColorCjk":"FF9900","displayColor":"FF9900","displayMaxLineHeight":1.5,"displayCjkSizeRatio":2.0,"displayOptions":[],"displayPadZeros":0.0,"displayType":"DESTINATION","displayDefaultText":"Ñäk Ħñisòh","doorXMultiplier":0.0,"doorZMultiplier":0.0,"doorAnimationType":"STANDARD","renderFromOpeningDoorTime":0,"renderUntilOpeningDoorTime":0,"renderFromClosingDoorTime":0,"renderUntilClosingDoorTime":0,"flashOffTime":0,"flashOnTime":0},{"names":["door_display"],"positionDefinitions":["2adfd89c"],"condition":"NORMAL","renderStage":"EXTERIOR","type":"DISPLAY","displayXPadding":0.0,"displayYPadding":0.0,"displayColorCjk":"FFFFFF","displayColor":"FFFFFF","displayMaxLineHeight":1.0,"displayCjkSizeRatio":2.0,"displayOptions":[],"displayPadZeros":0.0,"displayType":"NEXT_STATION","displayDefaultText":"This Train is Ñäk Ħñisòh, Please leave the Train","doorXMultiplier":0.0,"doorZMultiplier":0.0,"doorAnimationType":"STANDARD","renderFromOpeningDoorTime":0,"renderUntilOpeningDoorTime":0,"renderFromClosingDoorTime":0,"renderUntilClosingDoorTime":0,"flashOffTime":0,"flashOnTime":0},{"names":["door_floor"],"positionDefinitions":["65c58281"],"condition":"NORMAL","renderStage":"EXTERIOR","type":"FLOOR","displayXPadding":0.0,"displayYPadding":0.0,"displayColorCjk":"FF9900","displayColor":"FF9900","displayMaxLineHeight":1.5,"displayCjkSizeRatio":2.0,"displayOptions":[],"displayPadZeros":0.0,"displayType":"DESTINATION","displayDefaultText":"Ñäk Ħñisòh","doorXMultiplier":0.0,"doorZMultiplier":0.0,"doorAnimationType":"STANDARD","renderFromOpeningDoorTime":0,"renderUntilOpeningDoorTime":0,"renderFromClosingDoorTime":0,"renderUntilClosingDoorTime":0,"flashOffTime":0,"flashOnTime":0},{"names":["doorway"],"positionDefinitions":["60cdc4ca"],"condition":"NORMAL","renderStage":"EXTERIOR","type":"DOORWAY","displayXPadding":0.0,"displayYPadding":0.0,"displayColorCjk":"FF9900","displayColor":"FF9900","displayMaxLineHeight":1.5,"displayCjkSizeRatio":2.0,"displayOptions":[],"displayPadZeros":0.0,"displayType":"DESTINATION","displayDefaultText":"Ñäk Ħñisòh","doorXMultiplier":0.0,"doorZMultiplier":0.0,"doorAnimationType":"STANDARD","renderFromOpeningDoorTime":0,"renderUntilOpeningDoorTime":0,"renderFromClosingDoorTime":0,"renderUntilClosingDoorTime":0,"flashOffTime":0,"flashOnTime":0},{"names":["door_left"],"positionDefinitions":["2da32973"],"condition":"NORMAL","renderStage":"EXTERIOR","type":"NORMAL","displayXPadding":0.0,"displayYPadding":0.0,"displayColorCjk":"FF9900","displayColor":"FF9900","displayMaxLineHeight":1.5,"displayCjkSizeRatio":2.0,"displayOptions":[],"displayPadZeros":0.0,"displayType":"DESTINATION","displayDefaultText":"Ñäk Ħñisòh","doorXMultiplier":-1.0,"doorZMultiplier":13.0,"doorAnimationType":"PLUG_FAST","renderFromOpeningDoorTime":0,"renderUntilOpeningDoorTime":0,"renderFromClosingDoorTime":0,"renderUntilClosingDoorTime":0,"flashOffTime":0,"flashOnTime":0},{"names":["door_right"],"positionDefinitions":["4a8f0f92"],"condition":"NORMAL","renderStage":"EXTERIOR","type":"NORMAL","displayXPadding":0.0,"displayYPadding":0.0,"displayColorCjk":"FF9900","displayColor":"FF9900","displayMaxLineHeight":1.5,"displayCjkSizeRatio":2.0,"displayOptions":[],"displayPadZeros":0.0,"displayType":"DESTINATION","displayDefaultText":"Ñäk Ħñisòh","doorXMultiplier":-1.0,"doorZMultiplier":-13.0,"doorAnimationType":"PLUG_FAST","renderFromOpeningDoorTime":0,"renderUntilOpeningDoorTime":0,"renderFromClosingDoorTime":0,"renderUntilClosingDoorTime":0,"flashOffTime":0,"flashOnTime":0},{"names":["door_int_left"],"positionDefinitions":["655e2aa9"],"condition":"NORMAL","renderStage":"INTERIOR","type":"NORMAL","displayXPadding":0.0,"displayYPadding":0.0,"displayColorCjk":"FF9900","displayColor":"FF9900","displayMaxLineHeight":1.5,"displayCjkSizeRatio":2.0,"displayOptions":[],"displayPadZeros":0.0,"displayType":"DESTINATION","displayDefaultText":"Ñäk Ħñisòh","doorXMultiplier":-1.0,"doorZMultiplier":13.0,"doorAnimationType":"PLUG_FAST","renderFromOpeningDoorTime":0,"renderUntilOpeningDoorTime":0,"renderFromClosingDoorTime":0,"renderUntilClosingDoorTime":0,"flashOffTime":0,"flashOnTime":0},{"names":["door_int_right"],"positionDefinitions":["768bb12"],"condition":"NORMAL","renderStage":"INTERIOR","type":"NORMAL","displayXPadding":0.0,"displayYPadding":0.0,"displayColorCjk":"FF9900","displayColor":"FF9900","displayMaxLineHeight":1.5,"displayCjkSizeRatio":2.0,"displayOptions":[],"displayPadZeros":0.0,"displayType":"DESTINATION","displayDefaultText":"Ñäk Ħñisòh","doorXMultiplier":-1.0,"doorZMultiplier":-13.0,"doorAnimationType":"PLUG_FAST","renderFromOpeningDoorTime":0,"renderUntilOpeningDoorTime":0,"renderFromClosingDoorTime":0,"renderUntilClosingDoorTime":0,"flashOffTime":0,"flashOnTime":0},{"names":["window_disp_ext"],"positionDefinitions":["6fc2894"],"condition":"NORMAL","renderStage":"EXTERIOR","type":"NORMAL","displayXPadding":0.0,"displayYPadding":0.0,"displayColorCjk":"FF9900","displayColor":"FF9900","displayMaxLineHeight":1.5,"displayCjkSizeRatio":2.0,"displayOptions":[],"displayPadZeros":0.0,"displayType":"DESTINATION","displayDefaultText":"Ñäk Ħñisòh","doorXMultiplier":0.0,"doorZMultiplier":0.0,"doorAnimationType":"STANDARD","renderFromOpeningDoorTime":0,"renderUntilOpeningDoorTime":0,"renderFromClosingDoorTime":0,"renderUntilClosingDoorTime":0,"flashOffTime":0,"flashOnTime":0},{"names":["window_disp_int"],"positionDefinitions":["69c34675"],"condition":"NORMAL","renderStage":"INTERIOR","type":"NORMAL","displayXPadding":0.0,"displayYPadding":0.0,"displayColorCjk":"FF9900","displayColor":"FF9900","displayMaxLineHeight":1.5,"displayCjkSizeRatio":2.0,"displayOptions":[],"displayPadZeros":0.0,"displayType":"DESTINATION","displayDefaultText":"Ñäk Ħñisòh","doorXMultiplier":0.0,"doorZMultiplier":0.0,"doorAnimationType":"STANDARD","renderFromOpeningDoorTime":0,"renderUntilOpeningDoorTime":0,"renderFromClosingDoorTime":0,"renderUntilClosingDoorTime":0,"flashOffTime":0,"flashOnTime":0},{"names":["window_disp_color"],"positionDefinitions":["f0c6284b"],"condition":"NORMAL","renderStage":"EXTERIOR","type":"DISPLAY","displayXPadding":0.0,"displayYPadding":0.0,"displayColorCjk":"FF9900","displayColor":"FF9900","displayMaxLineHeight":1.5,"displayCjkSizeRatio":2.0,"displayOptions":[],"displayPadZeros":0.0,"displayType":"ROUTE_COLOR_ROUNDED","displayDefaultText":"Ñäk Ħñisòh","doorXMultiplier":0.0,"doorZMultiplier":0.0,"doorAnimationType":"STANDARD","renderFromOpeningDoorTime":0,"renderUntilOpeningDoorTime":0,"renderFromClosingDoorTime":0,"renderUntilClosingDoorTime":0,"flashOffTime":0,"flashOnTime":0},{"names":["window_disp_dest"],"positionDefinitions":["718f3a85"],"condition":"NORMAL","renderStage":"EXTERIOR","type":"DISPLAY","displayXPadding":0.0,"displayYPadding":0.0,"displayColorCjk":"FFFFFF","displayColor":"FFFFFF","displayMaxLineHeight":1.5,"displayCjkSizeRatio":2.0,"displayOptions":[],"displayPadZeros":0.0,"displayType":"DESTINATION","displayDefaultText":"Ñäk Ħñisòh","doorXMultiplier":0.0,"doorZMultiplier":0.0,"doorAnimationType":"STANDARD","renderFromOpeningDoorTime":0,"renderUntilOpeningDoorTime":0,"renderFromClosingDoorTime":0,"renderUntilClosingDoorTime":0,"flashOffTime":0,"flashOnTime":0},{"names":["window_disp_route"],"positionDefinitions":["73430ca7"],"condition":"NORMAL","renderStage":"EXTERIOR","type":"DISPLAY","displayXPadding":0.0,"displayYPadding":0.0,"displayColorCjk":"FFFFFF","displayColor":"FFFFFF","displayMaxLineHeight":1.5,"displayCjkSizeRatio":2.0,"displayOptions":[],"displayPadZeros":0.0,"displayType":"ROUTE_NUMBER","displayDefaultText":"222","doorXMultiplier":0.0,"doorZMultiplier":0.0,"doorAnimationType":"STANDARD","renderFromOpeningDoorTime":0,"renderUntilOpeningDoorTime":0,"renderFromClosingDoorTime":0,"renderUntilClosingDoorTime":0,"flashOffTime":0,"flashOnTime":0},{"names":["middle_disp"],"positionDefinitions":["89e9c234"],"condition":"NORMAL","renderStage":"INTERIOR","type":"NORMAL","displayXPadding":0.0,"displayYPadding":0.0,"displayColorCjk":"FF9900","displayColor":"FF9900","displayMaxLineHeight":1.5,"displayCjkSizeRatio":2.0,"displayOptions":[],"displayPadZeros":0.0,"displayType":"DESTINATION","displayDefaultText":"Ñäk Ħñisòh","doorXMultiplier":0.0,"doorZMultiplier":0.0,"doorAnimationType":"STANDARD","renderFromOpeningDoorTime":0,"renderUntilOpeningDoorTime":0,"renderFromClosingDoorTime":0,"renderUntilClosingDoorTime":0,"flashOffTime":0,"flashOnTime":0},{"names":["middle_disp_announce"],"positionDefinitions":["83b73a0"],"condition":"NORMAL","renderStage":"EXTERIOR","type":"DISPLAY","displayXPadding":0.0,"displayYPadding":0.0,"displayColorCjk":"FFFFFF","displayColor":"FFFFFF","displayMaxLineHeight":1.5,"displayCjkSizeRatio":2.0,"displayOptions":["SCROLL_NORMAL"],"displayPadZeros":0.0,"displayType":"NEXT_STATION_UK","displayDefaultText":"Ñäk Ħñisòh","doorXMultiplier":0.0,"doorZMultiplier":0.0,"doorAnimationType":"STANDARD","renderFromOpeningDoorTime":0,"renderUntilOpeningDoorTime":0,"renderFromClosingDoorTime":0,"renderUntilClosingDoorTime":0,"flashOffTime":0,"flashOnTime":0},{"names":["middle_disp_dest"],"positionDefinitions":["bb8cd540"],"condition":"NORMAL","renderStage":"EXTERIOR","type":"DISPLAY","displayXPadding":0.0,"displayYPadding":0.0,"displayColorCjk":"00A86B","displayColor":"00A86B","displayMaxLineHeight":1.5,"displayCjkSizeRatio":2.0,"displayOptions":["SCROLL_NORMAL"],"displayPadZeros":0.0,"displayType":"DESTINATION","displayDefaultText":"Class 222","doorXMultiplier":0.0,"doorZMultiplier":0.0,"doorAnimationType":"STANDARD","renderFromOpeningDoorTime":0,"renderUntilOpeningDoorTime":0,"renderFromClosingDoorTime":0,"renderUntilClosingDoorTime":0,"flashOffTime":0,"flashOnTime":0},{"names":["end_ext"],"positionDefinitions":["127b283f"],"condition":"NORMAL","renderStage":"EXTERIOR","type":"NORMAL","displayXPadding":0.0,"displayYPadding":0.0,"displayColorCjk":"FF9900","displayColor":"FF9900","displayMaxLineHeight":1.5,"displayCjkSizeRatio":2.0,"displayOptions":[],"displayPadZeros":0.0,"displayType":"DESTINATION","displayDefaultText":"Ñäk Ħñisòh","doorXMultiplier":0.0,"doorZMultiplier":0.0,"doorAnimationType":"STANDARD","renderFromOpeningDoorTime":0,"renderUntilOpeningDoorTime":0,"renderFromClosingDoorTime":0,"renderUntilClosingDoorTime":0,"flashOffTime":0,"flashOnTime":0},{"names":["end_int"],"positionDefinitions":["b65e4993"],"condition":"NORMAL","renderStage":"INTERIOR","type":"NORMAL","displayXPadding":0.0,"displayYPadding":0.0,"displayColorCjk":"FF9900","displayColor":"FF9900","displayMaxLineHeight":1.5,"displayCjkSizeRatio":2.0,"displayOptions":[],"displayPadZeros":0.0,"displayType":"DESTINATION","displayDefaultText":"Ñäk Ħñisòh","doorXMultiplier":0.0,"doorZMultiplier":0.0,"doorAnimationType":"STANDARD","renderFromOpeningDoorTime":0,"renderUntilOpeningDoorTime":0,"renderFromClosingDoorTime":0,"renderUntilClosingDoorTime":0,"flashOffTime":0,"flashOnTime":0},{"names":["end_floor"],"positionDefinitions":["c872cf90"],"condition":"NORMAL","renderStage":"EXTERIOR","type":"FLOOR","displayXPadding":0.0,"displayYPadding":0.0,"displayColorCjk":"FF9900","displayColor":"FF9900","displayMaxLineHeight":1.5,"displayCjkSizeRatio":2.0,"displayOptions":[],"displayPadZeros":0.0,"displayType":"DESTINATION","displayDefaultText":"Ñäk Ħñisòh","doorXMultiplier":0.0,"doorZMultiplier":0.0,"doorAnimationType":"STANDARD","renderFromOpeningDoorTime":0,"renderUntilOpeningDoorTime":0,"renderFromClosingDoorTime":0,"renderUntilClosingDoorTime":0,"flashOffTime":0,"flashOnTime":0},{"names":["seat"],"positionDefinitions":["db1c39b0"],"condition":"NORMAL","renderStage":"INTERIOR","type":"NORMAL","displayXPadding":0.0,"displayYPadding":0.0,"displayColorCjk":"FF9900","displayColor":"FF9900","displayMaxLineHeight":1.5,"displayCjkSizeRatio":2.0,"displayOptions":[],"displayPadZeros":0.0,"displayType":"DESTINATION","displayDefaultText":"Ñäk Ħñisòh","doorXMultiplier":0.0,"doorZMultiplier":0.0,"doorAnimationType":"STANDARD","renderFromOpeningDoorTime":0,"renderUntilOpeningDoorTime":0,"renderFromClosingDoorTime":0,"renderUntilClosingDoorTime":0,"flashOffTime":0,"flashOnTime":0},{"names":["seat"],"positionDefinitions":["d224729a"],"condition":"NORMAL","renderStage":"EXTERIOR","type":"SEAT","displayXPadding":0.0,"displayYPadding":0.0,"displayColorCjk":"FF9900","displayColor":"FF9900","displayMaxLineHeight":1.5,"displayCjkSizeRatio":2.0,"displayOptions":[],"displayPadZeros":0.0,"displayType":"DESTINATION","displayDefaultText":"Ñäk Ħñisòh","doorXMultiplier":0.0,"doorZMultiplier":0.0,"doorAnimationType":"STANDARD","renderFromOpeningDoorTime":0,"renderUntilOpeningDoorTime":0,"renderFromClosingDoorTime":0,"renderUntilClosingDoorTime":0,"flashOffTime":0,"flashOnTime":0}],"modelYOffset":1.0,"gangwayInnerSideResource":"mtr:textures/gangway/m_train_side.png","gangwayInnerTopResource":"mtr:textures/gangway/m_train_roof.png","gangwayInnerBottomResource":"mtr:textures/gangway/m_train_floor.png","gangwayOuterSideResource":"mtr:textures/gangway/m_train_exterior.png","gangwayOuterTopResource":"mtr:textures/gangway/m_train_exterior.png","gangwayOuterBottomResource":"mtr:textures/gangway/m_train_exterior.png","gangwayWidth":1.5,"gangwayHeight":2.25,"gangwayYOffset":1.0,"gangwayZOffset":0.5,"barrierInnerSideResource":"","barrierInnerTopResource":"","barrierInnerBottomResource":"","barrierOuterSideResource":"mtr:textures/barrier/mlr_exterior.png","barrierOuterTopResource":"","barrierOuterBottomResource":"","barrierWidth":2.25,"barrierHeight":1.0,"barrierYOffset":1.25,"barrierZOffset":0.25}