{
    "railn_type1": {    
        "name": "[WH]常规高度轨道_样式1",
        "model": "mtrsteamloco:rails/railn/railn.obj",
        "repeatInterval": 0.5,
        "yOffset": 0.265625,
        "flipV": true 
    },
    "railn_type2": {    
        "name": "[WH]常规高度轨道_样式2",
        "model": "mtrsteamloco:rails/railn/railnu.obj",
        "repeatInterval": 0.5,
        "yOffset": 0.265625,
        "flipV": true 
    },
    "railn_type2x3th": {    
        "name": "[WH]常规高度轨道_样式2+第三轨",
        "model": "mtrsteamloco:rails/railn/railnu3th.obj",
        "repeatInterval": 3.0,
        "yOffset": 0.265625,
        "flipV": true 
    }
}