{
    "3thrail0": {    
        "name": "[WH]0高度轨道_第三轨_默认黄色",
        "model": "mtrsteamloco:rails/3thrail0/3thrail0_yellow.obj",
        "repeatInterval": 4.5,
        "flipV": true 
    },
    "3thrail0_green": {    
        "name": "[WH]0高度轨道_第三轨_绿色",
        "model": "mtrsteamloco:rails/3thrail0/3thrail0_green.obj",
        "repeatInterval": 4.5,
        "flipV": true 
    },
    "3thrail0_blue": {    
        "name": "[WH]0高度轨道_第三轨_蓝色",
        "model": "mtrsteamloco:rails/3thrail0/3thrail0_blue.obj",
        "repeatInterval": 4.5,
        "flipV": true 
    },
    "3thrail0_gray": {    
        "name": "[WH]0高度轨道_第三轨_灰色",
        "model": "mtrsteamloco:rails/3thrail0/3thrail0_gray.obj",
        "repeatInterval": 4.5,
        "flipV": true 
    }
}