{"vehicles":[{"id":"bve_mlr_trailer","name":"MLR Trailer (Normal, BVE)","color":"6CB5E2","transportMode":"TRAIN","width":2,"couplingPadding1":0,"couplingPadding2":0,"wikipediaArticle":"MTR_Metro_Cammell_EMU_(AC)","tags":["family:mlr","iso_3166:HK","doors:5","type:trailer"],"models":[{"modelResource":"mtr:models/vehicle/mlr.bbmodel","textureResource":"mtr:textures/vehicle/mlr.png","modelPropertiesResource":"mtr:properties/vehicle/mlr_common.json","positionDefinitionsResource":"mtr:properties/definition/mlr.json"},{"modelResource":"mtr:models/vehicle/mlr.bbmodel","textureResource":"mtr:textures/vehicle/mlr.png","modelPropertiesResource":"mtr:properties/vehicle/mlr_end_1.json","positionDefinitionsResource":"mtr:properties/definition/mlr.json"},{"modelResource":"mtr:models/vehicle/mlr.bbmodel","textureResource":"mtr:textures/vehicle/mlr.png","modelPropertiesResource":"mtr:properties/vehicle/mlr_end_2.json","positionDefinitionsResource":"mtr:properties/definition/mlr.json"},{"modelResource":"mtr:models/vehicle/door_overlay_mlr.bbmodel","textureResource":"mtr:textures/overlay/door_overlay_mlr_left.png","modelPropertiesResource":"mtr:properties/vehicle/mlr_door_left_overlay.json","positionDefinitionsResource":"mtr:properties/definition/mlr.json"},{"modelResource":"mtr:models/vehicle/door_overlay_mlr.bbmodel","textureResource":"mtr:textures/overlay/door_overlay_mlr_right.png","modelPropertiesResource":"mtr:properties/vehicle/mlr_door_right_overlay.json","positionDefinitionsResource":"mtr:properties/definition/mlr.json"},{"modelResource":"mtr:models/vehicle/door_overlay_top_mlr.bbmodel","textureResource":"mtr:textures/overlay/door_overlay_mlr_top.png","modelPropertiesResource":"mtr:properties/vehicle/mlr_door_top_overlay.json","positionDefinitionsResource":"mtr:properties/definition/mlr.json"}],"bogie1Models":[{"modelResource":"mtr:models/vehicle/bogie_1.bbmodel","textureResource":"mtr:textures/vehicle/bogie_1.png","modelPropertiesResource":"mtr:properties/vehicle/bogie_1.json","positionDefinitionsResource":"mtr:properties/definition/origin.json"}],"bogie2Models":[{"modelResource":"mtr:models/vehicle/bogie_1.bbmodel","textureResource":"mtr:textures/vehicle/bogie_1.png","modelPropertiesResource":"mtr:properties/vehicle/bogie_1.json","positionDefinitionsResource":"mtr:properties/definition/origin.json"}],"hasGangway1":true,"hasGangway2":true,"hasBarrier1":true,"hasBarrier2":true,"legacySpeedSoundBaseResource":"","legacySpeedSoundCount":0,"legacyUseAccelerationSoundsWhenCoasting":true,"legacyDoorSoundBaseResource":"","legacyDoorCloseSoundTime":0.5,"length":25.0,"bogie1Position":-8.5,"bogie2Position":8.5,"bveSoundBaseResource":"bvemlr"},{"id":"bve_mlr_cab_1","name":"MLR Cab (Forwards, Normal, BVE)","color":"6CB5E2","transportMode":"TRAIN","width":2,"couplingPadding1":1,"couplingPadding2":0,"wikipediaArticle":"MTR_Metro_Cammell_EMU_(AC)","tags":["family:mlr","iso_3166:HK","doors:5","type:cab_1"],"models":[{"modelResource":"mtr:models/vehicle/mlr.bbmodel","textureResource":"mtr:textures/vehicle/mlr.png","modelPropertiesResource":"mtr:properties/vehicle/mlr_common.json","positionDefinitionsResource":"mtr:properties/definition/mlr.json"},{"modelResource":"mtr:models/vehicle/mlr.bbmodel","textureResource":"mtr:textures/vehicle/mlr.png","modelPropertiesResource":"mtr:properties/vehicle/mlr_head_1.json","positionDefinitionsResource":"mtr:properties/definition/mlr.json"},{"modelResource":"mtr:models/vehicle/mlr.bbmodel","textureResource":"mtr:textures/vehicle/mlr.png","modelPropertiesResource":"mtr:properties/vehicle/mlr_end_2.json","positionDefinitionsResource":"mtr:properties/definition/mlr.json"},{"modelResource":"mtr:models/vehicle/door_overlay_mlr.bbmodel","textureResource":"mtr:textures/overlay/door_overlay_mlr_left.png","modelPropertiesResource":"mtr:properties/vehicle/mlr_door_left_overlay.json","positionDefinitionsResource":"mtr:properties/definition/mlr.json"},{"modelResource":"mtr:models/vehicle/door_overlay_mlr.bbmodel","textureResource":"mtr:textures/overlay/door_overlay_mlr_right.png","modelPropertiesResource":"mtr:properties/vehicle/mlr_door_right_overlay.json","positionDefinitionsResource":"mtr:properties/definition/mlr.json"},{"modelResource":"mtr:models/vehicle/door_overlay_top_mlr.bbmodel","textureResource":"mtr:textures/overlay/door_overlay_mlr_top.png","modelPropertiesResource":"mtr:properties/vehicle/mlr_door_top_overlay.json","positionDefinitionsResource":"mtr:properties/definition/mlr.json"}],"bogie1Models":[{"modelResource":"mtr:models/vehicle/bogie_1.bbmodel","textureResource":"mtr:textures/vehicle/bogie_1.png","modelPropertiesResource":"mtr:properties/vehicle/bogie_1.json","positionDefinitionsResource":"mtr:properties/definition/origin.json"}],"bogie2Models":[{"modelResource":"mtr:models/vehicle/bogie_1.bbmodel","textureResource":"mtr:textures/vehicle/bogie_1.png","modelPropertiesResource":"mtr:properties/vehicle/bogie_1.json","positionDefinitionsResource":"mtr:properties/definition/origin.json"}],"hasGangway1":false,"hasGangway2":true,"hasBarrier1":false,"hasBarrier2":true,"legacySpeedSoundBaseResource":"","legacySpeedSoundCount":93,"legacyUseAccelerationSoundsWhenCoasting":true,"legacyDoorSoundBaseResource":"","legacyDoorCloseSoundTime":0.5,"length":25.0,"bogie1Position":-8.5,"bogie2Position":8.5,"bveSoundBaseResource":"bvemlr"},{"id":"mlr_cab_2","name":"MLR Cab (Backwards, Normal, BVE)","color":"6CB5E2","transportMode":"TRAIN","width":2,"couplingPadding1":0,"couplingPadding2":1,"wikipediaArticle":"MTR_Metro_Cammell_EMU_(AC)","tags":["family:mlr","iso_3166:HK","doors:5","type:cab_2"],"models":[{"modelResource":"mtr:models/vehicle/mlr.bbmodel","textureResource":"mtr:textures/vehicle/mlr.png","modelPropertiesResource":"mtr:properties/vehicle/mlr_common.json","positionDefinitionsResource":"mtr:properties/definition/mlr.json"},{"modelResource":"mtr:models/vehicle/mlr.bbmodel","textureResource":"mtr:textures/vehicle/mlr.png","modelPropertiesResource":"mtr:properties/vehicle/mlr_end_1.json","positionDefinitionsResource":"mtr:properties/definition/mlr.json"},{"modelResource":"mtr:models/vehicle/mlr.bbmodel","textureResource":"mtr:textures/vehicle/mlr.png","modelPropertiesResource":"mtr:properties/vehicle/mlr_head_2.json","positionDefinitionsResource":"mtr:properties/definition/mlr.json"},{"modelResource":"mtr:models/vehicle/door_overlay_mlr.bbmodel","textureResource":"mtr:textures/overlay/door_overlay_mlr_left.png","modelPropertiesResource":"mtr:properties/vehicle/mlr_door_left_overlay.json","positionDefinitionsResource":"mtr:properties/definition/mlr.json"},{"modelResource":"mtr:models/vehicle/door_overlay_mlr.bbmodel","textureResource":"mtr:textures/overlay/door_overlay_mlr_right.png","modelPropertiesResource":"mtr:properties/vehicle/mlr_door_right_overlay.json","positionDefinitionsResource":"mtr:properties/definition/mlr.json"},{"modelResource":"mtr:models/vehicle/door_overlay_top_mlr.bbmodel","textureResource":"mtr:textures/overlay/door_overlay_mlr_top.png","modelPropertiesResource":"mtr:properties/vehicle/mlr_door_top_overlay.json","positionDefinitionsResource":"mtr:properties/definition/mlr.json"}],"bogie1Models":[{"modelResource":"mtr:models/vehicle/bogie_1.bbmodel","textureResource":"mtr:textures/vehicle/bogie_1.png","modelPropertiesResource":"mtr:properties/vehicle/bogie_1.json","positionDefinitionsResource":"mtr:properties/definition/origin.json"}],"bogie2Models":[{"modelResource":"mtr:models/vehicle/bogie_1.bbmodel","textureResource":"mtr:textures/vehicle/bogie_1.png","modelPropertiesResource":"mtr:properties/vehicle/bogie_1.json","positionDefinitionsResource":"mtr:properties/definition/origin.json"}],"hasGangway1":true,"hasGangway2":false,"hasBarrier1":true,"hasBarrier2":false,"legacySpeedSoundBaseResource":"","legacySpeedSoundCount":93,"legacyUseAccelerationSoundsWhenCoasting":true,"legacyDoorSoundBaseResource":"","legacyDoorCloseSoundTime":0.5,"length":25.0,"bogie1Position":-8.5,"bogie2Position":8.5,"bveSoundBaseResource":"bvemlr"},{"id":"bve_mlr_small_trailer","name":"MLR Trailer (Small)","color":"6CB5E2","transportMode":"TRAIN","width":2,"couplingPadding1":0,"couplingPadding2":0,"wikipediaArticle":"MTR_Metro_Cammell_EMU_(AC)","tags":["family:mlr","iso_3166:HK","doors:4","type:trailer"],"models":[{"modelResource":"mtr:models/vehicle/mlr.bbmodel","textureResource":"mtr:textures/vehicle/mlr.png","modelPropertiesResource":"mtr:properties/vehicle/mlr_common.json","positionDefinitionsResource":"mtr:properties/definition/mlr_small.json"},{"modelResource":"mtr:models/vehicle/mlr.bbmodel","textureResource":"mtr:textures/vehicle/mlr.png","modelPropertiesResource":"mtr:properties/vehicle/mlr_end_1.json","positionDefinitionsResource":"mtr:properties/definition/mlr_small.json"},{"modelResource":"mtr:models/vehicle/mlr.bbmodel","textureResource":"mtr:textures/vehicle/mlr.png","modelPropertiesResource":"mtr:properties/vehicle/mlr_end_2.json","positionDefinitionsResource":"mtr:properties/definition/mlr_small.json"},{"modelResource":"mtr:models/vehicle/door_overlay_mlr.bbmodel","textureResource":"mtr:textures/overlay/door_overlay_mlr_left.png","modelPropertiesResource":"mtr:properties/vehicle/mlr_door_left_overlay.json","positionDefinitionsResource":"mtr:properties/definition/mlr_small.json"},{"modelResource":"mtr:models/vehicle/door_overlay_mlr.bbmodel","textureResource":"mtr:textures/overlay/door_overlay_mlr_right.png","modelPropertiesResource":"mtr:properties/vehicle/mlr_door_right_overlay.json","positionDefinitionsResource":"mtr:properties/definition/mlr_small.json"},{"modelResource":"mtr:models/vehicle/door_overlay_top_mlr.bbmodel","textureResource":"mtr:textures/overlay/door_overlay_mlr_top.png","modelPropertiesResource":"mtr:properties/vehicle/mlr_door_top_overlay.json","positionDefinitionsResource":"mtr:properties/definition/mlr_small.json"}],"bogie1Models":[{"modelResource":"mtr:models/vehicle/bogie_1.bbmodel","textureResource":"mtr:textures/vehicle/bogie_1.png","modelPropertiesResource":"mtr:properties/vehicle/bogie_1.json","positionDefinitionsResource":"mtr:properties/definition/origin.json"}],"bogie2Models":[{"modelResource":"mtr:models/vehicle/bogie_1.bbmodel","textureResource":"mtr:textures/vehicle/bogie_1.png","modelPropertiesResource":"mtr:properties/vehicle/bogie_1.json","positionDefinitionsResource":"mtr:properties/definition/origin.json"}],"hasGangway1":true,"hasGangway2":true,"hasBarrier1":true,"hasBarrier2":true,"legacySpeedSoundBaseResource":"","legacySpeedSoundCount":93,"legacyUseAccelerationSoundsWhenCoasting":true,"legacyDoorSoundBaseResource":"","legacyDoorCloseSoundTime":0.5,"length":21.0,"bogie1Position":-6.5,"bogie2Position":6.5,"bveSoundBaseResource":"bvemlr"},{"id":"bve_mlr_small_cab_1","name":"MLR Cab (Forwards, Small, BVE)","color":"6CB5E2","transportMode":"TRAIN","width":2,"couplingPadding1":1,"couplingPadding2":0,"wikipediaArticle":"MTR_Metro_Cammell_EMU_(AC)","tags":["family:mlr","iso_3166:HK","doors:4","type:cab_1"],"models":[{"modelResource":"mtr:models/vehicle/mlr.bbmodel","textureResource":"mtr:textures/vehicle/mlr.png","modelPropertiesResource":"mtr:properties/vehicle/mlr_common.json","positionDefinitionsResource":"mtr:properties/definition/mlr_small.json"},{"modelResource":"mtr:models/vehicle/mlr.bbmodel","textureResource":"mtr:textures/vehicle/mlr.png","modelPropertiesResource":"mtr:properties/vehicle/mlr_head_1.json","positionDefinitionsResource":"mtr:properties/definition/mlr_small.json"},{"modelResource":"mtr:models/vehicle/mlr.bbmodel","textureResource":"mtr:textures/vehicle/mlr.png","modelPropertiesResource":"mtr:properties/vehicle/mlr_end_2.json","positionDefinitionsResource":"mtr:properties/definition/mlr_small.json"},{"modelResource":"mtr:models/vehicle/door_overlay_mlr.bbmodel","textureResource":"mtr:textures/overlay/door_overlay_mlr_left.png","modelPropertiesResource":"mtr:properties/vehicle/mlr_door_left_overlay.json","positionDefinitionsResource":"mtr:properties/definition/mlr_small.json"},{"modelResource":"mtr:models/vehicle/door_overlay_mlr.bbmodel","textureResource":"mtr:textures/overlay/door_overlay_mlr_right.png","modelPropertiesResource":"mtr:properties/vehicle/mlr_door_right_overlay.json","positionDefinitionsResource":"mtr:properties/definition/mlr_small.json"},{"modelResource":"mtr:models/vehicle/door_overlay_top_mlr.bbmodel","textureResource":"mtr:textures/overlay/door_overlay_mlr_top.png","modelPropertiesResource":"mtr:properties/vehicle/mlr_door_top_overlay.json","positionDefinitionsResource":"mtr:properties/definition/mlr_small.json"}],"bogie1Models":[{"modelResource":"mtr:models/vehicle/bogie_1.bbmodel","textureResource":"mtr:textures/vehicle/bogie_1.png","modelPropertiesResource":"mtr:properties/vehicle/bogie_1.json","positionDefinitionsResource":"mtr:properties/definition/origin.json"}],"bogie2Models":[{"modelResource":"mtr:models/vehicle/bogie_1.bbmodel","textureResource":"mtr:textures/vehicle/bogie_1.png","modelPropertiesResource":"mtr:properties/vehicle/bogie_1.json","positionDefinitionsResource":"mtr:properties/definition/origin.json"}],"hasGangway1":false,"hasGangway2":true,"hasBarrier1":false,"hasBarrier2":true,"legacySpeedSoundBaseResource":"","legacySpeedSoundCount":93,"legacyUseAccelerationSoundsWhenCoasting":true,"legacyDoorSoundBaseResource":"","legacyDoorCloseSoundTime":0.5,"length":21.0,"bogie1Position":-6.5,"bogie2Position":6.5,"bveSoundBaseResource":"bvemlr"},{"id":"bve_mlr_small_cab_2","name":"MLR Cab (Backwards, Small, BVE)","color":"6CB5E2","transportMode":"TRAIN","width":2,"couplingPadding1":0,"couplingPadding2":1,"wikipediaArticle":"MTR_Metro_Cammell_EMU_(AC)","tags":["family:mlr","iso_3166:HK","doors:4","type:cab_2"],"models":[{"modelResource":"mtr:models/vehicle/mlr.bbmodel","textureResource":"mtr:textures/vehicle/mlr.png","modelPropertiesResource":"mtr:properties/vehicle/mlr_common.json","positionDefinitionsResource":"mtr:properties/definition/mlr_small.json"},{"modelResource":"mtr:models/vehicle/mlr.bbmodel","textureResource":"mtr:textures/vehicle/mlr.png","modelPropertiesResource":"mtr:properties/vehicle/mlr_end_1.json","positionDefinitionsResource":"mtr:properties/definition/mlr_small.json"},{"modelResource":"mtr:models/vehicle/mlr.bbmodel","textureResource":"mtr:textures/vehicle/mlr.png","modelPropertiesResource":"mtr:properties/vehicle/mlr_head_2.json","positionDefinitionsResource":"mtr:properties/definition/mlr_small.json"},{"modelResource":"mtr:models/vehicle/door_overlay_mlr.bbmodel","textureResource":"mtr:textures/overlay/door_overlay_mlr_left.png","modelPropertiesResource":"mtr:properties/vehicle/mlr_door_left_overlay.json","positionDefinitionsResource":"mtr:properties/definition/mlr_small.json"},{"modelResource":"mtr:models/vehicle/door_overlay_mlr.bbmodel","textureResource":"mtr:textures/overlay/door_overlay_mlr_right.png","modelPropertiesResource":"mtr:properties/vehicle/mlr_door_right_overlay.json","positionDefinitionsResource":"mtr:properties/definition/mlr_small.json"},{"modelResource":"mtr:models/vehicle/door_overlay_top_mlr.bbmodel","textureResource":"mtr:textures/overlay/door_overlay_mlr_top.png","modelPropertiesResource":"mtr:properties/vehicle/mlr_door_top_overlay.json","positionDefinitionsResource":"mtr:properties/definition/mlr_small.json"}],"bogie1Models":[{"modelResource":"mtr:models/vehicle/bogie_1.bbmodel","textureResource":"mtr:textures/vehicle/bogie_1.png","modelPropertiesResource":"mtr:properties/vehicle/bogie_1.json","positionDefinitionsResource":"mtr:properties/definition/origin.json"}],"bogie2Models":[{"modelResource":"mtr:models/vehicle/bogie_1.bbmodel","textureResource":"mtr:textures/vehicle/bogie_1.png","modelPropertiesResource":"mtr:properties/vehicle/bogie_1.json","positionDefinitionsResource":"mtr:properties/definition/origin.json"}],"hasGangway1":true,"hasGangway2":false,"hasBarrier1":true,"hasBarrier2":false,"legacySpeedSoundBaseResource":"","legacySpeedSoundCount":93,"legacyUseAccelerationSoundsWhenCoasting":true,"legacyDoorSoundBaseResource":"","legacyDoorCloseSoundTime":0.5,"length":21.0,"bogie1Position":-6.5,"bogie2Position":6.5,"bveSoundBaseResource":"bvemlr"}]}