{
	"bvemlr_air": {
		"sounds": [
			{
				"name": "mtr:bvemlr/air",
				"attenuation_distance": 32
			}
		]
	},
	"bvemlr_dooropn": {
		"sounds": [
			{
				"name": "mtr:mlr/door_open",
				"attenuation_distance": 32,
				"pitch": 0.5
			}
		]
	},
	"bvemlr_doorcls": {
		"sounds": [
			{
				"name": "mtr:mlr/door_close",
				"attenuation_distance": 32,
				"pitch": 0.5
			}
		]
	},
	"bvemlr_loop": {
		"sounds": [
			{
				"name": "mtr:bvemlr/loop",
				"attenuation_distance": 32
			}
		]
	},
	"bvemlr_run": {
		"sounds": [
			{
				"name": "mtr:bvemlr/run",
				"attenuation_distance": 32
			}
		]
	},
	"bvemlr_m0": {
		"sounds": [
			{
				"name": "mtr:bvemlr/m0",
				"attenuation_distance": 32
			}
		]
	},
	"bvemlr_m1": {
		"sounds": [
			{
				"name": "mtr:bvemlr/m1",
				"attenuation_distance": 32
			}
		]
	},
	"bvemlr_m2": {
		"sounds": [
			{
				"name": "mtr:bvemlr/m2",
				"attenuation_distance": 32
			}
		]
	}
}