{
	"parts": [
		{
			"names": [
				"Innenraum_T"
			],
			"positionDefinitions": [
				"Middle",
				"MiddleFlipped"
			],
			"renderStage": "INTERIOR"
		},
		{
			"names": [
				"Voutenklappen_M"
			],
			"positionDefinitions": [
				"Middle"
			],
			"renderStage": "INTERIOR"
		},
		{
			"names": [
				"Innenraum_KK"
			],
			"positionDefinitions": [
				"Middle",
				"MiddleFlipped"
			],
			"renderStage": "INTERIOR"
		},
		{
			"names": [
				"Aussenwand_Mitte"
			],
			"positionDefinitions": [
				"Middle"
			],
			"renderStage": "EXTERIOR"
		},
		{
			"names": [
				"Innenbeleuchtung_M"
			],
			"positionDefinitions": [
				"Middle"
			],
			"renderStage": "LIGHT"
		},
		{
			"names": [
				"FUNCT_BodenT"
			],
			"positionDefinitions": [
				"Middle",
				"MiddleFlipped"
			],
			"type": "FLOOR"
		},
		{
			"names": [
				"FUNCT_BodenKK"
			],
			"positionDefinitions": [
				"Middle",
				"MiddleFlipped"
			],
			"type": "FLOOR"
		},
		{
			"names": [
				"FUNCT_Tuer"
			],
			"positionDefinitions": [
				"DoorM",
				"DoorMFlipped"
			],
			"type": "DOORWAY"
		},
		{
			"names": [
				"Tuer_A"
			],
			"positionDefinitions": [
				"DoorM",
				"DoorMFlipped"
			],
			"renderStage": "EXTERIOR",
			"doorXMultiplier": -1,
			"doorZMultiplier": 12,
			"doorAnimationType": "PLUG_SLOW_2"
		},
		{
			"names": [
				"Tuer_AInnen"
			],
			"positionDefinitions": [
				"DoorM",
				"DoorMFlipped"
			],
			"renderStage": "INTERIOR",
			"doorXMultiplier": -1,
			"doorZMultiplier": 12,
			"doorAnimationType": "PLUG_SLOW_2"
		},
		{
			"names": [
				"Tuer_B"
			],
			"positionDefinitions": [
				"DoorM",
				"DoorMFlipped"
			],
			"renderStage": "EXTERIOR",
			"doorXMultiplier": -1,
			"doorZMultiplier": -12,
			"doorAnimationType": "PLUG_SLOW_2"
		},
		{
			"names": [
				"Tuer_BInnen"
			],
			"positionDefinitions": [
				"DoorM",
				"DoorMFlipped"
			],
			"renderStage": "INTERIOR",
			"doorXMultiplier": -1,
			"doorZMultiplier": -12,
			"doorAnimationType": "PLUG_SLOW_2"
		},
		{
			"names": [
				"Tuerschliesslicht"
			],
			"positionDefinitions": [
				"DoorMFlipped",
				"DoorM"
			],
			"condition": "DOORS_OPENED",
			"renderStage": "ALWAYS_ON_LIGHT",
			"doorXMultiplier": 0.0001,
			"doorZMultiplier": 0,
			"doorAnimationType": "PLUG_SLOW_2",
			"renderFromOpeningDoorTime": 1000000,
			"renderUntilOpeningDoorTime": 1000000,
			"renderFromClosingDoorTime": 1,
			"renderUntilClosingDoorTime": 4097,
			"flashOffTime": 512,
			"flashOnTime": 512
		},
		{
			"names": [
				"Tuertaster"
			],
			"positionDefinitions": [
				"DoorMFlipped",
				"DoorM"
			],
			"condition": "DOORS_OPENED",
			"renderStage": "ALWAYS_ON_LIGHT",
			"doorXMultiplier": -1,
			"doorZMultiplier": -12,
			"doorAnimationType": "PLUG_SLOW_2",
			"renderFromOpeningDoorTime": 1,
			"renderUntilOpeningDoorTime": 1000000,
			"renderFromClosingDoorTime": 1000000,
			"renderUntilClosingDoorTime": 1000000,
			"flashOffTime": 0,
			"flashOnTime": 0
		},
		{
			"names": [
				"Aussenanz_L_M"
			],
			"positionDefinitions": [
				"Middle"
			],
			"type": "DISPLAY",
			"displayColor": "ff9900",
			"displayOptions": [
				"ALIGN_CENTER"
			],
			"displayType": "ROUTE_NUMBER",
			"displayDefaultText": "-"
		},
		{
			"names": [
				"Aussenanz_Z_M"
			],
			"positionDefinitions": [
				"Middle"
			],
			"type": "DISPLAY",
			"displayColor": "ff9900",
			"displayOptions": [
				"ALIGN_CENTER"
			],
			"displayType": "DESTINATION",
			"displayDefaultText": "Außer Dienst"
		},
		{
			"names": [
				"Innenanz_L_KK"
			],
			"positionDefinitions": [
				"Middle",
				"MiddleFlipped"
			],
			"type": "DISPLAY",
			"displayColor": "ff9900",
			"displayOptions": [
				"ALIGN_CENTER",
				"SINGLE_LINE"
			],
			"displayType": "ROUTE_NUMBER",
			"displayDefaultText": "-"
		},
		{
			"names": [
				"Innenanz_Z_KK"
			],
			"positionDefinitions": [
				"Middle",
				"MiddleFlipped"
			],
			"type": "DISPLAY",
			"displayColor": "ff9900",
			"displayOptions": [
				"ALIGN_CENTER",
				"SINGLE_LINE"
			],
			"displayType": "DESTINATION",
			"displayDefaultText": "Außer Dienst"
		},
		{
			"names": [
				"Innenanz_H_KK"
			],
			"positionDefinitions": [
				"Middle",
				"MiddleFlipped"
			],
			"type": "DISPLAY",
			"displayColor": "ff9900",
			"displayOptions": [
				"ALIGN_CENTER",
				"SINGLE_LINE"
			],
			"displayType": "NEXT_STATION",
			"displayDefaultText": "Sie sollten nicht hier sein!"
		}
	],
	"modelYOffset": 1,
	"gangwayInnerSideResource": "mtr:textures/gangway/sp1900_side.png",
	"gangwayInnerTopResource": "mtr:textures/gangway/sp1900_roof.png",
	"gangwayInnerBottomResource": "mtr:textures/gangway/sp1900_floor.png",
	"gangwayOuterSideResource": "mtr:textures/dummy.png",
	"gangwayOuterTopResource": "mtr:textures/dummy.png",
	"gangwayOuterBottomResource": "mtr:textures/dummy.png",
	"gangwayWidth": 2,
	"gangwayHeight": 2.3,
	"gangwayYOffset": 1,
	"gangwayZOffset": 0.5
}
