{
	"parts": [
		{
			"names": [
				"Front"
			],
			"positionDefinitions": [
				"Middle"
			],
			"renderStage": "EXTERIOR"
		},
		{
			"names": [
				"FrontSeite"
			],
			"positionDefinitions": [
				"Middle"
			],
			"renderStage": "EXTERIOR"
		},
		{
			"names": [
				"Innenraum_FST"
			],
			"positionDefinitions": [
				"Middle"
			],
			"renderStage": "INTERIOR"
		},
		{
			"names": [
				"Innenraum_M"
			],
			"positionDefinitions": [
				"Innen_M"
			],
			"renderStage": "INTERIOR"
		},
		{
			"names": [
				"Voutenklappen_E"
			],
			"positionDefinitions": [
				"Middle"
			],
			"renderStage": "INTERIOR"
		},
		{
			"names": [
				"Innenraum_KK"
			],
			"positionDefinitions": [
				"Innen_KKFlipped"
			],
			"renderStage": "INTERIOR"
		},
		{
			"names": [
				"Innenraum_T"
			],
			"positionDefinitions": [
				"Innen_M",
				"Innen_KKFlipped"
			],
			"renderStage": "INTERIOR"
		},
		{
			"names": [
				"Aussenwand"
			],
			"positionDefinitions": [
				"Middle"
			],
			"renderStage": "EXTERIOR"
		},
		{
			"names": [
				"Innenbeleuchtung_E"
			],
			"positionDefinitions": [
				"Middle"
			],
			"renderStage": "LIGHT"
		},
		{
			"names": [
				"FUNCT_BodenFST"
			],
			"positionDefinitions": [
				"Middle"
			],
			"type": "FLOOR"
		},
		{
			"names": [
				"FUNCT_BodenT"
			],
			"positionDefinitions": [
				"Innen_M",
				"Innen_KKFlipped"
			],
			"type": "FLOOR"
		},
		{
			"names": [
				"FUNCT_BodenM"
			],
			"positionDefinitions": [
				"Innen_M"
			],
			"type": "FLOOR"
		},
		{
			"names": [
				"FUNCT_BodenKK"
			],
			"positionDefinitions": [
				"Innen_KKFlipped"
			],
			"type": "FLOOR"
		},
		{
			"names": [
				"FUNCT_Tuer"
			],
			"positionDefinitions": [
				"DoorA",
				"DoorAFlipped"
			],
			"type": "DOORWAY"
		},
		{
			"names": [
				"Tuer_A"
			],
			"positionDefinitions": [
				"DoorA",
				"DoorAFlipped"
			],
			"renderStage": "EXTERIOR",
			"doorXMultiplier": -1,
			"doorZMultiplier": 12,
			"doorAnimationType": "PLUG_SLOW_3"
		},
		{
			"names": [
				"Tuer_AInnen"
			],
			"positionDefinitions": [
				"DoorA",
				"DoorAFlipped"
			],
			"renderStage": "INTERIOR",
			"doorXMultiplier": -1,
			"doorZMultiplier": 12,
			"doorAnimationType": "PLUG_SLOW_3"
		},
		{
			"names": [
				"Tuer_B"
			],
			"positionDefinitions": [
				"DoorA",
				"DoorAFlipped"
			],
			"renderStage": "EXTERIOR",
			"doorXMultiplier": -1,
			"doorZMultiplier": -12,
			"doorAnimationType": "PLUG_SLOW_3"
		},
		{
			"names": [
				"Tuer_BInnen"
			],
			"positionDefinitions": [
				"DoorA",
				"DoorAFlipped"
			],
			"renderStage": "INTERIOR",
			"doorXMultiplier": -1,
			"doorZMultiplier": -12,
			"doorAnimationType": "PLUG_SLOW_3"
		},
		{
			"names": [
				"Tuerdisplay"
			],
			"positionDefinitions": [
				"DoorA",
				"DoorAFlipped"
			],
			"renderStage": "INTERIOR"
		},
		{
			"names": [
				"Tuerdisplay_Netzplan"
			],
			"positionDefinitions": [
				"DoorA",
				"DoorAFlipped"
			],
			"condition": "DOORS_CLOSED",
			"renderStage": "ALWAYS_ON_LIGHT"
		},
		{
			"names": [
				"Tuerdisplay_Hintergrund"
			],
			"positionDefinitions": [
				"DoorA",
				"DoorAFlipped"
			],
			"condition": "DOORS_OPENED",
			"renderStage": "ALWAYS_ON_LIGHT"
		},
		{
			"names": [
				"Tuerdisplay_Linienfarbe"
			],
			"positionDefinitions": [
				"DoorA",
				"DoorAFlipped"
			],
			"condition": "DOORS_OPENED",
			"type": "DISPLAY",
			"displayType": "ROUTE_COLOR"
		},
		{
			"names": [
				"Tuerdisplay_Linie"
			],
			"positionDefinitions": [
				"DoorA",
				"DoorAFlipped"
			],
			"condition": "DOORS_OPENED",
			"type": "DISPLAY",
			"displayColor": "DBDBDB",
			"displayOptions": [
				"ALIGN_CENTER",
				"SINGLE_LINE",
				"CYCLE_LANGUAGES"
			],
			"displayType": "ROUTE_NUMBER",
			"displayDefaultText": "-"
		},
		{
			"names": [
				"Tuerdisplay_Ziel"
			],
			"positionDefinitions": [
				"DoorA",
				"DoorAFlipped"
			],
			"condition": "DOORS_OPENED",
			"type": "DISPLAY",
			"displayColor": "DBDBDB",
			"displayOptions": [
				"ALIGN_CENTER",
				"CYCLE_LANGUAGES"
			],
			"displayType": "DESTINATION",
			"displayDefaultText": "Endhaltestelle, bitte aussteigen!|Terminus, please alight!"
		},
		{
			"names": [
				"Tuerdisplay_Haltestelle"
			],
			"positionDefinitions": [
				"DoorA",
				"DoorAFlipped"
			],
			"condition": "DOORS_OPENED",
			"type": "DISPLAY",
			"displayColor": "DBDBDB",
			"displayOptions": [
				"ALIGN_CENTER"
			],
			"displayType": "NEXT_STATION_MTR",
			"displayDefaultText": "Bitte aussteigen!|Please alight!"
		},
		{
			"names": [
				"Tuerdisplay_Offen"
			],
			"positionDefinitions": [
				"DoorA",
				"DoorAFlipped"
			],
			"condition": "DOORS_OPENED",
			"renderStage": "LIGHT",
			"doorXMultiplier": 0.0001,
			"doorZMultiplier": 0,
			"doorAnimationType": "PLUG_SLOW_3",
			"renderFromOpeningDoorTime": 1,
			"renderUntilOpeningDoorTime": 1000000,
			"renderFromClosingDoorTime": 1000000,
			"renderUntilClosingDoorTime": 1000000,
			"flashOnTime": 0,
			"flashOffTime": 0
		},
		{
			"names": [
				"Tuerdisplay_Schliess1"
			],
			"positionDefinitions": [
				"DoorA",
				"DoorAFlipped"
			],
			"condition": "DOORS_OPENED",
			"renderStage": "LIGHT",
			"doorXMultiplier": 0.0001,
			"doorZMultiplier": 0,
			"doorAnimationType": "PLUG_SLOW_3",
			"renderFromOpeningDoorTime": 1000000,
			"renderUntilOpeningDoorTime": 1000000,
			"renderFromClosingDoorTime": 1,
			"renderUntilClosingDoorTime": 5000,
			"flashOnTime": 0,
			"flashOffTime": 0
		},
		{
			"names": [
				"Tuerdisplay_Schliess2"
			],
			"positionDefinitions": [
				"DoorA",
				"DoorAFlipped"
			],
			"condition": "DOORS_OPENED",
			"renderStage": "LIGHT",
			"doorXMultiplier": 0.0001,
			"doorZMultiplier": 0,
			"doorAnimationType": "PLUG_SLOW_3",
			"renderFromOpeningDoorTime": 1000000,
			"renderUntilOpeningDoorTime": 1000000,
			"renderFromClosingDoorTime": 1,
			"renderUntilClosingDoorTime": 5000,
			"flashOnTime": 750,
			"flashOffTime": 250
		},
		{
			"names": [
				"Tuerdisplay_Schliess3"
			],
			"positionDefinitions": [
				"DoorA",
				"DoorAFlipped"
			],
			"condition": "DOORS_OPENED",
			"renderStage": "LIGHT",
			"doorXMultiplier": 0.0001,
			"doorZMultiplier": 0,
			"doorAnimationType": "PLUG_SLOW_3",
			"renderFromOpeningDoorTime": 1000000,
			"renderUntilOpeningDoorTime": 1000000,
			"renderFromClosingDoorTime": 1,
			"renderUntilClosingDoorTime": 5000,
			"flashOnTime": 500,
			"flashOffTime": 500
		},
		{
			"names": [
				"Tuerdisplay_Schliess4"
			],
			"positionDefinitions": [
				"DoorA",
				"DoorAFlipped"
			],
			"condition": "DOORS_OPENED",
			"renderStage": "LIGHT",
			"doorXMultiplier": 0.0001,
			"doorZMultiplier": 0,
			"doorAnimationType": "PLUG_SLOW_3",
			"renderFromOpeningDoorTime": 1000000,
			"renderUntilOpeningDoorTime": 1000000,
			"renderFromClosingDoorTime": 1,
			"renderUntilClosingDoorTime": 5000,
			"flashOnTime": 250,
			"flashOffTime": 750
		},
		{
			"names": [
				"Tuerschliesslicht"
			],
			"positionDefinitions": [
				"DoorAFlipped",
				"DoorA"
			],
			"condition": "DOORS_OPENED",
			"renderStage": "ALWAYS_ON_LIGHT",
			"doorXMultiplier": 0.0001,
			"doorZMultiplier": 0,
			"doorAnimationType": "PLUG_SLOW_3",
			"renderFromOpeningDoorTime": 1000000,
			"renderUntilOpeningDoorTime": 1000000,
			"renderFromClosingDoorTime": 1,
			"renderUntilClosingDoorTime": 5000,
			"flashOffTime": 250,
			"flashOnTime": 250
		},
		{
			"names": [
				"Tueroffenlicht"
			],
			"positionDefinitions": [
				"DoorAFlipped",
				"DoorA"
			],
			"condition": "DOORS_OPENED",
			"renderStage": "ALWAYS_ON_LIGHT",
			"doorXMultiplier": 0.0001,
			"doorZMultiplier": 0,
			"doorAnimationType": "PLUG_SLOW_3",
			"renderFromOpeningDoorTime": 1,
			"renderUntilOpeningDoorTime": 3000,
			"renderFromClosingDoorTime": 1000000,
			"renderUntilClosingDoorTime": 1000000,
			"flashOffTime": 250,
			"flashOnTime": 250
		},
		{
			"names": [
				"Tueroffenlicht"
			],
			"positionDefinitions": [
				"DoorAFlipped",
				"DoorA"
			],
			"condition": "DOORS_OPENED",
			"renderStage": "ALWAYS_ON_LIGHT",
			"doorXMultiplier": 0.0001,
			"doorZMultiplier": 0,
			"doorAnimationType": "PLUG_SLOW_3",
			"renderFromOpeningDoorTime": 3001,
			"renderUntilOpeningDoorTime": 1000000,
			"renderFromClosingDoorTime": 1000000,
			"renderUntilClosingDoorTime": 1000000,
			"flashOffTime": 0,
			"flashOnTime": 0
		},
		{
			"names": [
				"Tuertaster_A"
			],
			"positionDefinitions": [
				"DoorAFlipped",
				"DoorA"
			],
			"condition": "DOORS_OPENED",
			"renderStage": "ALWAYS_ON_LIGHT",
			"doorXMultiplier": -1,
			"doorZMultiplier": 12,
			"doorAnimationType": "PLUG_SLOW_3",
			"renderFromOpeningDoorTime": 1,
			"renderUntilOpeningDoorTime": 1000000,
			"renderFromClosingDoorTime": 1000000,
			"renderUntilClosingDoorTime": 1000000,
			"flashOffTime": 0,
			"flashOnTime": 0
		},
		{
			"names": [
				"Tuertaster_B"
			],
			"positionDefinitions": [
				"DoorAFlipped",
				"DoorA"
			],
			"condition": "DOORS_OPENED",
			"renderStage": "ALWAYS_ON_LIGHT",
			"doorXMultiplier": -1,
			"doorZMultiplier": -12,
			"doorAnimationType": "PLUG_SLOW_3",
			"renderFromOpeningDoorTime": 1,
			"renderUntilOpeningDoorTime": 1000000,
			"renderFromClosingDoorTime": 1000000,
			"renderUntilClosingDoorTime": 1000000,
			"flashOffTime": 0,
			"flashOnTime": 0
		},
		{
			"names": [
				"Trittstufe"
			],
			"positionDefinitions": [
				"DoorAFlipped",
				"DoorA"
			],
			"renderStage": "EXTERIOR",
			"doorXMultiplier": -3.25,
			"doorZMultiplier": 0,
			"doorAnimationType": "PLUG_SLOW"
		},
		{
			"names": [
				"Trittstufe_Licht"
			],
			"positionDefinitions": [
				"DoorAFlipped",
				"DoorA"
			],
			"condition": "DOORS_OPENED",
			"renderStage": "ALWAYS_ON_LIGHT",
			"doorXMultiplier": -3.25,
			"doorZMultiplier": 0,
			"doorAnimationType": "PLUG_SLOW",
			"renderFromOpeningDoorTime": 150,
			"renderUntilOpeningDoorTime": 1000000,
			"renderFromClosingDoorTime": 1000000,
			"renderUntilClosingDoorTime": 1000000,
			"flashOffTime": 0,
			"flashOnTime": 0
		},
		{
			"names": [
				"Tuer_A_Li_Gr"
			],
			"positionDefinitions": [
				"DoorAFlipped",
				"DoorA"
			],
			"condition": "DOORS_OPENED",
			"renderStage": "ALWAYS_ON_LIGHT",
			"doorXMultiplier": -1,
			"doorZMultiplier": 12,
			"doorAnimationType": "PLUG_SLOW_3",
			"renderFromOpeningDoorTime": 1,
			"renderUntilOpeningDoorTime": 3000,
			"renderFromClosingDoorTime": 1000000,
			"renderUntilClosingDoorTime": 1000000,
			"flashOffTime": 250,
			"flashOnTime": 250
		},
		{
			"names": [
				"Tuer_A_Li_Gr"
			],
			"positionDefinitions": [
				"DoorAFlipped",
				"DoorA"
			],
			"condition": "DOORS_OPENED",
			"renderStage": "ALWAYS_ON_LIGHT",
			"doorXMultiplier": -1,
			"doorZMultiplier": 12,
			"doorAnimationType": "PLUG_SLOW_3",
			"renderFromOpeningDoorTime": 3001,
			"renderUntilOpeningDoorTime": 1000000,
			"renderFromClosingDoorTime": 1000000,
			"renderUntilClosingDoorTime": 1000000,
			"flashOffTime": 0,
			"flashOnTime": 0
		},
		{
			"names": [
				"Tuer_A_Li_Ro"
			],
			"positionDefinitions": [
				"DoorAFlipped",
				"DoorA"
			],
			"condition": "DOORS_OPENED",
			"renderStage": "ALWAYS_ON_LIGHT",
			"doorXMultiplier": -1,
			"doorZMultiplier": 12,
			"doorAnimationType": "PLUG_SLOW_3",
			"renderFromOpeningDoorTime": 1000000,
			"renderUntilOpeningDoorTime": 1000000,
			"renderFromClosingDoorTime": 1,
			"renderUntilClosingDoorTime": 5000,
			"flashOffTime": 250,
			"flashOnTime": 250
		},
		{
			"names": [
				"Tuer_B_Li_Gr"
			],
			"positionDefinitions": [
				"DoorAFlipped",
				"DoorA"
			],
			"condition": "DOORS_OPENED",
			"renderStage": "ALWAYS_ON_LIGHT",
			"doorXMultiplier": -1,
			"doorZMultiplier": -12,
			"doorAnimationType": "PLUG_SLOW_3",
			"renderFromOpeningDoorTime": 1,
			"renderUntilOpeningDoorTime": 3000,
			"renderFromClosingDoorTime": 1000000,
			"renderUntilClosingDoorTime": 1000000,
			"flashOffTime": 250,
			"flashOnTime": 250
		},
		{
			"names": [
				"Tuer_B_Li_Gr"
			],
			"positionDefinitions": [
				"DoorAFlipped",
				"DoorA"
			],
			"condition": "DOORS_OPENED",
			"renderStage": "ALWAYS_ON_LIGHT",
			"doorXMultiplier": -1,
			"doorZMultiplier": -12,
			"doorAnimationType": "PLUG_SLOW_3",
			"renderFromOpeningDoorTime": 3001,
			"renderUntilOpeningDoorTime": 1000000,
			"renderFromClosingDoorTime": 1000000,
			"renderUntilClosingDoorTime": 1000000,
			"flashOffTime": 0,
			"flashOnTime": 0
		},
		{
			"names": [
				"Tuer_B_Li_Ro"
			],
			"positionDefinitions": [
				"DoorAFlipped",
				"DoorA"
			],
			"condition": "DOORS_OPENED",
			"renderStage": "ALWAYS_ON_LIGHT",
			"doorXMultiplier": -1,
			"doorZMultiplier": -12,
			"doorAnimationType": "PLUG_SLOW_3",
			"renderFromOpeningDoorTime": 1000000,
			"renderUntilOpeningDoorTime": 1000000,
			"renderFromClosingDoorTime": 1,
			"renderUntilClosingDoorTime": 5000,
			"flashOffTime": 250,
			"flashOnTime": 250
		},
		{
			"names": [
				"Aussenanz_L_E"
			],
			"positionDefinitions": [
				"Middle"
			],
			"type": "DISPLAY",
			"displayColor": "DBDBDB",
			"displayOptions": [
				"ALIGN_CENTER"
			],
			"displayType": "ROUTE_NUMBER",
			"displayDefaultText": "-"
		},
		{
			"names": [
				"Aussenanz_Z_E"
			],
			"positionDefinitions": [
				"Middle"
			],
			"type": "DISPLAY",
			"displayColor": "DBDBDB",
			"displayOptions": [
				"ALIGN_CENTER"
			],
			"displayType": "DESTINATION",
			"displayDefaultText": "Außer Dienst"
		},
		{
			"names": [
				"Aussenanz_Farbe_E"
			],
			"positionDefinitions": [
				"Middle"
			],
			"type": "DISPLAY",
			"displayXPadding": 0.05,
			"displayZPadding": 0.05,
			"displayType": "ROUTE_COLOR"
		},
		{
			"names": [
				"Fahrgastfernsehen_Hintergrund_KK"
			],
			"positionDefinitions": [
				"Innen_KKFlipped"
			],
			"renderStage": "LIGHT"
		},
		{
			"names": [
				"Fahrgastfernsehen_Hintergrund_FST"
			],
			"positionDefinitions": [
				"Middle"
			],
			"renderStage": "LIGHT"
		},
		{
			"names": [
				"Innenanz_Farbe_KK"
			],
			"positionDefinitions": [
				"Innen_KKFlipped"
			],
			"type": "DISPLAY",
			"displayType": "ROUTE_COLOR"
		},
		{
			"names": [
				"Innenanz_Farbe_FST"
			],
			"positionDefinitions": [
				"Middle"
			],
			"type": "DISPLAY",
			"displayType": "ROUTE_COLOR"
		},
		{
			"names": [
				"Innenanz_L_KK"
			],
			"positionDefinitions": [
				"Innen_KKFlipped"
			],
			"type": "DISPLAY",
			"displayColor": "DBDBDB",
			"displayOptions": [
				"ALIGN_CENTER"
			],
			"displayType": "ROUTE_NUMBER",
			"displayDefaultText": "-"
		},
		{
			"names": [
				"Innenanz_Z_KK"
			],
			"positionDefinitions": [
				"Innen_KKFlipped"
			],
			"type": "DISPLAY",
			"displayColor": "DBDBDB",
			"displayXPadding": 0.1,
			"displayOptions": [
				"ALIGN_LEFT",
				"SINGLE_LINE",
				"CYCLE_LANGUAGES"
			],
			"displayType": "DESTINATION",
			"displayDefaultText": "Außer Dienst"
		},
		{
			"names": [
				"Innenanz_H_KK"
			],
			"positionDefinitions": [
				"Innen_KKFlipped"
			],
			"type": "DISPLAY",
			"displayXPadding": 0.1,
			"displayColor": "212121",
			"displayOptions": [
				"ALIGN_LEFT"
			],
			"displayType": "NEXT_STATION",
			"displayDefaultText": "Sie sollten nicht hier sein!"
		},		
		{
			"names": [
				"Innenanz_L_FST"
			],
			"positionDefinitions": [
				"Middle"
			],
			"type": "DISPLAY",
			"displayColor": "DBDBDB",
			"displayOptions": [
				"ALIGN_CENTER"
			],
			"displayType": "ROUTE_NUMBER",
			"displayDefaultText": "-"
		},
		{
			"names": [
				"Innenanz_Z_FST"
			],
			"positionDefinitions": [
				"Middle"
			],
			"type": "DISPLAY",
			"displayColor": "DBDBDB",
			"displayXPadding": 0.1,
			"displayOptions": [
				"ALIGN_LEFT",
				"SINGLE_LINE",
				"CYCLE_LANGUAGES"
			],
			"displayType": "DESTINATION",
			"displayDefaultText": "Außer Dienst"
		},
		{
			"names": [
				"Innenanz_H_FST"
			],
			"positionDefinitions": [
				"Middle"
			],
			"type": "DISPLAY",
			"displayXPadding": 0.1,
			"displayColor": "212121",
			"displayOptions": [
				"ALIGN_LEFT"
			],
			"displayType": "NEXT_STATION",
			"displayDefaultText": "Sie sollten nicht hier sein!"
		}
	],
	"modelYOffset": 1,
	"gangwayInnerSideResource": "mtr:textures/gangway/m_train_side.png",
	"gangwayInnerTopResource": "mtr:textures/gangway/m_train_roof.png",
	"gangwayInnerBottomResource": "mtr:textures/gangway/m_train_floor.png",
	"gangwayOuterSideResource": "mtr:textures/dummy.png",
	"gangwayOuterTopResource": "mtr:textures/dummy.png",
	"gangwayOuterBottomResource": "mtr:textures/dummy.png",
	"gangwayWidth": 1.5,
	"gangwayHeight": 2.125,
	"gangwayYOffset": 1,
	"gangwayZOffset": 0.5
}
