{
	"parts": [
		{
			"names": [
				"Innenraum_M_Sml"
			],
			"positionDefinitions": [
				"InnenMSml_A"
			],
			"renderStage": "INTERIOR"
		},
		{
			"names": [
				"FUNCT_BodenM_Sml"
			],
			"positionDefinitions": [
				"InnenMSml_A"
			],
			"type": "FLOOR"
		}		
	],
	"modelYOffset": 1,
	"gangwayInnerSideResource": "mtr:textures/dummy.png",
	"gangwayInnerTopResource": "mtr:textures/dummy.png",
	"gangwayInnerBottomResource": "mtr:textures/dummy.png",
	"gangwayOuterSideResource": "mtr:textures/gangway/sp1900_exterior.png",
	"gangwayOuterTopResource": "mtr:textures/gangway/sp1900_exterior.png",
	"gangwayOuterBottomResource": "mtr:textures/gangway/sp1900_exterior.png",
	"gangwayWidth": 2.35,
	"gangwayHeight": 2.725,
	"gangwayYOffset": 0.775,
	"gangwayZOffset": 0.5
}
