{
	"parts": [
		{
			"names": [
				"Front"
			],
			"positionDefinitions": [
				"InnenFSTMini_B"
			],
			"renderStage": "EXTERIOR"
		},
		{
			"names": [
				"FrontSeite"
			],
			"positionDefinitions": [
				"InnenFSTMini_B"
			],
			"renderStage": "EXTERIOR"
		},
		{
			"names": [
				"Innenraum_FST"
			],
			"positionDefinitions": [
				"InnenFSTMini_B"
			],
			"renderStage": "INTERIOR"
		},
		{
			"names": [
				"Voutenklappen_EMini"
			],
			"positionDefinitions": [
				"MiddleFlipped"
			],
			"renderStage": "INTERIOR"
		},
		{
			"names": [
				"Innenraum_KK"
			],
			"positionDefinitions": [
				"InnenKKMini_B"
			],
			"renderStage": "INTERIOR"
		},
		{
			"names": [
				"Innenraum_T_MS"
			],
			"positionDefinitions": [
				"Innen_T_Mini_B"
			],
			"renderStage": "INTERIOR"
		},
		{
			"names": [
				"AussenwandMini"
			],
			"positionDefinitions": [
				"MiddleFlipped"
			],
			"renderStage": "EXTERIOR"
		},
		{
			"names": [
				"Innenbeleuchtung_EMini"
			],
			"positionDefinitions": [
				"MiddleFlipped"
			],
			"renderStage": "LIGHT"
		},
		{
			"names": [
				"FUNCT_BodenFST"
			],
			"positionDefinitions": [
				"InnenFSTMini_B"
			],
			"type": "FLOOR"
		},
		{
			"names": [
				"FUNCT_BodenT"
			],
			"positionDefinitions": [
				"Innen_T_Mini_B"
			],
			"type": "FLOOR"
		},
		{
			"names": [
				"FUNCT_BodenKK"
			],
			"positionDefinitions": [
				"InnenKKMini_B"
			],
			"type": "FLOOR"
		},
		{
			"names": [
				"FUNCT_Tuer"
			],
			"positionDefinitions": [
				"DoorBMini",
				"DoorBMiniFlipped"
			],
			"type": "DOORWAY"
		},
		{
			"names": [
				"Tuer_A"
			],
			"positionDefinitions": [
				"DoorBMini",
				"DoorBMiniFlipped"
			],
			"renderStage": "EXTERIOR",
			"doorXMultiplier": -1,
			"doorZMultiplier": 12,
			"doorAnimationType": "PLUG_SLOW_2"
		},
		{
			"names": [
				"Tuer_AInnen"
			],
			"positionDefinitions": [
				"DoorBMini",
				"DoorBMiniFlipped"
			],
			"renderStage": "INTERIOR",
			"doorXMultiplier": -1,
			"doorZMultiplier": 12,
			"doorAnimationType": "PLUG_SLOW_2"
		},
		{
			"names": [
				"Tuer_B"
			],
			"positionDefinitions": [
				"DoorBMini",
				"DoorBMiniFlipped"
			],
			"renderStage": "EXTERIOR",
			"doorXMultiplier": -1,
			"doorZMultiplier": -12,
			"doorAnimationType": "PLUG_SLOW_2"
		},
		{
			"names": [
				"Tuer_BInnen"
			],
			"positionDefinitions": [
				"DoorBMini",
				"DoorBMiniFlipped"
			],
			"renderStage": "INTERIOR",
			"doorXMultiplier": -1,
			"doorZMultiplier": -12,
			"doorAnimationType": "PLUG_SLOW_2"
		},
		{
			"names": [
				"Tuerschliesslicht"
			],
			"positionDefinitions": [
				"DoorBMini",
				"DoorBMiniFlipped"
			],
			"condition": "DOORS_OPENED",
			"renderStage": "ALWAYS_ON_LIGHT",
			"doorXMultiplier": 0.0001,
			"doorZMultiplier": 0,
			"doorAnimationType": "PLUG_SLOW_2",
			"renderFromOpeningDoorTime": 1000000,
			"renderUntilOpeningDoorTime": 1000000,
			"renderFromClosingDoorTime": 1,
			"renderUntilClosingDoorTime": 4097,
			"flashOffTime": 512,
			"flashOnTime": 512
		},
		{
			"names": [
				"Tuertaster"
			],
			"positionDefinitions": [
				"DoorBMini",
				"DoorBMiniFlipped"
			],
			"condition": "DOORS_OPENED",
			"renderStage": "ALWAYS_ON_LIGHT",
			"doorXMultiplier": -1,
			"doorZMultiplier": -12,
			"doorAnimationType": "PLUG_SLOW_2",
			"renderFromOpeningDoorTime": 1,
			"renderUntilOpeningDoorTime": 1000000,
			"renderFromClosingDoorTime": 1000000,
			"renderUntilClosingDoorTime": 1000000,
			"flashOffTime": 0,
			"flashOnTime": 0
		},
		{
			"names": [
				"Aussenanz_L_E_Mini"
			],
			"positionDefinitions": [
				"MiddleFlipped"
			],
			"type": "DISPLAY",
			"displayColor": "ff9900",
			"displayOptions": [
				"ALIGN_CENTER"
			],
			"displayType": "ROUTE_NUMBER",
			"displayDefaultText": "-"
		},
		{
			"names": [
				"Aussenanz_Z_E_Mini"
			],
			"positionDefinitions": [
				"MiddleFlipped"
			],
			"type": "DISPLAY",
			"displayColor": "ff9900",
			"displayOptions": [
				"ALIGN_CENTER"
			],
			"displayType": "DESTINATION",
			"displayDefaultText": "Außer Dienst"
		},
		{
			"names": [
				"Fahrgastfernsehen_Hintergrund_KK"
			],
			"positionDefinitions": [
				"InnenKKMini_B"
			],
			"renderStage": "LIGHT"
		},
		{
			"names": [
				"Fahrgastfernsehen_Hintergrund_FST"
			],
			"positionDefinitions": [
				"InnenFSTMini_B"
			],
			"renderStage": "LIGHT"
		},
		{
			"names": [
				"Innenanz_Farbe_KK"
			],
			"positionDefinitions": [
				"InnenKKMini_B"
			],
			"type": "DISPLAY",
			"displayType": "ROUTE_COLOR"
		},
		{
			"names": [
				"Innenanz_Farbe_FST"
			],
			"positionDefinitions": [
				"InnenFSTMini_B"
			],
			"type": "DISPLAY",
			"displayType": "ROUTE_COLOR"
		},
		{
			"names": [
				"Innenanz_L_KK"
			],
			"positionDefinitions": [
				"InnenKKMini_B"
			],
			"type": "DISPLAY",
			"displayColor": "DBDBDB",
			"displayOptions": [
				"ALIGN_CENTER",
				"SINGLE_LINE"
			],
			"displayType": "ROUTE_NUMBER",
			"displayDefaultText": "-"
		},
		{
			"names": [
				"Innenanz_Z_KK"
			],
			"positionDefinitions": [
				"InnenKKMini_B"
			],
			"type": "DISPLAY",
			"displayColor": "DBDBDB",
			"displayOptions": [
				"ALIGN_CENTER",
				"SINGLE_LINE"
			],
			"displayType": "DESTINATION",
			"displayDefaultText": "Außer Dienst"
		},
		{
			"names": [
				"Innenanz_H_KK"
			],
			"positionDefinitions": [
				"InnenKKMini_B"
			],
			"type": "DISPLAY",
			"displayColor": "212121",
			"displayOptions": [
				"ALIGN_CENTER",
				"SINGLE_LINE"
			],
			"displayType": "NEXT_STATION",
			"displayDefaultText": "Sie sollten nicht hier sein!"
		},		
		{
			"names": [
				"Innenanz_L_FST"
			],
			"positionDefinitions": [
				"InnenFSTMini_B"
			],
			"type": "DISPLAY",
			"displayColor": "DBDBDB",
			"displayOptions": [
				"ALIGN_CENTER",
				"SINGLE_LINE"
			],
			"displayType": "ROUTE_NUMBER",
			"displayDefaultText": "-"
		},
		{
			"names": [
				"Innenanz_Z_FST"
			],
			"positionDefinitions": [
				"InnenFSTMini_B"
			],
			"type": "DISPLAY",
			"displayColor": "DBDBDB",
			"displayOptions": [
				"ALIGN_CENTER",
				"SINGLE_LINE"
			],
			"displayType": "DESTINATION",
			"displayDefaultText": "Außer Dienst"
		},
		{
			"names": [
				"Innenanz_H_FST"
			],
			"positionDefinitions": [
				"InnenFSTMini_B"
			],
			"type": "DISPLAY",
			"displayColor": "212121",
			"displayOptions": [
				"ALIGN_CENTER",
				"SINGLE_LINE"
			],
			"displayType": "NEXT_STATION",
			"displayDefaultText": "Sie sollten nicht hier sein!"
		}
	],
	"modelYOffset": 1,
	"gangwayInnerSideResource": "mtr:textures/gangway/m_train_side.png",
	"gangwayInnerTopResource": "mtr:textures/gangway/m_train_roof.png",
	"gangwayInnerBottomResource": "mtr:textures/gangway/m_train_floor.png",
	"gangwayOuterSideResource": "mtr:textures/dummy.png",
	"gangwayOuterTopResource": "mtr:textures/dummy.png",
	"gangwayOuterBottomResource": "mtr:textures/dummy.png",
	"gangwayWidth": 1.5,
	"gangwayHeight": 2.125,
	"gangwayYOffset": 1,
	"gangwayZOffset": 0.5
}
