{
	"parts": [
		{
			"names": [
				"Front"
			],
			"positionDefinitions": [
				"FrontSml_B"
			],
			"renderStage": "EXTERIOR"
		},
		{
			"names": [
				"FrontSeiteOhneTuer"
			],
			"positionDefinitions": [
				"FrontSml_B"
			],
			"renderStage": "EXTERIOR"
		},
		{
			"names": [
				"Voutenklappen_EMini"
			],
			"positionDefinitions": [
				"VoutSml_B"
			],
			"renderStage": "INTERIOR"
		},
		{
			"names": [
				"Innenraum_KK"
			],
			"positionDefinitions": [
				"KKSml_B"
			],
			"renderStage": "INTERIOR"
		},
		{
			"names": [
				"Innenraum_T_MS"
			],
			"positionDefinitions": [
				"TSml_B"
			],
			"renderStage": "INTERIOR"
		},
		{
			"names": [
				"Innenraum_M_Sml"
			],
			"positionDefinitions": [
				"MiddleFlipped"
			],
			"renderStage": "INTERIOR"
		},
		{
			"names": [
				"Innenraum_ET"
			],
			"positionDefinitions": [
				"MiddleFlipped"
			],
			"renderStage": "INTERIOR"
		},
		{
			"names": [
				"AussenwandSml"
			],
			"positionDefinitions": [
				"MiddleFlipped"
			],
			"renderStage": "EXTERIOR"
		},
		{
			"names": [
				"Innenbeleuchtung_EMini"
			],
			"positionDefinitions": [
				"VoutSml_B"
			],
			"renderStage": "LIGHT"
		},
		{
			"names": [
				"Innenbeleuchtung_ESml"
			],
			"positionDefinitions": [
				"MiddleFlipped"
			],
			"renderStage": "LIGHT"
		},
		{
			"names": [
				"FUNCT_BodenT"
			],
			"positionDefinitions": [
				"TSml_B"
			],
			"type": "FLOOR"
		},
		{
			"names": [
				"FUNCT_BodenKK"
			],
			"positionDefinitions": [
				"KKSml_B"
			],
			"type": "FLOOR"
		},
		{
			"names": [
				"FUNCT_BodenMSml"
			],
			"positionDefinitions": [
				"MiddleFlipped"
			],
			"type": "FLOOR"
		},
		{
			"names": [
				"FUNCT_BodenEinzeltuer"
			],
			"positionDefinitions": [
				"MiddleFlipped"
			],
			"type": "FLOOR"
		},
		{
			"names": [
				"FUNCT_Tuer"
			],
			"positionDefinitions": [
				"DoorBSml",
				"DoorBSmlFlipped"
			],
			"type": "DOORWAY"
		},
		{
			"names": [
				"FUNCT_EinzelTuer"
			],
			"positionDefinitions": [
				"SingleDoorBSml",
				"SingleDoorBSmlFlipped"
			],
			"type": "DOORWAY"
		},
		{
			"names": [
				"Tuer_A"
			],
			"positionDefinitions": [
				"DoorBSml",
				"DoorBSmlFlipped"
			],
			"renderStage": "EXTERIOR",
			"doorXMultiplier": -1,
			"doorZMultiplier": 12,
			"doorAnimationType": "PLUG_SLOW_2"
		},
		{
			"names": [
				"Tuer_AInnen"
			],
			"positionDefinitions": [
				"DoorBSml",
				"DoorBSmlFlipped"
			],
			"renderStage": "INTERIOR",
			"doorXMultiplier": -1,
			"doorZMultiplier": 12,
			"doorAnimationType": "PLUG_SLOW_2"
		},
		{
			"names": [
				"Tuer_B"
			],
			"positionDefinitions": [
				"DoorBSml",
				"DoorBSmlFlipped"
			],
			"renderStage": "EXTERIOR",
			"doorXMultiplier": -1,
			"doorZMultiplier": -12,
			"doorAnimationType": "PLUG_SLOW_2"
		},
		{
			"names": [
				"Tuer_BInnen"
			],
			"positionDefinitions": [
				"DoorBSml",
				"DoorBSmlFlipped"
			],
			"renderStage": "INTERIOR",
			"doorXMultiplier": -1,
			"doorZMultiplier": -12,
			"doorAnimationType": "PLUG_SLOW_2"
		},
		{
			"names": [
				"EinzelTuer_A"
			],
			"positionDefinitions": [
				"SingleDoorBSml"
			],
			"renderStage": "EXTERIOR",
			"doorXMultiplier": -1,
			"doorZMultiplier": 14,
			"doorAnimationType": "PLUG_SLOW_2"
		},
		{
			"names": [
				"EinzelTuerTechnikA"
			],
			"positionDefinitions": [
				"SingleDoorBSml"
			],
			"renderStage": "EXTERIOR",
			"doorXMultiplier": -1,
			"doorZMultiplier": 7,
			"doorAnimationType": "PLUG_SLOW_2"
		},
		{
			"names": [
				"EinzelTuer_AInnen"
			],
			"positionDefinitions": [
				"SingleDoorBSml"
			],
			"renderStage": "INTERIOR",
			"doorXMultiplier": -1,
			"doorZMultiplier": 14,
			"doorAnimationType": "PLUG_SLOW_2"
		},
		{
			"names": [
				"EinzelTuer_B"
			],
			"positionDefinitions": [
				"SingleDoorBSmlFlipped"
			],
			"renderStage": "EXTERIOR",
			"doorXMultiplier": -1,
			"doorZMultiplier": -14,
			"doorAnimationType": "PLUG_SLOW_2"
		},
		{
			"names": [
				"EinzelTuerTechnikB"
			],
			"positionDefinitions": [
				"SingleDoorBSmlFlipped"
			],
			"renderStage": "EXTERIOR",
			"doorXMultiplier": -1,
			"doorZMultiplier": -7,
			"doorAnimationType": "PLUG_SLOW_2"
		},
		{
			"names": [
				"EinzelTuer_BInnen"
			],
			"positionDefinitions": [
				"SingleDoorBSmlFlipped"
			],
			"renderStage": "INTERIOR",
			"doorXMultiplier": -1,
			"doorZMultiplier": -14,
			"doorAnimationType": "PLUG_SLOW_2"
		},
		{
			"names": [
				"Tuerschliesslicht"
			],
			"positionDefinitions": [
				"DoorBSml",
				"DoorBSmlFlipped",
				"SingleDoorBSml",
				"SingleDoorBSmlFlipped"
			],
			"condition": "DOORS_OPENED",
			"renderStage": "ALWAYS_ON_LIGHT",
			"doorXMultiplier": 0.0001,
			"doorZMultiplier": 0,
			"doorAnimationType": "PLUG_SLOW_2",
			"renderFromOpeningDoorTime": 1000000,
			"renderUntilOpeningDoorTime": 1000000,
			"renderFromClosingDoorTime": 1,
			"renderUntilClosingDoorTime": 4097,
			"flashOffTime": 512,
			"flashOnTime": 512
		},
		{
			"names": [
				"Tuertaster"
			],
			"positionDefinitions": [
				"DoorBSml",
				"DoorBSmlFlipped"
			],
			"condition": "DOORS_OPENED",
			"renderStage": "ALWAYS_ON_LIGHT",
			"doorXMultiplier": -1,
			"doorZMultiplier": -12,
			"doorAnimationType": "PLUG_SLOW_2",
			"renderFromOpeningDoorTime": 1,
			"renderUntilOpeningDoorTime": 1000000,
			"renderFromClosingDoorTime": 1000000,
			"renderUntilClosingDoorTime": 1000000,
			"flashOffTime": 0,
			"flashOnTime": 0
		},
		{
			"names": [
				"Tuertaster_Einzel_A"
			],
			"positionDefinitions": [
				"SingleDoorBSml"
			],
			"condition": "DOORS_OPENED",
			"renderStage": "ALWAYS_ON_LIGHT",
			"doorXMultiplier": -1,
			"doorZMultiplier": 14,
			"doorAnimationType": "PLUG_SLOW_2",
			"renderFromOpeningDoorTime": 1,
			"renderUntilOpeningDoorTime": 1000000,
			"renderFromClosingDoorTime": 1000000,
			"renderUntilClosingDoorTime": 1000000,
			"flashOffTime": 0,
			"flashOnTime": 0
		},
		{
			"names": [
				"Tuertaster_Einzel_B"
			],
			"positionDefinitions": [
				"SingleDoorBSmlFlipped"
			],
			"condition": "DOORS_OPENED",
			"renderStage": "ALWAYS_ON_LIGHT",
			"doorXMultiplier": -1,
			"doorZMultiplier": -14,
			"doorAnimationType": "PLUG_SLOW_2",
			"renderFromOpeningDoorTime": 1,
			"renderUntilOpeningDoorTime": 1000000,
			"renderFromClosingDoorTime": 1000000,
			"renderUntilClosingDoorTime": 1000000,
			"flashOffTime": 0,
			"flashOnTime": 0
		},
		{
			"names": [
				"Aussenanz_L_E_Sml"
			],
			"positionDefinitions": [
				"MiddleFlipped"
			],
			"type": "DISPLAY",
			"displayColor": "2EED29",
			"displayOptions": [
				"ALIGN_CENTER"
			],
			"displayType": "ROUTE_NUMBER",
			"displayDefaultText": "-"
		},
		{
			"names": [
				"Aussenanz_Z_E_Sml"
			],
			"positionDefinitions": [
				"MiddleFlipped"
			],
			"type": "DISPLAY",
			"displayColor": "2EED29",
			"displayOptions": [
				"ALIGN_CENTER"
			],
			"displayType": "DESTINATION",
			"displayDefaultText": "Außer Dienst"
		},
		{
			"names": [
				"Innenanz_L_KK"
			],
			"positionDefinitions": [
				"KKSml_B"
			],
			"type": "DISPLAY",
			"displayColor": "2EED29",
			"displayOptions": [
				"ALIGN_CENTER",
				"SINGLE_LINE"
			],
			"displayType": "ROUTE_NUMBER",
			"displayDefaultText": "-"
		},
		{
			"names": [
				"Innenanz_Z_KK"
			],
			"positionDefinitions": [
				"KKSml_B"
			],
			"type": "DISPLAY",
			"displayColor": "2EED29",
			"displayOptions": [
				"ALIGN_CENTER",
				"SINGLE_LINE"
			],
			"displayType": "DESTINATION",
			"displayDefaultText": "Außer Dienst"
		},
		{
			"names": [
				"Innenanz_H_KK"
			],
			"positionDefinitions": [
				"KKSml_B"
			],
			"type": "DISPLAY",
			"displayColor": "2EED29",
			"displayOptions": [
				"ALIGN_CENTER",
				"SINGLE_LINE"
			],
			"displayType": "NEXT_STATION",
			"displayDefaultText": "Sie sollten nicht hier sein!"
		},		
		{
			"names": [
				"Innenanz_L_FST"
			],
			"positionDefinitions": [
				"FrontSml_B"
			],
			"type": "DISPLAY",
			"displayColor": "2EED29",
			"displayOptions": [
				"ALIGN_CENTER",
				"SINGLE_LINE"
			],
			"displayType": "ROUTE_NUMBER",
			"displayDefaultText": "-"
		},
		{
			"names": [
				"Innenanz_Z_FST"
			],
			"positionDefinitions": [
				"FrontSml_B"
			],
			"type": "DISPLAY",
			"displayColor": "2EED29",
			"displayOptions": [
				"ALIGN_CENTER",
				"SINGLE_LINE"
			],
			"displayType": "DESTINATION",
			"displayDefaultText": "Außer Dienst"
		},
		{
			"names": [
				"Innenanz_H_FST"
			],
			"positionDefinitions": [
				"FrontSml_B"
			],
			"type": "DISPLAY",
			"displayColor": "2EED29",
			"displayOptions": [
				"ALIGN_CENTER",
				"SINGLE_LINE"
			],
			"displayType": "NEXT_STATION",
			"displayDefaultText": "Sie sollten nicht hier sein!"
		}
	],
	"modelYOffset": 1,
	"gangwayInnerSideResource": "mtr:textures/gangway/m_train_side.png",
	"gangwayInnerTopResource": "mtr:textures/gangway/m_train_roof.png",
	"gangwayInnerBottomResource": "mtr:textures/gangway/m_train_floor.png",
	"gangwayOuterSideResource": "mtr:textures/dummy.png",
	"gangwayOuterTopResource": "mtr:textures/dummy.png",
	"gangwayOuterBottomResource": "mtr:textures/dummy.png",
	"gangwayWidth": 1.5,
	"gangwayHeight": 2.125,
	"gangwayYOffset": 1,
	"gangwayZOffset": 0.5
}
