{
	"parts": [
		{
			"names": [
				"Scheinwerfer"
			],
			"positionDefinitions": [
				"MiddleFlipped"
			],
			"renderStage": "ALWAYS_ON_LIGHT",
			"condition": "ON_ROUTE_BACKWARDS"
		},
		{
			"names": [
				"Ruecklicht"
			],
			"positionDefinitions": [
				"MiddleFlipped"
			],
			"renderStage": "ALWAYS_ON_LIGHT",
			"condition": "ON_ROUTE_FORWARDS"
		},
		{
			"names": [
				"Ruecklicht"
			],
			"positionDefinitions": [
				"MiddleFlipped"
			],
			"renderStage": "ALWAYS_ON_LIGHT",
			"condition": "AT_DEPOT"
		},
		{
			"names": [
				"FUNCT_BodenDrivable"
			],
			"positionDefinitions": [
				"MiddleFlipped"
			],
			"type": "FLOOR"
		},
		{
			"names": [
				"Leuchte_ZUB"
			],
			"positionDefinitions": [
				"MiddleFlipped"
			],
			"renderStage": "ALWAYS_ON_LIGHT",
			"condition": "ON_ROUTE_BACKWARDS"		
		},
		{
			"names": [
				"Leuchte_Fahrsignal"
			],
			"positionDefinitions": [
				"MiddleFlipped"
			],
			"renderStage": "ALWAYS_ON_LIGHT",
			"condition": "DOORS_CLOSED"
		},
		{
			"names": [
				"Leuchte_Tuerfreigabe"
			],
			"positionDefinitions": [
				"MiddleFlipped"
			],
			"renderStage": "ALWAYS_ON_LIGHT",
			"condition": "DOORS_OPENED"
		},
		{
			"names": [
				"IBIS"
			],
			"positionDefinitions": [
				"MiddleFlipped"
			],
			"renderStage": "ALWAYS_ON_LIGHT",
			"condition": "ON_ROUTE_BACKWARDS"
		},
		{
			"names": [
				"IBIS_Linie"
			],
			"positionDefinitions": [
				"MiddleFlipped"
			],
			"type": "DISPLAY",
			"displayColor": "DBDBDB",
			"displayXPadding": 0.125,
			"displayYPadding": 0.25,
			"displayOptions": [
				"ALIGN_CENTER",
				"SINGLE_LINE"
			],
			"displayType": "ROUTE_NUMBER",
			"displayDefaultText": "-",
			"condition": "ON_ROUTE_BACKWARDS"
		},
		{
			"names": [
				"IBIS_Kurs"
			],
			"positionDefinitions": [
				"MiddleFlipped"
			],
			"type": "DISPLAY",
			"displayColor": "DBDBDB",
			"displayXPadding": 0.125,
			"displayYPadding": 0.25,
			"displayPadZeros": 2,
			"displayOptions": [
				"ALIGN_CENTER",
				"SINGLE_LINE"
			],
			"displayType": "DEPARTURE_INDEX",
			"displayDefaultText": "-",
			"condition": "ON_ROUTE_BACKWARDS"
		},
		{
			"names": [
				"IBIS_Ziel"
			],
			"positionDefinitions": [
				"MiddleFlipped"
			],
			"type": "DISPLAY",
			"displayColor": "DBDBDB",
			"displayXPadding": 0.25,
			"displayYPadding": 0.375,
			"displayOptions": [
				"ALIGN_CENTER",
				"UPPER_CASE",
				"SINGLE_LINE"
			],
			"displayType": "DESTINATION",
			"displayDefaultText": "Außer Dienst",
			"condition": "ON_ROUTE_BACKWARDS"
		},
		{
			"names": [
				"IBIS_Halt"
			],
			"positionDefinitions": [
				"MiddleFlipped"
			],
			"type": "DISPLAY",
			"displayColor": "DBDBDB",
			"displayXPadding": 0.25,
			"displayYPadding": 0.375,
			"displayOptions": [
				"ALIGN_CENTER",
				"SINGLE_LINE"
			],
			"displayType": "NEXT_STATION",
			"displayDefaultText": "Außer Dienst",
			"condition": "ON_ROUTE_BACKWARDS"
		}
	],
	"modelYOffset": 1
}
