{"vehicles":[{"id":"metrocar_cityrail_rr_cab_1","name":"Cityrail Class 599 (Metrocar) Forward Cab ","color":"1C1C84","transportMode":"TRAIN","length":14.0,"width":2.0,"bogie1Position":-3.5,"bogie2Position":7.0,"couplingPadding1":0.0,"couplingPadding2":0.0,"description":"","wikipediaArticle":"Tyne_and_Wear_Metrocar","tags":[],"models":[{"modelResource":"mtr:szandorthe13th/trains/metrocar/metrocar.bbmodel","textureResource":"mtr:metrocar_cityrail_rr.png","modelPropertiesResource":"mtr:szandorthe13th/trains/metrocar/properties_metrocar_f.json","positionDefinitionsResource":"mtr:szandorthe13th/trains/metrocar/definition_metrocar_f.json","flipTextureV":true}],"bogie1Models":[{"modelResource":"mtr:models/vehicle/bogie_1.bbmodel","textureResource":"mtr:textures/vehicle/bogie_1.png","modelPropertiesResource":"mtr:properties/vehicle/bogie_1.json","positionDefinitionsResource":"mtr:properties/definition/origin.json","flipTextureV":true}],"bogie2Models":[{"modelResource":"mtr:models/vehicle/bogie_1.bbmodel","textureResource":"mtr:textures/vehicle/bogie_1.png","modelPropertiesResource":"mtr:properties/vehicle/bogie_1.json","positionDefinitionsResource":"mtr:properties/definition/origin.json","flipTextureV":true}],"hasGangway1":false,"hasGangway2":true,"hasBarrier1":false,"hasBarrier2":false,"legacyRiderOffset":0.0,"bveSoundBaseResource":"metrocar","legacySpeedSoundBaseResource":"","legacySpeedSoundCount":1,"legacyUseAccelerationSoundsWhenCoasting":false,"legacyConstantPlaybackSpeed":false,"legacyDoorSoundBaseResource":"","legacyDoorCloseSoundTime":0.0},{"id":"metrocar_cityrail_rr_cab_2","name":"Cityrail Class 599 (Metrocar) Backward Cab","color":"1C1C84","transportMode":"TRAIN","length":14.0,"width":2.0,"bogie1Position":-7.0,"bogie2Position":3.5,"couplingPadding1":0.0,"couplingPadding2":0.0,"description":"","wikipediaArticle":"Tyne_and_Wear_Metrocar","tags":[],"models":[{"modelResource":"mtr:szandorthe13th/trains/metrocar/metrocar.bbmodel","textureResource":"mtr:metrocar_cityrail_rr.png","modelPropertiesResource":"mtr:szandorthe13th/trains/metrocar/properties_metrocar_b.json","positionDefinitionsResource":"mtr:szandorthe13th/trains/metrocar/definition_metrocar_b.json","flipTextureV":true}],"bogie1Models":[{"modelResource":"mtr:models/vehicle/bogie_1.bbmodel","textureResource":"mtr:textures/vehicle/bogie_1.png","modelPropertiesResource":"mtr:properties/vehicle/bogie_1.json","positionDefinitionsResource":"mtr:properties/definition/origin.json","flipTextureV":true}],"bogie2Models":[{"modelResource":"mtr:models/vehicle/bogie_1.bbmodel","textureResource":"mtr:textures/vehicle/bogie_1.png","modelPropertiesResource":"mtr:properties/vehicle/bogie_1.json","positionDefinitionsResource":"mtr:properties/definition/origin.json","flipTextureV":true}],"hasGangway1":true,"hasGangway2":false,"hasBarrier1":false,"hasBarrier2":false,"legacyRiderOffset":0.0,"bveSoundBaseResource":"metrocar","legacySpeedSoundBaseResource":"","legacySpeedSoundCount":1,"legacyUseAccelerationSoundsWhenCoasting":false,"legacyConstantPlaybackSpeed":false,"legacyDoorSoundBaseResource":"","legacyDoorCloseSoundTime":0.0}],"signs":[],"rails":[],"objects":[]}