{
	"parts": [
		{
			"names": [
				"end_interior_wall"
			],
			"positionDefinitions": [
				"end2"
			],
			"renderStage": "INTERIOR"
		},
		{
			"names": [
				"end_wall_exterior"
			],
			"positionDefinitions": [
				"end2"
			],
			"renderStage": "EXTERIOR"
		},
		{
			"names": [
				"door_light_exterior"
			],
			"positionDefinitions": [
				"end2"
			],
			"renderStage": "EXTERIOR"
		},
		{
			"names": [
				"door_light_exterior_off"
			],
			"positionDefinitions": [
				"end2"
			],
			"condition": "DOORS_CLOSED",
			"renderStage": "EXTERIOR"
		},
		{
			"names": [
				"door_light_exterior_on"
			],
			"positionDefinitions": [
				"end2"
			],
			"condition": "DOORS_OPENED",
			"renderStage": "ALWAYS_ON_LIGHT"
		},
		{
			"names": [
				"end_gangway_floor"
			],
			"positionDefinitions": [
				"end2"
			],
			"type": "FLOOR"
		}
		],
	"modelYOffset": 1
}