{
	"parts": [
		{
			"names": [
				"head_interior_wall"
			],
			"positionDefinitions": [
				"end2"
			],
			"renderStage": "INTERIOR"
		},
		{
			"names": [
				"end_head_floor"
			],
			"positionDefinitions": [
				"end2"
			],
			"type": "FLOOR"
		},
		{
			"names": [
				"head_exterior"
			],
			"positionDefinitions": [
				"end2"
			],
			"renderStage": "EXTERIOR"
		},
		{
			"names": [
				"destination_sign"
			],
			"positionDefinitions": [
				"end2"
			],
			"type": "DISPLAY",
			"displayColorCjk": "00FF00",
			"displayColor": "00FF00",
			"displayOptions": [
			"UPPER_CASE",
			"ALIGN_CENTER",
			"SINGLE_LINE"
			],
			"displayType": "DESTINATION",
			"displayDefaultText": "Legacy Fleet"
		},
		{
			"names": [
				"headlight"
			],
			"positionDefinitions": [
				"end2"
			],
			"condition": "ON_ROUTE_BACKWARDS",
			"renderStage": "ALWAYS_ON_LIGHT"
		},
		{
			"names": [
				"taillight"
			],
			"positionDefinitions": [
				"end2"
			],
			"condition": "ON_ROUTE_FORWARDS",
			"renderStage": "ALWAYS_ON_LIGHT"
		},
		{
			"names": [
				"door_light_exterior"
			],
			"positionDefinitions": [
				"end1"
			],
			"renderStage": "EXTERIOR"
		},
		{
			"names": [
				"door_light_exterior_off"
			],
			"positionDefinitions": [
				"end1"
			],
			"condition": "DOORS_CLOSED",
			"renderStage": "EXTERIOR"
		},
		{
			"names": [
				"door_light_exterior_on"
			],
			"positionDefinitions": [
				"end1"
			],
			"condition": "DOORS_OPENED",
			"renderStage": "ALWAYS_ON_LIGHT"
		}
		],
	"modelYOffset": 1
}