{
	"parts": [
		{
			"names": [
				"door_right_overlay_interior"
			],
			"positionDefinitions": [
				"door"
			],
			"renderStage": "INTERIOR",
			"doorZMultiplier": 12,
			"doorAnimationType": "R179"
		},
		{
			"names": [
				"door_right_overlay_interior"
			],
			"positionDefinitions": [
				"doorFlipped"
			],
			"renderStage": "INTERIOR",
			"doorZMultiplier": 12,
			"doorAnimationType": "R179"
		},
		{
			"names": [
				"door_left_overlay_exterior"
			],
			"positionDefinitions": [
				"door"
			],
			"renderStage": "EXTERIOR",
			"doorZMultiplier": -12,
			"doorAnimationType": "R179"
		},
		{
			"names": [
				"door_left_overlay_exterior"
			],
			"positionDefinitions": [
				"doorFlipped"
			],
			"renderStage": "EXTERIOR",
			"doorZMultiplier": -12,
			"doorAnimationType": "R179"
		}
	],
	"modelYOffset": 1
}