{
	"vehicles": [
		{
			"id": "bart_rohr_a_forwards",
			"name": "Bart Rohr A Car Forwards (Westinghouse Chopper)",
			"color": "4093F0",
			"transportMode": "TRAIN",
			"length": 21,
			"width": 2,
			"bogie1Position": -7.5,
			"bogie2Position": 7.5,
			"couplingPadding1": 2,
			"couplingPadding2": 0,
			"wikipediaArticle": "",
			"tags": [
				"family:bart_rohr_ab_chopper",
				"iso_3166:HK",
				"doors:2",
				"type:cab_1"
			],
			"models": [
				{
					"modelResource": "mtr:bart_rohr_ab/bart_rohr_ab.bbmodel",
					"textureResource": "mtr:bart_rohr_ab/bart_rohr_ab.png",
					"modelPropertiesResource": "mtr:bart_rohr_ab/bart_rohr_ab_common.json",
					"positionDefinitionsResource": "mtr:bart_rohr_ab/bart_rohr_ab_definition.json"
				},
				{
					"modelResource": "mtr:bart_rohr_ab/bart_rohr_ab.bbmodel",
					"textureResource": "mtr:bart_rohr_ab/bart_rohr_ab.png",
					"modelPropertiesResource": "mtr:bart_rohr_ab/bart_rohr_a_head_1.json",
					"positionDefinitionsResource": "mtr:bart_rohr_ab/bart_rohr_ab_definition.json"
				},
				{
					"modelResource": "mtr:bart_rohr_ab/bart_rohr_ab.bbmodel",
					"textureResource": "mtr:bart_rohr_ab/bart_rohr_ab.png",
					"modelPropertiesResource": "mtr:bart_rohr_ab/bart_rohr_ab_end_2.json",
					"positionDefinitionsResource": "mtr:bart_rohr_ab/bart_rohr_ab_definition.json"
				},
				{
					"modelResource": "mtr:bart_rohr_ab/bart_door_overlay_abc.bbmodel",
					"textureResource": "mtr:bart_rohr_ab/door_sign_left.png",
					"modelPropertiesResource": "mtr:bart_rohr_ab/bart_abc_door_left_overlay.json",
					"positionDefinitionsResource": "mtr:bart_rohr_ab/bart_rohr_ab_definition.json"
				},
				{
					"modelResource": "mtr:bart_rohr_ab/bart_door_overlay_abc.bbmodel",
					"textureResource": "mtr:bart_rohr_ab/door_sign_right.png",
					"modelPropertiesResource": "mtr:bart_rohr_ab/bart_abc_door_right_overlay.json",
					"positionDefinitionsResource": "mtr:bart_rohr_ab/bart_rohr_ab_definition.json"
				}
			],
			"bogie1Models": [
				{
					"modelResource": "mtr:models/vehicle/bogie_1.bbmodel",
					"textureResource": "mtr:textures/vehicle/bogie_1.png",
					"modelPropertiesResource": "mtr:properties/vehicle/bogie_1.json",
					"positionDefinitionsResource": "mtr:properties/definition/origin.json"
				}
			],
			"bogie2Models": [
				{
					"modelResource": "mtr:models/vehicle/bogie_1.bbmodel",
					"textureResource": "mtr:textures/vehicle/bogie_1.png",
					"modelPropertiesResource": "mtr:properties/vehicle/bogie_1.json",
					"positionDefinitionsResource": "mtr:properties/definition/origin.json"
				}
			],
			"hasGangway1": false,
			"hasGangway2": true,
			"legacySpeedSoundBaseResource": "bart_chopper",
			"legacySpeedSoundCount": 66,
			"legacyDoorSoundBaseResource": "bart_rohr_ab",
			"legacyDoorCloseSoundTime": 0.6
		},
		{
			"id": "bart_rohr_a_backwards",
			"name": "Bart Rohr A Car Backwards (Westinghouse Chopper)",
			"color": "4093F0",
			"transportMode": "TRAIN",
			"length": 21,
			"width": 2,
			"bogie1Position": -7.5,
			"bogie2Position": 7.5,
			"couplingPadding1": 0,
			"couplingPadding2": 2,
			"wikipediaArticle": "",
			"tags": [
				"family:bart_rohr_ab_chopper",
				"iso_3166:HK",
				"doors:2",
				"type:cab_2"
			],
			"models": [
				{
					"modelResource": "mtr:bart_rohr_ab/bart_rohr_ab.bbmodel",
					"textureResource": "mtr:bart_rohr_ab/bart_rohr_ab.png",
					"modelPropertiesResource": "mtr:bart_rohr_ab/bart_rohr_ab_common.json",
					"positionDefinitionsResource": "mtr:bart_rohr_ab/bart_rohr_ab_definition.json"
				},
				{
					"modelResource": "mtr:bart_rohr_ab/bart_rohr_ab.bbmodel",
					"textureResource": "mtr:bart_rohr_ab/bart_rohr_ab.png",
					"modelPropertiesResource": "mtr:bart_rohr_ab/bart_rohr_ab_end_1.json",
					"positionDefinitionsResource": "mtr:bart_rohr_ab/bart_rohr_ab_definition.json"
				},
				{
					"modelResource": "mtr:bart_rohr_ab/bart_rohr_ab.bbmodel",
					"textureResource": "mtr:bart_rohr_ab/bart_rohr_ab.png",
					"modelPropertiesResource": "mtr:bart_rohr_ab/bart_rohr_a_head_2.json",
					"positionDefinitionsResource": "mtr:bart_rohr_ab/bart_rohr_ab_definition.json"
				},
				{
					"modelResource": "mtr:bart_rohr_ab/bart_door_overlay_abc.bbmodel",
					"textureResource": "mtr:bart_rohr_ab/door_sign_left.png",
					"modelPropertiesResource": "mtr:bart_rohr_ab/bart_abc_door_left_overlay.json",
					"positionDefinitionsResource": "mtr:bart_rohr_ab/bart_rohr_ab_definition.json"
				},
				{
					"modelResource": "mtr:bart_rohr_ab/bart_door_overlay_abc.bbmodel",
					"textureResource": "mtr:bart_rohr_ab/door_sign_right.png",
					"modelPropertiesResource": "mtr:bart_rohr_ab/bart_abc_door_right_overlay.json",
					"positionDefinitionsResource": "mtr:bart_rohr_ab/bart_rohr_ab_definition.json"
				}
			],
			"bogie1Models": [
				{
					"modelResource": "mtr:models/vehicle/bogie_1.bbmodel",
					"textureResource": "mtr:textures/vehicle/bogie_1.png",
					"modelPropertiesResource": "mtr:properties/vehicle/bogie_1.json",
					"positionDefinitionsResource": "mtr:properties/definition/origin.json"
				}
			],
			"bogie2Models": [
				{
					"modelResource": "mtr:models/vehicle/bogie_1.bbmodel",
					"textureResource": "mtr:textures/vehicle/bogie_1.png",
					"modelPropertiesResource": "mtr:properties/vehicle/bogie_1.json",
					"positionDefinitionsResource": "mtr:properties/definition/origin.json"
				}
			],
			"hasGangway1": true,
			"hasGangway2": false,
			"legacySpeedSoundBaseResource": "bart_chopper",
			"legacySpeedSoundCount": 66,
			"legacyDoorSoundBaseResource": "bart_rohr_ab",
			"legacyDoorCloseSoundTime": 0.6
		},
		{
			"id": "bart_rohr_b",
			"name": "Bart Rohr B Car (Westinghouse Chopper)",
			"color": "4093F0",
			"transportMode": "TRAIN",
			"length": 21,
			"width": 2,
			"bogie1Position": -7.5,
			"bogie2Position": 7.5,
			"couplingPadding1": 0,
			"couplingPadding2": 0,
			"wikipediaArticle": "",
			"tags": [
				"family:bart_rohr_ab_chopper",
				"iso_3166:HK",
				"doors:2",
				"type:trailer"
			],
			"models": [
				{
					"modelResource": "mtr:bart_rohr_ab/bart_rohr_ab.bbmodel",
					"textureResource": "mtr:bart_rohr_ab/bart_rohr_ab.png",
					"modelPropertiesResource": "mtr:bart_rohr_ab/bart_rohr_ab_common.json",
					"positionDefinitionsResource": "mtr:bart_rohr_ab/bart_rohr_ab_definition.json"
				},
				{
					"modelResource": "mtr:bart_rohr_ab/bart_rohr_ab.bbmodel",
					"textureResource": "mtr:bart_rohr_ab/bart_rohr_ab.png",
					"modelPropertiesResource": "mtr:bart_rohr_ab/bart_rohr_ab_end_1.json",
					"positionDefinitionsResource": "mtr:bart_rohr_ab/bart_rohr_ab_definition.json"
				},
				{
					"modelResource": "mtr:bart_rohr_ab/bart_rohr_ab.bbmodel",
					"textureResource": "mtr:bart_rohr_ab/bart_rohr_ab.png",
					"modelPropertiesResource": "mtr:bart_rohr_ab/bart_rohr_ab_end_2.json",
					"positionDefinitionsResource": "mtr:bart_rohr_ab/bart_rohr_ab_definition.json"
				},
				{
					"modelResource": "mtr:bart_rohr_ab/bart_door_overlay_abc.bbmodel",
					"textureResource": "mtr:bart_rohr_ab/door_sign_left.png",
					"modelPropertiesResource": "mtr:bart_rohr_ab/bart_abc_door_left_overlay.json",
					"positionDefinitionsResource": "mtr:bart_rohr_ab/bart_rohr_ab_definition.json"
				},
				{
					"modelResource": "mtr:bart_rohr_ab/bart_door_overlay_abc.bbmodel",
					"textureResource": "mtr:bart_rohr_ab/door_sign_right.png",
					"modelPropertiesResource": "mtr:bart_rohr_ab/bart_abc_door_right_overlay.json",
					"positionDefinitionsResource": "mtr:bart_rohr_ab/bart_rohr_ab_definition.json"
				}
			],
			"bogie1Models": [
				{
					"modelResource": "mtr:models/vehicle/bogie_1.bbmodel",
					"textureResource": "mtr:textures/vehicle/bogie_1.png",
					"modelPropertiesResource": "mtr:properties/vehicle/bogie_1.json",
					"positionDefinitionsResource": "mtr:properties/definition/origin.json"
				}
			],
			"bogie2Models": [
				{
					"modelResource": "mtr:models/vehicle/bogie_1.bbmodel",
					"textureResource": "mtr:textures/vehicle/bogie_1.png",
					"modelPropertiesResource": "mtr:properties/vehicle/bogie_1.json",
					"positionDefinitionsResource": "mtr:properties/definition/origin.json"
				}
			],
			"hasGangway1": true,
			"hasGangway2": true,
			"legacySpeedSoundBaseResource": "bart_chopper",
			"legacySpeedSoundCount": 66,
			"legacyDoorSoundBaseResource": "bart_rohr_ab",
			"legacyDoorCloseSoundTime": 0.6
		},
		{
			"id": "bart_rohr_a_forwards_adtranz",
			"name": "Bart Rohr A Car Forwards (Adtranz IGBT VVVF)",
			"color": "4093F0",
			"transportMode": "TRAIN",
			"length": 21,
			"width": 2,
			"bogie1Position": -7.5,
			"bogie2Position": 7.5,
			"couplingPadding1": 2,
			"couplingPadding2": 0,
			"wikipediaArticle": "",
			"tags": [
				"family:bart_rohr_ab_adtranz",
				"iso_3166:HK",
				"doors:2",
				"type:cab_1"
			],
			"models": [
				{
					"modelResource": "mtr:bart_rohr_ab/bart_rohr_ab.bbmodel",
					"textureResource": "mtr:bart_rohr_ab/bart_rohr_ab.png",
					"modelPropertiesResource": "mtr:bart_rohr_ab/bart_rohr_ab_common.json",
					"positionDefinitionsResource": "mtr:bart_rohr_ab/bart_rohr_ab_definition.json"
				},
				{
					"modelResource": "mtr:bart_rohr_ab/bart_rohr_ab.bbmodel",
					"textureResource": "mtr:bart_rohr_ab/bart_rohr_ab.png",
					"modelPropertiesResource": "mtr:bart_rohr_ab/bart_rohr_a_head_1.json",
					"positionDefinitionsResource": "mtr:bart_rohr_ab/bart_rohr_ab_definition.json"
				},
				{
					"modelResource": "mtr:bart_rohr_ab/bart_rohr_ab.bbmodel",
					"textureResource": "mtr:bart_rohr_ab/bart_rohr_ab.png",
					"modelPropertiesResource": "mtr:bart_rohr_ab/bart_rohr_ab_end_2.json",
					"positionDefinitionsResource": "mtr:bart_rohr_ab/bart_rohr_ab_definition.json"
				},
				{
					"modelResource": "mtr:bart_rohr_ab/bart_door_overlay_abc.bbmodel",
					"textureResource": "mtr:bart_rohr_ab/door_sign_left.png",
					"modelPropertiesResource": "mtr:bart_rohr_ab/bart_abc_door_left_overlay.json",
					"positionDefinitionsResource": "mtr:bart_rohr_ab/bart_rohr_ab_definition.json"
				},
				{
					"modelResource": "mtr:bart_rohr_ab/bart_door_overlay_abc.bbmodel",
					"textureResource": "mtr:bart_rohr_ab/door_sign_right.png",
					"modelPropertiesResource": "mtr:bart_rohr_ab/bart_abc_door_right_overlay.json",
					"positionDefinitionsResource": "mtr:bart_rohr_ab/bart_rohr_ab_definition.json"
				}
			],
			"bogie1Models": [
				{
					"modelResource": "mtr:models/vehicle/bogie_1.bbmodel",
					"textureResource": "mtr:textures/vehicle/bogie_1.png",
					"modelPropertiesResource": "mtr:properties/vehicle/bogie_1.json",
					"positionDefinitionsResource": "mtr:properties/definition/origin.json"
				}
			],
			"bogie2Models": [
				{
					"modelResource": "mtr:models/vehicle/bogie_1.bbmodel",
					"textureResource": "mtr:textures/vehicle/bogie_1.png",
					"modelPropertiesResource": "mtr:properties/vehicle/bogie_1.json",
					"positionDefinitionsResource": "mtr:properties/definition/origin.json"
				}
			],
			"hasGangway1": false,
			"hasGangway2": true,
			"legacySpeedSoundBaseResource": "bart_adtranz",
			"legacySpeedSoundCount": 45,
			"legacyDoorSoundBaseResource": "bart_rohr_ab",
			"legacyDoorCloseSoundTime": 0.6
		},
		{
			"id": "bart_rohr_a_backwards_adtranz",
			"name": "Bart Rohr A Car Backwards (Adtranz IGBT VVVF)",
			"color": "4093F0",
			"transportMode": "TRAIN",
			"length": 21,
			"width": 2,
			"bogie1Position": -7.5,
			"bogie2Position": 7.5,
			"couplingPadding1": 0,
			"couplingPadding2": 2,
			"wikipediaArticle": "",
			"tags": [
				"family:bart_rohr_ab_adtranz",
				"iso_3166:HK",
				"doors:2",
				"type:cab_2"
			],
			"models": [
				{
					"modelResource": "mtr:bart_rohr_ab/bart_rohr_ab.bbmodel",
					"textureResource": "mtr:bart_rohr_ab/bart_rohr_ab.png",
					"modelPropertiesResource": "mtr:bart_rohr_ab/bart_rohr_ab_common.json",
					"positionDefinitionsResource": "mtr:bart_rohr_ab/bart_rohr_ab_definition.json"
				},
				{
					"modelResource": "mtr:bart_rohr_ab/bart_rohr_ab.bbmodel",
					"textureResource": "mtr:bart_rohr_ab/bart_rohr_ab.png",
					"modelPropertiesResource": "mtr:bart_rohr_ab/bart_rohr_ab_end_1.json",
					"positionDefinitionsResource": "mtr:bart_rohr_ab/bart_rohr_ab_definition.json"
				},
				{
					"modelResource": "mtr:bart_rohr_ab/bart_rohr_ab.bbmodel",
					"textureResource": "mtr:bart_rohr_ab/bart_rohr_ab.png",
					"modelPropertiesResource": "mtr:bart_rohr_ab/bart_rohr_a_head_2.json",
					"positionDefinitionsResource": "mtr:bart_rohr_ab/bart_rohr_ab_definition.json"
				},
				{
					"modelResource": "mtr:bart_rohr_ab/bart_door_overlay_abc.bbmodel",
					"textureResource": "mtr:bart_rohr_ab/door_sign_left.png",
					"modelPropertiesResource": "mtr:bart_rohr_ab/bart_abc_door_left_overlay.json",
					"positionDefinitionsResource": "mtr:bart_rohr_ab/bart_rohr_ab_definition.json"
				},
				{
					"modelResource": "mtr:bart_rohr_ab/bart_door_overlay_abc.bbmodel",
					"textureResource": "mtr:bart_rohr_ab/door_sign_right.png",
					"modelPropertiesResource": "mtr:bart_rohr_ab/bart_abc_door_right_overlay.json",
					"positionDefinitionsResource": "mtr:bart_rohr_ab/bart_rohr_ab_definition.json"
				}
			],
			"bogie1Models": [
				{
					"modelResource": "mtr:models/vehicle/bogie_1.bbmodel",
					"textureResource": "mtr:textures/vehicle/bogie_1.png",
					"modelPropertiesResource": "mtr:properties/vehicle/bogie_1.json",
					"positionDefinitionsResource": "mtr:properties/definition/origin.json"
				}
			],
			"bogie2Models": [
				{
					"modelResource": "mtr:models/vehicle/bogie_1.bbmodel",
					"textureResource": "mtr:textures/vehicle/bogie_1.png",
					"modelPropertiesResource": "mtr:properties/vehicle/bogie_1.json",
					"positionDefinitionsResource": "mtr:properties/definition/origin.json"
				}
			],
			"hasGangway1": true,
			"hasGangway2": false,
			"legacySpeedSoundBaseResource": "bart_adtranz",
			"legacySpeedSoundCount": 45,
			"legacyDoorSoundBaseResource": "bart_rohr_ab",
			"legacyDoorCloseSoundTime": 0.6
		},
		{
			"id": "bart_rohr_b_adtranz",
			"name": "Bart Rohr B Car (Adtranz IGBT VVVF)",
			"color": "4093F0",
			"transportMode": "TRAIN",
			"length": 21,
			"width": 2,
			"bogie1Position": -7.5,
			"bogie2Position": 7.5,
			"couplingPadding1": 0,
			"couplingPadding2": 0,
			"wikipediaArticle": "",
			"tags": [
				"family:bart_rohr_ab_adtranz",
				"iso_3166:HK",
				"doors:2",
				"type:trailer"
			],
			"models": [
				{
					"modelResource": "mtr:bart_rohr_ab/bart_rohr_ab.bbmodel",
					"textureResource": "mtr:bart_rohr_ab/bart_rohr_ab.png",
					"modelPropertiesResource": "mtr:bart_rohr_ab/bart_rohr_ab_common.json",
					"positionDefinitionsResource": "mtr:bart_rohr_ab/bart_rohr_ab_definition.json"
				},
				{
					"modelResource": "mtr:bart_rohr_ab/bart_rohr_ab.bbmodel",
					"textureResource": "mtr:bart_rohr_ab/bart_rohr_ab.png",
					"modelPropertiesResource": "mtr:bart_rohr_ab/bart_rohr_ab_end_1.json",
					"positionDefinitionsResource": "mtr:bart_rohr_ab/bart_rohr_ab_definition.json"
				},
				{
					"modelResource": "mtr:bart_rohr_ab/bart_rohr_ab.bbmodel",
					"textureResource": "mtr:bart_rohr_ab/bart_rohr_ab.png",
					"modelPropertiesResource": "mtr:bart_rohr_ab/bart_rohr_ab_end_2.json",
					"positionDefinitionsResource": "mtr:bart_rohr_ab/bart_rohr_ab_definition.json"
				},
				{
					"modelResource": "mtr:bart_rohr_ab/bart_door_overlay_abc.bbmodel",
					"textureResource": "mtr:bart_rohr_ab/door_sign_left.png",
					"modelPropertiesResource": "mtr:bart_rohr_ab/bart_abc_door_left_overlay.json",
					"positionDefinitionsResource": "mtr:bart_rohr_ab/bart_rohr_ab_definition.json"
				},
				{
					"modelResource": "mtr:bart_rohr_ab/bart_door_overlay_abc.bbmodel",
					"textureResource": "mtr:bart_rohr_ab/door_sign_right.png",
					"modelPropertiesResource": "mtr:bart_rohr_ab/bart_abc_door_right_overlay.json",
					"positionDefinitionsResource": "mtr:bart_rohr_ab/bart_rohr_ab_definition.json"
				}
			],
			"bogie1Models": [
				{
					"modelResource": "mtr:models/vehicle/bogie_1.bbmodel",
					"textureResource": "mtr:textures/vehicle/bogie_1.png",
					"modelPropertiesResource": "mtr:properties/vehicle/bogie_1.json",
					"positionDefinitionsResource": "mtr:properties/definition/origin.json"
				}
			],
			"bogie2Models": [
				{
					"modelResource": "mtr:models/vehicle/bogie_1.bbmodel",
					"textureResource": "mtr:textures/vehicle/bogie_1.png",
					"modelPropertiesResource": "mtr:properties/vehicle/bogie_1.json",
					"positionDefinitionsResource": "mtr:properties/definition/origin.json"
				}
			],
			"hasGangway1": true,
			"hasGangway2": true,
			"legacySpeedSoundBaseResource": "bart_adtranz",
			"legacySpeedSoundCount": 45,
			"legacyDoorSoundBaseResource": "bart_rohr_ab",
			"legacyDoorCloseSoundTime": 0.6
		},
		{
			"id": "bart_c1_forwards",
			"name": "Bart Alstom C1 Car Forwards",
			"color": "4093F0",
			"transportMode": "TRAIN",
			"length": 21,
			"width": 2,
			"bogie1Position": -7.5,
			"bogie2Position": 7.5,
			"couplingPadding1": 0,
			"couplingPadding2": 0,
			"wikipediaArticle": "",
			"tags": [
				"family:bart_c1",
				"iso_3166:HK",
				"doors:2",
				"type:cab_1"
			],
			"models": [
				{
					"modelResource": "mtr:bart_c/bart_c_car.bbmodel",
					"textureResource": "mtr:bart_c/bart_c1.png",
					"modelPropertiesResource": "mtr:bart_c/bart_c_common.json",
					"positionDefinitionsResource": "mtr:bart_c/bart_c_definition.json"
				},
				{
					"modelResource": "mtr:bart_c/bart_c_car.bbmodel",
					"textureResource": "mtr:bart_c/bart_c1.png",
					"modelPropertiesResource": "mtr:bart_c/bart_c_head_1.json",
					"positionDefinitionsResource": "mtr:bart_c/bart_c_definition.json"
				},
				{
					"modelResource": "mtr:bart_c/bart_c_car.bbmodel",
					"textureResource": "mtr:bart_c/bart_c1.png",
					"modelPropertiesResource": "mtr:bart_c/bart_c_head_1_front.json",
					"positionDefinitionsResource": "mtr:bart_c/bart_c_definition.json"
				},
				{
					"modelResource": "mtr:bart_c/bart_c_car.bbmodel",
					"textureResource": "mtr:bart_c/bart_c1.png",
					"modelPropertiesResource": "mtr:bart_c/bart_c_end_2.json",
					"positionDefinitionsResource": "mtr:bart_c/bart_c_definition.json"
				},
				{
					"modelResource": "mtr:bart_rohr_ab/bart_door_overlay_abc.bbmodel",
					"textureResource": "mtr:bart_rohr_ab/door_sign_left.png",
					"modelPropertiesResource": "mtr:bart_rohr_ab/bart_abc_door_left_overlay.json",
					"positionDefinitionsResource": "mtr:bart_rohr_ab/bart_rohr_ab_definition.json"
				},
				{
					"modelResource": "mtr:bart_rohr_ab/bart_door_overlay_abc.bbmodel",
					"textureResource": "mtr:bart_rohr_ab/door_sign_right.png",
					"modelPropertiesResource": "mtr:bart_rohr_ab/bart_abc_door_right_overlay.json",
					"positionDefinitionsResource": "mtr:bart_rohr_ab/bart_rohr_ab_definition.json"
				}
			],
			"bogie1Models": [
				{
					"modelResource": "mtr:models/vehicle/bogie_1.bbmodel",
					"textureResource": "mtr:textures/vehicle/bogie_1.png",
					"modelPropertiesResource": "mtr:properties/vehicle/bogie_1.json",
					"positionDefinitionsResource": "mtr:properties/definition/origin.json"
				}
			],
			"bogie2Models": [
				{
					"modelResource": "mtr:models/vehicle/bogie_1.bbmodel",
					"textureResource": "mtr:textures/vehicle/bogie_1.png",
					"modelPropertiesResource": "mtr:properties/vehicle/bogie_1.json",
					"positionDefinitionsResource": "mtr:properties/definition/origin.json"
				}
			],
			"hasGangway1": false,
			"hasGangway2": true,
			"legacySpeedSoundBaseResource": "bart_chopper",
			"legacySpeedSoundCount": 66,
			"legacyDoorSoundBaseResource": "bart_c_car",
			"legacyDoorCloseSoundTime": 0.6
		},
		{
			"id": "bart_c1_backwards",
			"name": "Bart Alstom C1 Car Backwards",
			"color": "4093F0",
			"transportMode": "TRAIN",
			"length": 21,
			"width": 2,
			"bogie1Position": -7.5,
			"bogie2Position": 7.5,
			"couplingPadding1": 0,
			"couplingPadding2": 0,
			"wikipediaArticle": "",
			"tags": [
				"family:bart_c1",
				"iso_3166:HK",
				"doors:2",
				"type:cab_2"
			],
			"models": [
			{
					"modelResource": "mtr:bart_c/bart_c_car.bbmodel",
					"textureResource": "mtr:bart_c/bart_c1.png",
					"modelPropertiesResource": "mtr:bart_c/bart_c_common.json",
					"positionDefinitionsResource": "mtr:bart_c/bart_c_definition.json"
				},
				{
					"modelResource": "mtr:bart_c/bart_c_car.bbmodel",
					"textureResource": "mtr:bart_c/bart_c1.png",
					"modelPropertiesResource": "mtr:bart_c/bart_c_head_2.json",
					"positionDefinitionsResource": "mtr:bart_c/bart_c_definition.json"
				},
				{
					"modelResource": "mtr:bart_c/bart_c_car.bbmodel",
					"textureResource": "mtr:bart_c/bart_c1.png",
					"modelPropertiesResource": "mtr:bart_c/bart_c_head_2_front.json",
					"positionDefinitionsResource": "mtr:bart_c/bart_c_definition.json"
				},
				{
					"modelResource": "mtr:bart_c/bart_c_car.bbmodel",
					"textureResource": "mtr:bart_c/bart_c1.png",
					"modelPropertiesResource": "mtr:bart_c/bart_c_end_1.json",
					"positionDefinitionsResource": "mtr:bart_c/bart_c_definition.json"
				},
				{
					"modelResource": "mtr:bart_rohr_ab/bart_door_overlay_abc.bbmodel",
					"textureResource": "mtr:bart_rohr_ab/door_sign_left.png",
					"modelPropertiesResource": "mtr:bart_rohr_ab/bart_abc_door_left_overlay.json",
					"positionDefinitionsResource": "mtr:bart_rohr_ab/bart_rohr_ab_definition.json"
				},
				{
					"modelResource": "mtr:bart_rohr_ab/bart_door_overlay_abc.bbmodel",
					"textureResource": "mtr:bart_rohr_ab/door_sign_right.png",
					"modelPropertiesResource": "mtr:bart_rohr_ab/bart_abc_door_right_overlay.json",
					"positionDefinitionsResource": "mtr:bart_rohr_ab/bart_rohr_ab_definition.json"
				}
			],
			"bogie1Models": [
				{
					"modelResource": "mtr:models/vehicle/bogie_1.bbmodel",
					"textureResource": "mtr:textures/vehicle/bogie_1.png",
					"modelPropertiesResource": "mtr:properties/vehicle/bogie_1.json",
					"positionDefinitionsResource": "mtr:properties/definition/origin.json"
				}
			],
			"bogie2Models": [
				{
					"modelResource": "mtr:models/vehicle/bogie_1.bbmodel",
					"textureResource": "mtr:textures/vehicle/bogie_1.png",
					"modelPropertiesResource": "mtr:properties/vehicle/bogie_1.json",
					"positionDefinitionsResource": "mtr:properties/definition/origin.json"
				}
			],
			"hasGangway1": true,
			"hasGangway2": false,
			"legacySpeedSoundBaseResource": "bart_chopper",
			"legacySpeedSoundCount": 66,
			"legacyDoorSoundBaseResource": "bart_c_car",
			"legacyDoorCloseSoundTime": 0.6
		},
		{
			"id": "bart_c1_forwards_midtrain",
			"name": "Bart Alstom C1 Car Forwards (Mid-train)",
			"color": "4093F0",
			"transportMode": "TRAIN",
			"length": 21,
			"width": 2,
			"bogie1Position": -7.5,
			"bogie2Position": 7.5,
			"couplingPadding1": 0,
			"couplingPadding2": 0,
			"wikipediaArticle": "",
			"tags": [
				"family:bart_c1",
				"iso_3166:HK",
				"doors:2",
				"type:trailer"
			],
			"models": [
				{
					"modelResource": "mtr:bart_c/bart_c_car.bbmodel",
					"textureResource": "mtr:bart_c/bart_c1.png",
					"modelPropertiesResource": "mtr:bart_c/bart_c_common.json",
					"positionDefinitionsResource": "mtr:bart_c/bart_c_definition.json"
				},
				{
					"modelResource": "mtr:bart_c/bart_c_car.bbmodel",
					"textureResource": "mtr:bart_c/bart_c1.png",
					"modelPropertiesResource": "mtr:bart_c/bart_c_head_1.json",
					"positionDefinitionsResource": "mtr:bart_c/bart_c_definition.json"
				},
				{
					"modelResource": "mtr:bart_c/bart_c_car.bbmodel",
					"textureResource": "mtr:bart_c/bart_c1.png",
					"modelPropertiesResource": "mtr:bart_c/bart_c_head_1_end.json",
					"positionDefinitionsResource": "mtr:bart_c/bart_c_definition.json"
				},
				{
					"modelResource": "mtr:bart_c/bart_c_car.bbmodel",
					"textureResource": "mtr:bart_c/bart_c1.png",
					"modelPropertiesResource": "mtr:bart_c/bart_c_end_2.json",
					"positionDefinitionsResource": "mtr:bart_c/bart_c_definition.json"
				},
				{
					"modelResource": "mtr:bart_rohr_ab/bart_door_overlay_abc.bbmodel",
					"textureResource": "mtr:bart_rohr_ab/door_sign_left.png",
					"modelPropertiesResource": "mtr:bart_rohr_ab/bart_abc_door_left_overlay.json",
					"positionDefinitionsResource": "mtr:bart_rohr_ab/bart_rohr_ab_definition.json"
				},
				{
					"modelResource": "mtr:bart_rohr_ab/bart_door_overlay_abc.bbmodel",
					"textureResource": "mtr:bart_rohr_ab/door_sign_right.png",
					"modelPropertiesResource": "mtr:bart_rohr_ab/bart_abc_door_right_overlay.json",
					"positionDefinitionsResource": "mtr:bart_rohr_ab/bart_rohr_ab_definition.json"
				}
			],
			"bogie1Models": [
				{
					"modelResource": "mtr:models/vehicle/bogie_1.bbmodel",
					"textureResource": "mtr:textures/vehicle/bogie_1.png",
					"modelPropertiesResource": "mtr:properties/vehicle/bogie_1.json",
					"positionDefinitionsResource": "mtr:properties/definition/origin.json"
				}
			],
			"bogie2Models": [
				{
					"modelResource": "mtr:models/vehicle/bogie_1.bbmodel",
					"textureResource": "mtr:textures/vehicle/bogie_1.png",
					"modelPropertiesResource": "mtr:properties/vehicle/bogie_1.json",
					"positionDefinitionsResource": "mtr:properties/definition/origin.json"
				}
			],
			"hasGangway1": true,
			"hasGangway2": true,
			"legacySpeedSoundBaseResource": "bart_chopper",
			"legacySpeedSoundCount": 66,
			"legacyDoorSoundBaseResource": "bart_c_car",
			"legacyDoorCloseSoundTime": 0.6
		},
		{
			"id": "bart_c1_backwards_midtrain",
			"name": "Bart Alstom C1 Car Backwards (Mid-train)",
			"color": "4093F0",
			"transportMode": "TRAIN",
			"length": 21,
			"width": 2,
			"bogie1Position": -7.5,
			"bogie2Position": 7.5,
			"couplingPadding1": 0,
			"couplingPadding2": 0,
			"wikipediaArticle": "",
			"tags": [
				"family:bart_c1",
				"iso_3166:HK",
				"doors:2",
				"type:trailer"
			],
			"models": [
			{
					"modelResource": "mtr:bart_c/bart_c_car.bbmodel",
					"textureResource": "mtr:bart_c/bart_c1.png",
					"modelPropertiesResource": "mtr:bart_c/bart_c_common.json",
					"positionDefinitionsResource": "mtr:bart_c/bart_c_definition.json"
				},
				{
					"modelResource": "mtr:bart_c/bart_c_car.bbmodel",
					"textureResource": "mtr:bart_c/bart_c1.png",
					"modelPropertiesResource": "mtr:bart_c/bart_c_head_2.json",
					"positionDefinitionsResource": "mtr:bart_c/bart_c_definition.json"
				},
				{
					"modelResource": "mtr:bart_c/bart_c_car.bbmodel",
					"textureResource": "mtr:bart_c/bart_c1.png",
					"modelPropertiesResource": "mtr:bart_c/bart_c_head_2_end.json",
					"positionDefinitionsResource": "mtr:bart_c/bart_c_definition.json"
				},
				{
					"modelResource": "mtr:bart_c/bart_c_car.bbmodel",
					"textureResource": "mtr:bart_c/bart_c1.png",
					"modelPropertiesResource": "mtr:bart_c/bart_c_end_1.json",
					"positionDefinitionsResource": "mtr:bart_c/bart_c_definition.json"
				},
				{
					"modelResource": "mtr:bart_rohr_ab/bart_door_overlay_abc.bbmodel",
					"textureResource": "mtr:bart_rohr_ab/door_sign_left.png",
					"modelPropertiesResource": "mtr:bart_rohr_ab/bart_abc_door_left_overlay.json",
					"positionDefinitionsResource": "mtr:bart_rohr_ab/bart_rohr_ab_definition.json"
				},
				{
					"modelResource": "mtr:bart_rohr_ab/bart_door_overlay_abc.bbmodel",
					"textureResource": "mtr:bart_rohr_ab/door_sign_right.png",
					"modelPropertiesResource": "mtr:bart_rohr_ab/bart_abc_door_right_overlay.json",
					"positionDefinitionsResource": "mtr:bart_rohr_ab/bart_rohr_ab_definition.json"
				}
			],
			"bogie1Models": [
				{
					"modelResource": "mtr:models/vehicle/bogie_1.bbmodel",
					"textureResource": "mtr:textures/vehicle/bogie_1.png",
					"modelPropertiesResource": "mtr:properties/vehicle/bogie_1.json",
					"positionDefinitionsResource": "mtr:properties/definition/origin.json"
				}
			],
			"bogie2Models": [
				{
					"modelResource": "mtr:models/vehicle/bogie_1.bbmodel",
					"textureResource": "mtr:textures/vehicle/bogie_1.png",
					"modelPropertiesResource": "mtr:properties/vehicle/bogie_1.json",
					"positionDefinitionsResource": "mtr:properties/definition/origin.json"
				}
			],
			"hasGangway1": true,
			"hasGangway2": true,
			"legacySpeedSoundBaseResource": "bart_chopper",
			"legacySpeedSoundCount": 66,
			"legacyDoorSoundBaseResource": "bart_c_car",
			"legacyDoorCloseSoundTime": 0.6
		},
		{
			"id": "bart_c2_forwards",
			"name": "Bart Morrison Knudsen C2 Car Forwards",
			"color": "4093F0",
			"transportMode": "TRAIN",
			"length": 21,
			"width": 2,
			"bogie1Position": -7.5,
			"bogie2Position": 7.5,
			"couplingPadding1": 0,
			"couplingPadding2": 0,
			"wikipediaArticle": "",
			"tags": [
				"family:bart_c2",
				"iso_3166:HK",
				"doors:2",
				"type:cab_1"
			],
			"models": [
				{
					"modelResource": "mtr:bart_c/bart_c_car.bbmodel",
					"textureResource": "mtr:bart_c/bart_c2.png",
					"modelPropertiesResource": "mtr:bart_c/bart_c_common.json",
					"positionDefinitionsResource": "mtr:bart_c/bart_c_definition.json"
				},
				{
					"modelResource": "mtr:bart_c/bart_c_car.bbmodel",
					"textureResource": "mtr:bart_c/bart_c2.png",
					"modelPropertiesResource": "mtr:bart_c/bart_c_head_1.json",
					"positionDefinitionsResource": "mtr:bart_c/bart_c_definition.json"
				},
				{
					"modelResource": "mtr:bart_c/bart_c_car.bbmodel",
					"textureResource": "mtr:bart_c/bart_c2.png",
					"modelPropertiesResource": "mtr:bart_c/bart_c_head_1_front.json",
					"positionDefinitionsResource": "mtr:bart_c/bart_c_definition.json"
				},
				{
					"modelResource": "mtr:bart_c/bart_c_car.bbmodel",
					"textureResource": "mtr:bart_c/bart_c2.png",
					"modelPropertiesResource": "mtr:bart_c/bart_c_end_2.json",
					"positionDefinitionsResource": "mtr:bart_c/bart_c_definition.json"
				},
				{
					"modelResource": "mtr:bart_rohr_ab/bart_door_overlay_abc.bbmodel",
					"textureResource": "mtr:bart_rohr_ab/door_sign_left.png",
					"modelPropertiesResource": "mtr:bart_rohr_ab/bart_abc_door_left_overlay.json",
					"positionDefinitionsResource": "mtr:bart_rohr_ab/bart_rohr_ab_definition.json"
				},
				{
					"modelResource": "mtr:bart_rohr_ab/bart_door_overlay_abc.bbmodel",
					"textureResource": "mtr:bart_rohr_ab/door_sign_right.png",
					"modelPropertiesResource": "mtr:bart_rohr_ab/bart_abc_door_right_overlay.json",
					"positionDefinitionsResource": "mtr:bart_rohr_ab/bart_rohr_ab_definition.json"
				},
				{
					"modelResource": "mtr:bart_c/bart_c_car.bbmodel",
					"textureResource": "mtr:bart_c/bart_c2.png",
					"modelPropertiesResource": "mtr:bart_c/bart_c2_door_light.json",
					"positionDefinitionsResource": "mtr:bart_c/bart_c_definition.json"
				}
			],
			"bogie1Models": [
				{
					"modelResource": "mtr:models/vehicle/bogie_1.bbmodel",
					"textureResource": "mtr:textures/vehicle/bogie_1.png",
					"modelPropertiesResource": "mtr:properties/vehicle/bogie_1.json",
					"positionDefinitionsResource": "mtr:properties/definition/origin.json"
				}
			],
			"bogie2Models": [
				{
					"modelResource": "mtr:models/vehicle/bogie_1.bbmodel",
					"textureResource": "mtr:textures/vehicle/bogie_1.png",
					"modelPropertiesResource": "mtr:properties/vehicle/bogie_1.json",
					"positionDefinitionsResource": "mtr:properties/definition/origin.json"
				}
			],
			"hasGangway1": false,
			"hasGangway2": true,
			"legacySpeedSoundBaseResource": "bart_chopper",
			"legacySpeedSoundCount": 66,
			"legacyDoorSoundBaseResource": "bart_c_car",
			"legacyDoorCloseSoundTime": 0.6
		},
		{
			"id": "bart_c2_backwards",
			"name": "Bart Morrison Knudsen C2 Car Backwards",
			"color": "4093F0",
			"transportMode": "TRAIN",
			"length": 21,
			"width": 2,
			"bogie1Position": -7.5,
			"bogie2Position": 7.5,
			"couplingPadding1": 0,
			"couplingPadding2": 0,
			"wikipediaArticle": "",
			"tags": [
				"family:bart_c2",
				"iso_3166:HK",
				"doors:2",
				"type:cab_2"
			],
			"models": [
			{
					"modelResource": "mtr:bart_c/bart_c_car.bbmodel",
					"textureResource": "mtr:bart_c/bart_c2.png",
					"modelPropertiesResource": "mtr:bart_c/bart_c_common.json",
					"positionDefinitionsResource": "mtr:bart_c/bart_c_definition.json"
				},
				{
					"modelResource": "mtr:bart_c/bart_c_car.bbmodel",
					"textureResource": "mtr:bart_c/bart_c2.png",
					"modelPropertiesResource": "mtr:bart_c/bart_c_head_2.json",
					"positionDefinitionsResource": "mtr:bart_c/bart_c_definition.json"
				},
				{
					"modelResource": "mtr:bart_c/bart_c_car.bbmodel",
					"textureResource": "mtr:bart_c/bart_c2.png",
					"modelPropertiesResource": "mtr:bart_c/bart_c_head_2_front.json",
					"positionDefinitionsResource": "mtr:bart_c/bart_c_definition.json"
				},
				{
					"modelResource": "mtr:bart_c/bart_c_car.bbmodel",
					"textureResource": "mtr:bart_c/bart_c2.png",
					"modelPropertiesResource": "mtr:bart_c/bart_c_end_1.json",
					"positionDefinitionsResource": "mtr:bart_c/bart_c_definition.json"
				},
				{
					"modelResource": "mtr:bart_rohr_ab/bart_door_overlay_abc.bbmodel",
					"textureResource": "mtr:bart_rohr_ab/door_sign_left.png",
					"modelPropertiesResource": "mtr:bart_rohr_ab/bart_abc_door_left_overlay.json",
					"positionDefinitionsResource": "mtr:bart_rohr_ab/bart_rohr_ab_definition.json"
				},
				{
					"modelResource": "mtr:bart_rohr_ab/bart_door_overlay_abc.bbmodel",
					"textureResource": "mtr:bart_rohr_ab/door_sign_right.png",
					"modelPropertiesResource": "mtr:bart_rohr_ab/bart_abc_door_right_overlay.json",
					"positionDefinitionsResource": "mtr:bart_rohr_ab/bart_rohr_ab_definition.json"
				},
				{
					"modelResource": "mtr:bart_c/bart_c_car.bbmodel",
					"textureResource": "mtr:bart_c/bart_c2.png",
					"modelPropertiesResource": "mtr:bart_c/bart_c2_door_light.json",
					"positionDefinitionsResource": "mtr:bart_c/bart_c_definition.json"
				}
			],
			"bogie1Models": [
				{
					"modelResource": "mtr:models/vehicle/bogie_1.bbmodel",
					"textureResource": "mtr:textures/vehicle/bogie_1.png",
					"modelPropertiesResource": "mtr:properties/vehicle/bogie_1.json",
					"positionDefinitionsResource": "mtr:properties/definition/origin.json"
				}
			],
			"bogie2Models": [
				{
					"modelResource": "mtr:models/vehicle/bogie_1.bbmodel",
					"textureResource": "mtr:textures/vehicle/bogie_1.png",
					"modelPropertiesResource": "mtr:properties/vehicle/bogie_1.json",
					"positionDefinitionsResource": "mtr:properties/definition/origin.json"
				}
			],
			"hasGangway1": true,
			"hasGangway2": false,
			"legacySpeedSoundBaseResource": "bart_chopper",
			"legacySpeedSoundCount": 66,
			"legacyDoorSoundBaseResource": "bart_c_car",
			"legacyDoorCloseSoundTime": 0.6
		},
		{
			"id": "bart_c2_forwards_midtrain",
			"name": "Bart Morrison Knudsen C2 Car Forwards (Mid-train)",
			"color": "4093F0",
			"transportMode": "TRAIN",
			"length": 21,
			"width": 2,
			"bogie1Position": -7.5,
			"bogie2Position": 7.5,
			"couplingPadding1": 0,
			"couplingPadding2": 0,
			"wikipediaArticle": "",
			"tags": [
				"family:bart_c2",
				"iso_3166:HK",
				"doors:2",
				"type:trailer"
			],
			"models": [
				{
					"modelResource": "mtr:bart_c/bart_c_car.bbmodel",
					"textureResource": "mtr:bart_c/bart_c2.png",
					"modelPropertiesResource": "mtr:bart_c/bart_c_common.json",
					"positionDefinitionsResource": "mtr:bart_c/bart_c_definition.json"
				},
				{
					"modelResource": "mtr:bart_c/bart_c_car.bbmodel",
					"textureResource": "mtr:bart_c/bart_c2.png",
					"modelPropertiesResource": "mtr:bart_c/bart_c_head_1.json",
					"positionDefinitionsResource": "mtr:bart_c/bart_c_definition.json"
				},
				{
					"modelResource": "mtr:bart_c/bart_c_car.bbmodel",
					"textureResource": "mtr:bart_c/bart_c2.png",
					"modelPropertiesResource": "mtr:bart_c/bart_c_head_1_end.json",
					"positionDefinitionsResource": "mtr:bart_c/bart_c_definition.json"
				},
				{
					"modelResource": "mtr:bart_c/bart_c_car.bbmodel",
					"textureResource": "mtr:bart_c/bart_c2.png",
					"modelPropertiesResource": "mtr:bart_c/bart_c_end_2.json",
					"positionDefinitionsResource": "mtr:bart_c/bart_c_definition.json"
				},
				{
					"modelResource": "mtr:bart_rohr_ab/bart_door_overlay_abc.bbmodel",
					"textureResource": "mtr:bart_rohr_ab/door_sign_left.png",
					"modelPropertiesResource": "mtr:bart_rohr_ab/bart_abc_door_left_overlay.json",
					"positionDefinitionsResource": "mtr:bart_rohr_ab/bart_rohr_ab_definition.json"
				},
				{
					"modelResource": "mtr:bart_rohr_ab/bart_door_overlay_abc.bbmodel",
					"textureResource": "mtr:bart_rohr_ab/door_sign_right.png",
					"modelPropertiesResource": "mtr:bart_rohr_ab/bart_abc_door_right_overlay.json",
					"positionDefinitionsResource": "mtr:bart_rohr_ab/bart_rohr_ab_definition.json"
				},
				{
					"modelResource": "mtr:bart_c/bart_c_car.bbmodel",
					"textureResource": "mtr:bart_c/bart_c2.png",
					"modelPropertiesResource": "mtr:bart_c/bart_c2_door_light.json",
					"positionDefinitionsResource": "mtr:bart_c/bart_c_definition.json"
				}
			],
			"bogie1Models": [
				{
					"modelResource": "mtr:models/vehicle/bogie_1.bbmodel",
					"textureResource": "mtr:textures/vehicle/bogie_1.png",
					"modelPropertiesResource": "mtr:properties/vehicle/bogie_1.json",
					"positionDefinitionsResource": "mtr:properties/definition/origin.json"
				}
			],
			"bogie2Models": [
				{
					"modelResource": "mtr:models/vehicle/bogie_1.bbmodel",
					"textureResource": "mtr:textures/vehicle/bogie_1.png",
					"modelPropertiesResource": "mtr:properties/vehicle/bogie_1.json",
					"positionDefinitionsResource": "mtr:properties/definition/origin.json"
				}
			],
			"hasGangway1": true,
			"hasGangway2": true,
			"legacySpeedSoundBaseResource": "bart_chopper",
			"legacySpeedSoundCount": 66,
			"legacyDoorSoundBaseResource": "bart_c_car",
			"legacyDoorCloseSoundTime": 0.6
		},
		{
			"id": "bart_c2_backwards_midtrain",
			"name": "Bart Morrison Knudsen C2 Car Backwards (Mid-train)",
			"color": "4093F0",
			"transportMode": "TRAIN",
			"length": 21,
			"width": 2,
			"bogie1Position": -7.5,
			"bogie2Position": 7.5,
			"couplingPadding1": 0,
			"couplingPadding2": 0,
			"wikipediaArticle": "",
			"tags": [
				"family:bart_c2",
				"iso_3166:HK",
				"doors:2",
				"type:trailer"
			],
			"models": [
			{
					"modelResource": "mtr:bart_c/bart_c_car.bbmodel",
					"textureResource": "mtr:bart_c/bart_c2.png",
					"modelPropertiesResource": "mtr:bart_c/bart_c_common.json",
					"positionDefinitionsResource": "mtr:bart_c/bart_c_definition.json"
				},
				{
					"modelResource": "mtr:bart_c/bart_c_car.bbmodel",
					"textureResource": "mtr:bart_c/bart_c2.png",
					"modelPropertiesResource": "mtr:bart_c/bart_c_head_2.json",
					"positionDefinitionsResource": "mtr:bart_c/bart_c_definition.json"
				},
				{
					"modelResource": "mtr:bart_c/bart_c_car.bbmodel",
					"textureResource": "mtr:bart_c/bart_c2.png",
					"modelPropertiesResource": "mtr:bart_c/bart_c_head_2_end.json",
					"positionDefinitionsResource": "mtr:bart_c/bart_c_definition.json"
				},
				{
					"modelResource": "mtr:bart_c/bart_c_car.bbmodel",
					"textureResource": "mtr:bart_c/bart_c2.png",
					"modelPropertiesResource": "mtr:bart_c/bart_c_end_1.json",
					"positionDefinitionsResource": "mtr:bart_c/bart_c_definition.json"
				},
				{
					"modelResource": "mtr:bart_rohr_ab/bart_door_overlay_abc.bbmodel",
					"textureResource": "mtr:bart_rohr_ab/door_sign_left.png",
					"modelPropertiesResource": "mtr:bart_rohr_ab/bart_abc_door_left_overlay.json",
					"positionDefinitionsResource": "mtr:bart_rohr_ab/bart_rohr_ab_definition.json"
				},
				{
					"modelResource": "mtr:bart_rohr_ab/bart_door_overlay_abc.bbmodel",
					"textureResource": "mtr:bart_rohr_ab/door_sign_right.png",
					"modelPropertiesResource": "mtr:bart_rohr_ab/bart_abc_door_right_overlay.json",
					"positionDefinitionsResource": "mtr:bart_rohr_ab/bart_rohr_ab_definition.json"
				},
				{
					"modelResource": "mtr:bart_c/bart_c_car.bbmodel",
					"textureResource": "mtr:bart_c/bart_c2.png",
					"modelPropertiesResource": "mtr:bart_c/bart_c2_door_light.json",
					"positionDefinitionsResource": "mtr:bart_c/bart_c_definition.json"
				}
			],
			"bogie1Models": [
				{
					"modelResource": "mtr:models/vehicle/bogie_1.bbmodel",
					"textureResource": "mtr:textures/vehicle/bogie_1.png",
					"modelPropertiesResource": "mtr:properties/vehicle/bogie_1.json",
					"positionDefinitionsResource": "mtr:properties/definition/origin.json"
				}
			],
			"bogie2Models": [
				{
					"modelResource": "mtr:models/vehicle/bogie_1.bbmodel",
					"textureResource": "mtr:textures/vehicle/bogie_1.png",
					"modelPropertiesResource": "mtr:properties/vehicle/bogie_1.json",
					"positionDefinitionsResource": "mtr:properties/definition/origin.json"
				}
			],
			"hasGangway1": true,
			"hasGangway2": true,
			"legacySpeedSoundBaseResource": "bart_chopper",
			"legacySpeedSoundCount": 66,
			"legacyDoorSoundBaseResource": "bart_c_car",
			"legacyDoorCloseSoundTime": 0.6
		},
		{
			"id": "bart_c2_blue_floor_forwards",
			"name": "Bart Morrison Knudsen C2 Car Blue Floor Forwards",
			"color": "4093F0",
			"transportMode": "TRAIN",
			"length": 21,
			"width": 2,
			"bogie1Position": -7.5,
			"bogie2Position": 7.5,
			"couplingPadding1": 0,
			"couplingPadding2": 0,
			"wikipediaArticle": "",
			"tags": [
				"family:bart_c2_blue_floor",
				"iso_3166:HK",
				"doors:2",
				"type:cab_1"
			],
			"models": [
				{
					"modelResource": "mtr:bart_c/bart_c_car.bbmodel",
					"textureResource": "mtr:bart_c/bart_c2_blue_floor.png",
					"modelPropertiesResource": "mtr:bart_c/bart_c_common.json",
					"positionDefinitionsResource": "mtr:bart_c/bart_c_definition.json"
				},
				{
					"modelResource": "mtr:bart_c/bart_c_car.bbmodel",
					"textureResource": "mtr:bart_c/bart_c2_blue_floor.png",
					"modelPropertiesResource": "mtr:bart_c/bart_c_head_1.json",
					"positionDefinitionsResource": "mtr:bart_c/bart_c_definition.json"
				},
				{
					"modelResource": "mtr:bart_c/bart_c_car.bbmodel",
					"textureResource": "mtr:bart_c/bart_c2_blue_floor.png",
					"modelPropertiesResource": "mtr:bart_c/bart_c_head_1_front.json",
					"positionDefinitionsResource": "mtr:bart_c/bart_c_definition.json"
				},
				{
					"modelResource": "mtr:bart_c/bart_c_car.bbmodel",
					"textureResource": "mtr:bart_c/bart_c2_blue_floor.png",
					"modelPropertiesResource": "mtr:bart_c/bart_c_end_2.json",
					"positionDefinitionsResource": "mtr:bart_c/bart_c_definition.json"
				},
				{
					"modelResource": "mtr:bart_rohr_ab/bart_door_overlay_abc.bbmodel",
					"textureResource": "mtr:bart_rohr_ab/door_sign_left.png",
					"modelPropertiesResource": "mtr:bart_rohr_ab/bart_abc_door_left_overlay.json",
					"positionDefinitionsResource": "mtr:bart_rohr_ab/bart_rohr_ab_definition.json"
				},
				{
					"modelResource": "mtr:bart_rohr_ab/bart_door_overlay_abc.bbmodel",
					"textureResource": "mtr:bart_rohr_ab/door_sign_right.png",
					"modelPropertiesResource": "mtr:bart_rohr_ab/bart_abc_door_right_overlay.json",
					"positionDefinitionsResource": "mtr:bart_rohr_ab/bart_rohr_ab_definition.json"
				},
				{
					"modelResource": "mtr:bart_c/bart_c_car.bbmodel",
					"textureResource": "mtr:bart_c/bart_c2_blue_floor.png",
					"modelPropertiesResource": "mtr:bart_c/bart_c2_door_light.json",
					"positionDefinitionsResource": "mtr:bart_c/bart_c_definition.json"
				}
			],
			"bogie1Models": [
				{
					"modelResource": "mtr:models/vehicle/bogie_1.bbmodel",
					"textureResource": "mtr:textures/vehicle/bogie_1.png",
					"modelPropertiesResource": "mtr:properties/vehicle/bogie_1.json",
					"positionDefinitionsResource": "mtr:properties/definition/origin.json"
				}
			],
			"bogie2Models": [
				{
					"modelResource": "mtr:models/vehicle/bogie_1.bbmodel",
					"textureResource": "mtr:textures/vehicle/bogie_1.png",
					"modelPropertiesResource": "mtr:properties/vehicle/bogie_1.json",
					"positionDefinitionsResource": "mtr:properties/definition/origin.json"
				}
			],
			"hasGangway1": false,
			"hasGangway2": true,
			"legacySpeedSoundBaseResource": "bart_chopper",
			"legacySpeedSoundCount": 66,
			"legacyDoorSoundBaseResource": "bart_c_car",
			"legacyDoorCloseSoundTime": 0.6
		},
		{
			"id": "bart_c2_blue_floor_backwards",
			"name": "Bart Morrison Knudsen C2 Car Blue Floor Backwards",
			"color": "4093F0",
			"transportMode": "TRAIN",
			"length": 21,
			"width": 2,
			"bogie1Position": -7.5,
			"bogie2Position": 7.5,
			"couplingPadding1": 0,
			"couplingPadding2": 0,
			"wikipediaArticle": "",
			"tags": [
				"family:bart_c2_blue_floor",
				"iso_3166:HK",
				"doors:2",
				"type:cab_2"
			],
			"models": [
			{
					"modelResource": "mtr:bart_c/bart_c_car.bbmodel",
					"textureResource": "mtr:bart_c/bart_c2_blue_floor.png",
					"modelPropertiesResource": "mtr:bart_c/bart_c_common.json",
					"positionDefinitionsResource": "mtr:bart_c/bart_c_definition.json"
				},
				{
					"modelResource": "mtr:bart_c/bart_c_car.bbmodel",
					"textureResource": "mtr:bart_c/bart_c2_blue_floor.png",
					"modelPropertiesResource": "mtr:bart_c/bart_c_head_2.json",
					"positionDefinitionsResource": "mtr:bart_c/bart_c_definition.json"
				},
				{
					"modelResource": "mtr:bart_c/bart_c_car.bbmodel",
					"textureResource": "mtr:bart_c/bart_c2_blue_floor.png",
					"modelPropertiesResource": "mtr:bart_c/bart_c_head_2_front.json",
					"positionDefinitionsResource": "mtr:bart_c/bart_c_definition.json"
				},
				{
					"modelResource": "mtr:bart_c/bart_c_car.bbmodel",
					"textureResource": "mtr:bart_c/bart_c2_blue_floor.png",
					"modelPropertiesResource": "mtr:bart_c/bart_c_end_1.json",
					"positionDefinitionsResource": "mtr:bart_c/bart_c_definition.json"
				},
				{
					"modelResource": "mtr:bart_rohr_ab/bart_door_overlay_abc.bbmodel",
					"textureResource": "mtr:bart_rohr_ab/door_sign_left.png",
					"modelPropertiesResource": "mtr:bart_rohr_ab/bart_abc_door_left_overlay.json",
					"positionDefinitionsResource": "mtr:bart_rohr_ab/bart_rohr_ab_definition.json"
				},
				{
					"modelResource": "mtr:bart_rohr_ab/bart_door_overlay_abc.bbmodel",
					"textureResource": "mtr:bart_rohr_ab/door_sign_right.png",
					"modelPropertiesResource": "mtr:bart_rohr_ab/bart_abc_door_right_overlay.json",
					"positionDefinitionsResource": "mtr:bart_rohr_ab/bart_rohr_ab_definition.json"
				},
				{
					"modelResource": "mtr:bart_c/bart_c_car.bbmodel",
					"textureResource": "mtr:bart_c/bart_c2_blue_floor.png",
					"modelPropertiesResource": "mtr:bart_c/bart_c2_door_light.json",
					"positionDefinitionsResource": "mtr:bart_c/bart_c_definition.json"
				}
			],
			"bogie1Models": [
				{
					"modelResource": "mtr:models/vehicle/bogie_1.bbmodel",
					"textureResource": "mtr:textures/vehicle/bogie_1.png",
					"modelPropertiesResource": "mtr:properties/vehicle/bogie_1.json",
					"positionDefinitionsResource": "mtr:properties/definition/origin.json"
				}
			],
			"bogie2Models": [
				{
					"modelResource": "mtr:models/vehicle/bogie_1.bbmodel",
					"textureResource": "mtr:textures/vehicle/bogie_1.png",
					"modelPropertiesResource": "mtr:properties/vehicle/bogie_1.json",
					"positionDefinitionsResource": "mtr:properties/definition/origin.json"
				}
			],
			"hasGangway1": true,
			"hasGangway2": false,
			"legacySpeedSoundBaseResource": "bart_chopper",
			"legacySpeedSoundCount": 66,
			"legacyDoorSoundBaseResource": "bart_c_car",
			"legacyDoorCloseSoundTime": 0.6
		},
		{
			"id": "bart_c2_blue_floor_forwards_midtrain",
			"name": "Bart Morrison Knudsen C2 Car Blue Floor Forwards (Mid-train)",
			"color": "4093F0",
			"transportMode": "TRAIN",
			"length": 21,
			"width": 2,
			"bogie1Position": -7.5,
			"bogie2Position": 7.5,
			"couplingPadding1": 0,
			"couplingPadding2": 0,
			"wikipediaArticle": "",
			"tags": [
				"family:bart_c2_blue_floor",
				"iso_3166:HK",
				"doors:2",
				"type:trailer"
			],
			"models": [
				{
					"modelResource": "mtr:bart_c/bart_c_car.bbmodel",
					"textureResource": "mtr:bart_c/bart_c2_blue_floor.png",
					"modelPropertiesResource": "mtr:bart_c/bart_c_common.json",
					"positionDefinitionsResource": "mtr:bart_c/bart_c_definition.json"
				},
				{
					"modelResource": "mtr:bart_c/bart_c_car.bbmodel",
					"textureResource": "mtr:bart_c/bart_c2_blue_floor.png",
					"modelPropertiesResource": "mtr:bart_c/bart_c_head_1.json",
					"positionDefinitionsResource": "mtr:bart_c/bart_c_definition.json"
				},
				{
					"modelResource": "mtr:bart_c/bart_c_car.bbmodel",
					"textureResource": "mtr:bart_c/bart_c2_blue_floor.png",
					"modelPropertiesResource": "mtr:bart_c/bart_c_head_1_end.json",
					"positionDefinitionsResource": "mtr:bart_c/bart_c_definition.json"
				},
				{
					"modelResource": "mtr:bart_c/bart_c_car.bbmodel",
					"textureResource": "mtr:bart_c/bart_c2_blue_floor.png",
					"modelPropertiesResource": "mtr:bart_c/bart_c_end_2.json",
					"positionDefinitionsResource": "mtr:bart_c/bart_c_definition.json"
				},
				{
					"modelResource": "mtr:bart_rohr_ab/bart_door_overlay_abc.bbmodel",
					"textureResource": "mtr:bart_rohr_ab/door_sign_left.png",
					"modelPropertiesResource": "mtr:bart_rohr_ab/bart_abc_door_left_overlay.json",
					"positionDefinitionsResource": "mtr:bart_rohr_ab/bart_rohr_ab_definition.json"
				},
				{
					"modelResource": "mtr:bart_rohr_ab/bart_door_overlay_abc.bbmodel",
					"textureResource": "mtr:bart_rohr_ab/door_sign_right.png",
					"modelPropertiesResource": "mtr:bart_rohr_ab/bart_abc_door_right_overlay.json",
					"positionDefinitionsResource": "mtr:bart_rohr_ab/bart_rohr_ab_definition.json"
				},
				{
					"modelResource": "mtr:bart_c/bart_c_car.bbmodel",
					"textureResource": "mtr:bart_c/bart_c2_blue_floor.png",
					"modelPropertiesResource": "mtr:bart_c/bart_c2_door_light.json",
					"positionDefinitionsResource": "mtr:bart_c/bart_c_definition.json"
				}
			],
			"bogie1Models": [
				{
					"modelResource": "mtr:models/vehicle/bogie_1.bbmodel",
					"textureResource": "mtr:textures/vehicle/bogie_1.png",
					"modelPropertiesResource": "mtr:properties/vehicle/bogie_1.json",
					"positionDefinitionsResource": "mtr:properties/definition/origin.json"
				}
			],
			"bogie2Models": [
				{
					"modelResource": "mtr:models/vehicle/bogie_1.bbmodel",
					"textureResource": "mtr:textures/vehicle/bogie_1.png",
					"modelPropertiesResource": "mtr:properties/vehicle/bogie_1.json",
					"positionDefinitionsResource": "mtr:properties/definition/origin.json"
				}
			],
			"hasGangway1": true,
			"hasGangway2": true,
			"legacySpeedSoundBaseResource": "bart_chopper",
			"legacySpeedSoundCount": 66,
			"legacyDoorSoundBaseResource": "bart_c_car",
			"legacyDoorCloseSoundTime": 0.6
		},
		{
			"id": "bart_c2_blue_floor_backwards_midtrain",
			"name": "Bart Morrison Knudsen C2 Car Blue Floor Backwards (Mid-train)",
			"color": "4093F0",
			"transportMode": "TRAIN",
			"length": 21,
			"width": 2,
			"bogie1Position": -7.5,
			"bogie2Position": 7.5,
			"couplingPadding1": 0,
			"couplingPadding2": 0,
			"wikipediaArticle": "",
			"tags": [
				"family:bart_c2_blue_floor",
				"iso_3166:HK",
				"doors:2",
				"type:trailer"
			],
			"models": [
			{
					"modelResource": "mtr:bart_c/bart_c_car.bbmodel",
					"textureResource": "mtr:bart_c/bart_c2_blue_floor.png",
					"modelPropertiesResource": "mtr:bart_c/bart_c_common.json",
					"positionDefinitionsResource": "mtr:bart_c/bart_c_definition.json"
				},
				{
					"modelResource": "mtr:bart_c/bart_c_car.bbmodel",
					"textureResource": "mtr:bart_c/bart_c2_blue_floor.png",
					"modelPropertiesResource": "mtr:bart_c/bart_c_head_2.json",
					"positionDefinitionsResource": "mtr:bart_c/bart_c_definition.json"
				},
				{
					"modelResource": "mtr:bart_c/bart_c_car.bbmodel",
					"textureResource": "mtr:bart_c/bart_c2_blue_floor.png",
					"modelPropertiesResource": "mtr:bart_c/bart_c_head_2_end.json",
					"positionDefinitionsResource": "mtr:bart_c/bart_c_definition.json"
				},
				{
					"modelResource": "mtr:bart_c/bart_c_car.bbmodel",
					"textureResource": "mtr:bart_c/bart_c2_blue_floor.png",
					"modelPropertiesResource": "mtr:bart_c/bart_c_end_1.json",
					"positionDefinitionsResource": "mtr:bart_c/bart_c_definition.json"
				},
				{
					"modelResource": "mtr:bart_rohr_ab/bart_door_overlay_abc.bbmodel",
					"textureResource": "mtr:bart_rohr_ab/door_sign_left.png",
					"modelPropertiesResource": "mtr:bart_rohr_ab/bart_abc_door_left_overlay.json",
					"positionDefinitionsResource": "mtr:bart_rohr_ab/bart_rohr_ab_definition.json"
				},
				{
					"modelResource": "mtr:bart_rohr_ab/bart_door_overlay_abc.bbmodel",
					"textureResource": "mtr:bart_rohr_ab/door_sign_right.png",
					"modelPropertiesResource": "mtr:bart_rohr_ab/bart_abc_door_right_overlay.json",
					"positionDefinitionsResource": "mtr:bart_rohr_ab/bart_rohr_ab_definition.json"
				},
				{
					"modelResource": "mtr:bart_c/bart_c_car.bbmodel",
					"textureResource": "mtr:bart_c/bart_c2_blue_floor.png",
					"modelPropertiesResource": "mtr:bart_c/bart_c2_door_light.json",
					"positionDefinitionsResource": "mtr:bart_c/bart_c_definition.json"
				}
			],
			"bogie1Models": [
				{
					"modelResource": "mtr:models/vehicle/bogie_1.bbmodel",
					"textureResource": "mtr:textures/vehicle/bogie_1.png",
					"modelPropertiesResource": "mtr:properties/vehicle/bogie_1.json",
					"positionDefinitionsResource": "mtr:properties/definition/origin.json"
				}
			],
			"bogie2Models": [
				{
					"modelResource": "mtr:models/vehicle/bogie_1.bbmodel",
					"textureResource": "mtr:textures/vehicle/bogie_1.png",
					"modelPropertiesResource": "mtr:properties/vehicle/bogie_1.json",
					"positionDefinitionsResource": "mtr:properties/definition/origin.json"
				}
			],
			"hasGangway1": true,
			"hasGangway2": true,
			"legacySpeedSoundBaseResource": "bart_chopper",
			"legacySpeedSoundCount": 66,
			"legacyDoorSoundBaseResource": "bart_c_car",
			"legacyDoorCloseSoundTime": 0.6
		},
		{
			"id": "bart_movia_d_forwards",
			"name": "Bart Bombardier Movia D Car Forwards",
			"color": "4093F0",
			"transportMode": "TRAIN",
			"length": 21,
			"width": 2,
			"bogie1Position": -7.5,
			"bogie2Position": 7.5,
			"couplingPadding1": 0,
			"couplingPadding2": 0,
			"wikipediaArticle": "",
			"tags": [
				"family:bart_movia_de",
				"iso_3166:HK",
				"doors:3",
				"type:cab_1"
			],
			"models": [
			{
					"modelResource": "mtr:bart_movia_de/bart_movia_de.bbmodel",
					"textureResource": "mtr:bart_movia_de/bart_movia_de.png",
					"modelPropertiesResource": "mtr:bart_movia_de/bart_movia_de_common.json",
					"positionDefinitionsResource": "mtr:bart_movia_de/bart_movia_de_definition.json"
				},
				{
					"modelResource": "mtr:bart_movia_de/bart_movia_de.bbmodel",
					"textureResource": "mtr:bart_movia_de/bart_movia_de.png",
					"modelPropertiesResource": "mtr:bart_movia_de/bart_movia_d_head_1.json",
					"positionDefinitionsResource": "mtr:bart_movia_de/bart_movia_de_definition.json"
				},
				{
					"modelResource": "mtr:bart_movia_de/bart_movia_de.bbmodel",
					"textureResource": "mtr:bart_movia_de/bart_movia_de.png",
					"modelPropertiesResource": "mtr:bart_movia_de/bart_movia_de_end_2.json",
					"positionDefinitionsResource": "mtr:bart_movia_de/bart_movia_de_definition.json"
				}
			],
			"bogie1Models": [
				{
					"modelResource": "mtr:models/vehicle/bogie_1.bbmodel",
					"textureResource": "mtr:textures/vehicle/bogie_1.png",
					"modelPropertiesResource": "mtr:properties/vehicle/bogie_1.json",
					"positionDefinitionsResource": "mtr:properties/definition/origin.json"
				}
			],
			"bogie2Models": [
				{
					"modelResource": "mtr:models/vehicle/bogie_1.bbmodel",
					"textureResource": "mtr:textures/vehicle/bogie_1.png",
					"modelPropertiesResource": "mtr:properties/vehicle/bogie_1.json",
					"positionDefinitionsResource": "mtr:properties/definition/origin.json"
				}
			],
			"hasGangway1": false,
			"hasGangway2": true,
			"legacySpeedSoundBaseResource": "bart_movia_de",
			"legacySpeedSoundCount": 72,
			"legacyDoorSoundBaseResource": "bart_movia_de",
			"legacyDoorCloseSoundTime": 1.0
		},
		{
			"id": "bart_movia_d_backwards",
			"name": "Bart Bombardier Movia D Car Backwards",
			"color": "4093F0",
			"transportMode": "TRAIN",
			"length": 21,
			"width": 2,
			"bogie1Position": -7.5,
			"bogie2Position": 7.5,
			"couplingPadding1": 0,
			"couplingPadding2": 0,
			"wikipediaArticle": "",
			"tags": [
				"family:bart_movia_de",
				"iso_3166:HK",
				"doors:3",
				"type:cab_2"
			],
			"models": [
			{
					"modelResource": "mtr:bart_movia_de/bart_movia_de.bbmodel",
					"textureResource": "mtr:bart_movia_de/bart_movia_de.png",
					"modelPropertiesResource": "mtr:bart_movia_de/bart_movia_de_common.json",
					"positionDefinitionsResource": "mtr:bart_movia_de/bart_movia_de_definition.json"
				},
				{
					"modelResource": "mtr:bart_movia_de/bart_movia_de.bbmodel",
					"textureResource": "mtr:bart_movia_de/bart_movia_de.png",
					"modelPropertiesResource": "mtr:bart_movia_de/bart_movia_d_head_2.json",
					"positionDefinitionsResource": "mtr:bart_movia_de/bart_movia_de_definition.json"
				},
				{
					"modelResource": "mtr:bart_movia_de/bart_movia_de.bbmodel",
					"textureResource": "mtr:bart_movia_de/bart_movia_de.png",
					"modelPropertiesResource": "mtr:bart_movia_de/bart_movia_de_end_1.json",
					"positionDefinitionsResource": "mtr:bart_movia_de/bart_movia_de_definition.json"
				}
			],
			"bogie1Models": [
				{
					"modelResource": "mtr:models/vehicle/bogie_1.bbmodel",
					"textureResource": "mtr:textures/vehicle/bogie_1.png",
					"modelPropertiesResource": "mtr:properties/vehicle/bogie_1.json",
					"positionDefinitionsResource": "mtr:properties/definition/origin.json"
				}
			],
			"bogie2Models": [
				{
					"modelResource": "mtr:models/vehicle/bogie_1.bbmodel",
					"textureResource": "mtr:textures/vehicle/bogie_1.png",
					"modelPropertiesResource": "mtr:properties/vehicle/bogie_1.json",
					"positionDefinitionsResource": "mtr:properties/definition/origin.json"
				}
			],
			"hasGangway1": true,
			"hasGangway2": false,
			"legacySpeedSoundBaseResource": "bart_movia_de",
			"legacySpeedSoundCount": 72,
			"legacyDoorSoundBaseResource": "bart_movia_de",
			"legacyDoorCloseSoundTime": 1.0
		},
		{
			"id": "bart_movia_e",
			"name": "Bart Bombardier Movia E Car",
			"color": "4093F0",
			"transportMode": "TRAIN",
			"length": 21,
			"width": 2,
			"bogie1Position": -7.5,
			"bogie2Position": 7.5,
			"couplingPadding1": 0,
			"couplingPadding2": 0,
			"wikipediaArticle": "",
			"tags": [
				"family:bart_movia_de",
				"iso_3166:HK",
				"doors:3",
				"type:trailer"
			],
			"models": [
			{
					"modelResource": "mtr:bart_movia_de/bart_movia_de.bbmodel",
					"textureResource": "mtr:bart_movia_de/bart_movia_de.png",
					"modelPropertiesResource": "mtr:bart_movia_de/bart_movia_de_common.json",
					"positionDefinitionsResource": "mtr:bart_movia_de/bart_movia_de_definition.json"
				},
				{
					"modelResource": "mtr:bart_movia_de/bart_movia_de.bbmodel",
					"textureResource": "mtr:bart_movia_de/bart_movia_de.png",
					"modelPropertiesResource": "mtr:bart_movia_de/bart_movia_de_end_2.json",
					"positionDefinitionsResource": "mtr:bart_movia_de/bart_movia_de_definition.json"
				},
				{
					"modelResource": "mtr:bart_movia_de/bart_movia_de.bbmodel",
					"textureResource": "mtr:bart_movia_de/bart_movia_de.png",
					"modelPropertiesResource": "mtr:bart_movia_de/bart_movia_de_end_1.json",
					"positionDefinitionsResource": "mtr:bart_movia_de/bart_movia_de_definition.json"
				}
			],
			"bogie1Models": [
				{
					"modelResource": "mtr:models/vehicle/bogie_1.bbmodel",
					"textureResource": "mtr:textures/vehicle/bogie_1.png",
					"modelPropertiesResource": "mtr:properties/vehicle/bogie_1.json",
					"positionDefinitionsResource": "mtr:properties/definition/origin.json"
				}
			],
			"bogie2Models": [
				{
					"modelResource": "mtr:models/vehicle/bogie_1.bbmodel",
					"textureResource": "mtr:textures/vehicle/bogie_1.png",
					"modelPropertiesResource": "mtr:properties/vehicle/bogie_1.json",
					"positionDefinitionsResource": "mtr:properties/definition/origin.json"
				}
			],
			"hasGangway1": true,
			"hasGangway2": true,
			"legacySpeedSoundBaseResource": "bart_movia_de",
			"legacySpeedSoundCount": 72,
			"legacyDoorSoundBaseResource": "bart_movia_de",
			"legacyDoorCloseSoundTime": 1.0
		}
	]
}