{
    "3thrail0_mid_yellow": {    
        "name": "[WH]0高度轨道_第三轨(中段)_黄色",
        "model": "mtrsteamloco:eyecandies/3thrail0/3thrail0_l56_yellow.obj",
        "flipV": true 
    },
    "3thrail0_mid_green": {    
        "name": "[WH]0高度轨道_第三轨(中段)_绿色",
        "model": "mtrsteamloco:eyecandies/3thrail0/3thrail0_l56_green.obj",
        "flipV": true 
    },
    "3thrail0_mid_blue": {    
        "name": "[WH]0高度轨道_第三轨(中段)_蓝色",
        "model": "mtrsteamloco:eyecandies/3thrail0/3thrail0_l56_blue.obj",
        "flipV": true 
    },
    "3thrail0_mid_gray": {    
        "name": "[WH]0高度轨道_第三轨(中段)_灰色",
        "model": "mtrsteamloco:eyecandies/3thrail0/3thrail0_l56_gray.obj",
        "flipV": true 
    },
    "3thrail0_end_yellow": {    
        "name": "[WH]0高度轨道_第三轨(端头)_黄色",
        "model": "mtrsteamloco:eyecandies/3thrail0/3thrail0_end_yellow.obj",
        "flipV": true 
    },
    "3thrail0_end_green": {    
        "name": "[WH]0高度轨道_第三轨(端头)_绿色",
        "model": "mtrsteamloco:eyecandies/3thrail0/3thrail0_end_green.obj",
        "flipV": true 
    },
    "3thrail0_end_blue": {    
        "name": "[WH]0高度轨道_第三轨(端头)_蓝色",
        "model": "mtrsteamloco:eyecandies/3thrail0/3thrail0_end_blue.obj",
        "flipV": true 
    },
    "3thrail0_end_gray": {    
        "name": "[WH]0高度轨道_第三轨(端头)_灰色",
        "model": "mtrsteamloco:eyecandies/3thrail0/3thrail0_end_gray.obj",
        "flipV": true 
    },
    "3thrail0_endflip_yellow": {    
        "name": "[WH]0高度轨道_第三轨(反向端头)_黄色",
        "model": "mtrsteamloco:eyecandies/3thrail0/3thrail0_endflip_yellow.obj",
        "flipV": true 
    },
    "3thrail0_endflip_green": {    
        "name": "[WH]0高度轨道_第三轨(反向端头)_绿色",
        "model": "mtrsteamloco:eyecandies/3thrail0/3thrail0_endflip_green.obj",
        "flipV": true 
    },
    "3thrail0_endflip_blue": {    
        "name": "[WH]0高度轨道_第三轨(反向端头)_蓝色",
        "model": "mtrsteamloco:eyecandies/3thrail0/3thrail0_endflip_blue.obj",
        "flipV": true 
    },
    "3thrail0_endflip_gray": {    
        "name": "[WH]0高度轨道_第三轨(反向端头)_灰色",
        "model": "mtrsteamloco:eyecandies/3thrail0/3thrail0_endflip_gray.obj",
        "flipV": true 
    },
    "3thrail0_full_yellow": {    
        "name": "[WH]0高度轨道_第三轨(完整单段)_黄色",
        "model": "mtrsteamloco:eyecandies/3thrail0/3thrail0_full_yellow.obj",
        "flipV": true 
    },
    "3thrail0_full_green": {    
        "name": "[WH]0高度轨道_第三轨(完整单段)_绿色",
        "model": "mtrsteamloco:eyecandies/3thrail0/3thrail0_full_green.obj",
        "flipV": true 
    },
    "3thrail0_full_blue": {    
        "name": "[WH]0高度轨道_第三轨(完整单段)_蓝色",
        "model": "mtrsteamloco:eyecandies/3thrail0/3thrail0_full_blue.obj",
        "flipV": true 
    },
    "3thrail0_full_gray": {    
        "name": "[WH]0高度轨道_第三轨(完整单段)_灰色",
        "model": "mtrsteamloco:eyecandies/3thrail0/3thrail0_full_gray.obj",
        "flipV": true 
    },
    "3thrail0c_end_yellow": {    
        "name": "[WH]0高度轨道_第三轨(侧线端头)_黄色",
        "model": "mtrsteamloco:eyecandies/3thrail0/3thrail0c_end.obj",
        "flipV": true 
    },
    "3thrail0c_endflip_yellow": {    
        "name": "[WH]0高度轨道_第三轨(侧线反向端头)_黄色",
        "model": "mtrsteamloco:eyecandies/3thrail0/3thrail0c_endflip.obj",
        "flipV": true 
    }
}