{
    "rail0_type1": {    
        "name": "[WH]0高度轨道_样式1",
        "model": "mtrsteamloco:rails/rail0/rail0.obj",
        "repeatInterval": 0.5,
        "flipV": true 
    },
    "rail0_type2": {    
        "name": "[WH]0高度轨道_样式2",
        "model": "mtrsteamloco:rails/rail0/rail0u.obj",
        "repeatInterval": 0.5,
        "flipV": true 
    },
    "rail0_cexian": {    
        "name": "[WH]0高度轨道_侧线样式",
        "model": "mtrsteamloco:rails/rail0/rail0c.obj",
        "repeatInterval": 0.5,
        "flipV": true 
    },
    "rail0_type1x3th": {    
        "name": "[WH]0高度轨道_样式1+第三轨(黄色)",
        "model": "mtrsteamloco:rails/rail0/rail03th_yellow.obj",
        "repeatInterval": 3.0,
        "flipV": true 
    },
    "rail0_type1x3th_green": {    
        "name": "[WH]0高度轨道_样式1+第三轨(绿色)",
        "model": "mtrsteamloco:rails/rail0/rail03th_green.obj",
        "repeatInterval": 3.0,
        "flipV": true 
    },
    "rail0_type1x3th_blue": {    
        "name": "[WH]0高度轨道_样式1+第三轨(蓝色)",
        "model": "mtrsteamloco:rails/rail0/rail03th_blue.obj",
        "repeatInterval": 3.0,
        "flipV": true 
    },
    "rail0_type1x3th_gray": {    
        "name": "[WH]0高度轨道_样式1+第三轨(灰色)",
        "model": "mtrsteamloco:rails/rail0/rail03th_gray.obj",
        "repeatInterval": 3.0,
        "flipV": true 
    },
    "rail0_type2x3th": {    
        "name": "[WH]0高度轨道_样式2+第三轨(黄色)",
        "model": "mtrsteamloco:rails/rail0/rail0u3th_yellow.obj",
        "repeatInterval": 3.0,
        "flipV": true 
    },
    "rail0_type2x3th_green": {    
        "name": "[WH]0高度轨道_样式2+第三轨(绿色)",
        "model": "mtrsteamloco:rails/rail0/rail0u3th_green.obj",
        "repeatInterval": 3.0,
        "flipV": true 
    },
    "rail0_type2x3th_blue": {    
        "name": "[WH]0高度轨道_样式2+第三轨(蓝色)",
        "model": "mtrsteamloco:rails/rail0/rail0u3th_blue.obj",
        "repeatInterval": 3.0,
        "flipV": true 
    },
    "rail0_type2x3th_gray": {    
        "name": "[WH]0高度轨道_样式2+第三轨(灰色)",
        "model": "mtrsteamloco:rails/rail0/rail0u3th_gray.obj",
        "repeatInterval": 3.0,
        "flipV": true 
    },
    "rail0_cexianx3th": {    
        "name": "[WH]0高度轨道_侧线样式+第三轨(黄色)",
        "model": "mtrsteamloco:rails/rail0/rail0c3th.obj",
        "repeatInterval": 3.0,
        "flipV": true 
    }
}