{"positionDefinitions":[{"name":"ba41a8bd","positions":[{"x":0.0,"y":0.0,"z":-100.0}],"positionsFlipped":[]},{"name":"ca260f39","positions":[{"x":0.0,"y":0.0,"z":-100.0}],"positionsFlipped":[]},{"name":"632ae3d0","positions":[{"x":0.0,"y":0.0,"z":-93.0}],"positionsFlipped":[]},{"name":"d9413c5","positions":[],"positionsFlipped":[{"x":0.0,"y":0.0,"z":-100.0}]},{"name":"b1e1b19f","positions":[{"x":0.0,"y":0.0,"z":-184.0}],"positionsFlipped":[]},{"name":"9903c723","positions":[{"x":0.0,"y":0.0,"z":-184.0}],"positionsFlipped":[]},{"name":"10db9510","positions":[],"positionsFlipped":[{"x":0.0,"y":0.0,"z":-100.0}]},{"name":"6b53990","positions":[],"positionsFlipped":[{"x":0.0,"y":0.0,"z":-100.0}]},{"name":"d226dc3a","positions":[{"x":0.0,"y":0.0,"z":-100.45}],"positionsFlipped":[]},{"name":"d78d71d4","positions":[{"x":0.0,"y":0.0,"z":-100.45}],"positionsFlipped":[]},{"name":"6f7ee4cb","positions":[],"positionsFlipped":[{"x":0.0,"y":0.0,"z":-100.45}]},{"name":"a1d9f456","positions":[],"positionsFlipped":[{"x":0.0,"y":0.0,"z":-100.0}]},{"name":"71cde8a5","positions":[],"positionsFlipped":[{"x":0.0,"y":0.0,"z":-100.07}]},{"name":"e16c8e3c","positions":[],"positionsFlipped":[{"x":0.0,"y":0.0,"z":-100.07}]},{"name":"efb8aee5","positions":[],"positionsFlipped":[{"x":0.0,"y":0.0,"z":-99.7}]},{"name":"ee661f90","positions":[],"positionsFlipped":[{"x":0.0,"y":0.0,"z":-99.7}]},{"name":"31a3c1ff","positions":[],"positionsFlipped":[{"x":0.0,"y":0.0,"z":-99.7}]},{"name":"3813b189","positions":[],"positionsFlipped":[{"x":0.0,"y":0.0,"z":-99.7}]},{"name":"11eefccc","positions":[],"positionsFlipped":[{"x":0.0,"y":0.0,"z":-99.7}]},{"name":"727e9cd","positions":[],"positionsFlipped":[{"x":0.0,"y":0.0,"z":-99.7}]},{"name":"362c8d88","positions":[],"positionsFlipped":[{"x":0.0,"y":0.0,"z":-99.7}]},{"name":"5384a7ad","positions":[],"positionsFlipped":[{"x":0.0,"y":0.0,"z":-99.7}]},{"name":"665060d7","positions":[],"positionsFlipped":[{"x":0.0,"y":0.0,"z":-100.0}]},{"name":"49b03910","positions":[],"positionsFlipped":[{"x":0.0,"y":0.0,"z":-100.0}]},{"name":"ed188e03","positions":[],"positionsFlipped":[{"x":0.0,"y":0.0,"z":-100.0}]},{"name":"f78da52f","positions":[],"positionsFlipped":[{"x":0.0,"y":0.0,"z":-100.0}]},{"name":"cdd24281","positions":[{"x":0.0,"y":0.0,"z":-80.0}],"positionsFlipped":[]}]}