{"positionDefinitions":[{"name":"d358c5a1","positions":[{"x":0.0,"y":0.0,"z":-100.0}],"positionsFlipped":[]},{"name":"8c7e9f3a","positions":[{"x":0.0,"y":0.0,"z":-100.0}],"positionsFlipped":[]},{"name":"9d574139","positions":[{"x":0.0,"y":0.0,"z":-93.0}],"positionsFlipped":[]},{"name":"d205e426","positions":[],"positionsFlipped":[{"x":0.0,"y":0.0,"z":-100.0}]},{"name":"a3e7e0c8","positions":[{"x":0.0,"y":0.0,"z":-184.0}],"positionsFlipped":[]},{"name":"dd1bef8a","positions":[{"x":0.0,"y":0.0,"z":-184.0}],"positionsFlipped":[]},{"name":"51c669e","positions":[],"positionsFlipped":[{"x":0.0,"y":0.0,"z":-100.0}]},{"name":"17116b45","positions":[],"positionsFlipped":[{"x":0.0,"y":0.0,"z":-100.0}]},{"name":"6134502f","positions":[{"x":0.0,"y":0.0,"z":-100.45}],"positionsFlipped":[]},{"name":"377b27e9","positions":[{"x":0.0,"y":0.0,"z":-100.45}],"positionsFlipped":[]},{"name":"4ef220ad","positions":[],"positionsFlipped":[{"x":0.0,"y":0.0,"z":-100.45}]},{"name":"5f3c6ad7","positions":[],"positionsFlipped":[{"x":0.0,"y":0.0,"z":-100.0}]},{"name":"ffaf7a5a","positions":[],"positionsFlipped":[{"x":0.0,"y":0.0,"z":-100.07}]},{"name":"771467d3","positions":[],"positionsFlipped":[{"x":0.0,"y":0.0,"z":-100.07}]},{"name":"b2cc2ce4","positions":[],"positionsFlipped":[{"x":0.0,"y":0.0,"z":-99.7}]},{"name":"f963b696","positions":[],"positionsFlipped":[{"x":0.0,"y":0.0,"z":-99.7}]},{"name":"7916532e","positions":[],"positionsFlipped":[{"x":0.0,"y":0.0,"z":-99.7}]},{"name":"3c05eb66","positions":[],"positionsFlipped":[{"x":0.0,"y":0.0,"z":-99.7}]},{"name":"6bf0f53","positions":[],"positionsFlipped":[{"x":0.0,"y":0.0,"z":-99.7}]},{"name":"57e7070c","positions":[],"positionsFlipped":[{"x":0.0,"y":0.0,"z":-99.7}]},{"name":"9c1867db","positions":[],"positionsFlipped":[{"x":0.0,"y":0.0,"z":-99.7}]},{"name":"86cc351a","positions":[],"positionsFlipped":[{"x":0.0,"y":0.0,"z":-99.7}]},{"name":"74c016ee","positions":[],"positionsFlipped":[{"x":0.0,"y":0.0,"z":-100.0}]},{"name":"e68ae11b","positions":[],"positionsFlipped":[{"x":0.0,"y":0.0,"z":-100.0}]},{"name":"3bf144d6","positions":[],"positionsFlipped":[{"x":0.0,"y":0.0,"z":-100.0}]},{"name":"c13ab892","positions":[],"positionsFlipped":[{"x":0.0,"y":0.0,"z":-100.0}]},{"name":"31ddd932","positions":[{"x":0.0,"y":0.0,"z":-100.0}],"positionsFlipped":[]}]}