{
    "vehicles": [
        {
            "id": "mtr_custom_train_atr299",
            "name": "KMB Dennis Trident (ATR299-354, 369-392)",
            "color": "C4B59B",
            "transportMode": "TRAIN",
            "length": 12,
            "width": 2,
            "bogie1Position": -1.1,
            "bogie2Position": -1.1,
            "couplingPadding1": 0,
            "couplingPadding2": 0,
            "description": "",
            "wikipediaArticle": "Dennis_Trident_3",
            "tags": [],
            "models": [
                {
                    "modelResource": "mtr:kmb/alx.bbmodel",
                    "textureResource": "mtr:kmb/atr.png",
                    "modelPropertiesResource": "mtr:properties_d2c3f0db.json",
                    "positionDefinitionsResource": "mtr:definition_b82d567e.json",
                    "flipTextureV": false
                },
                {
                    "modelResource": "mtr:kmb/alx_decals.bbmodel",
                    "textureResource": "mtr:kmb/decal.png",
                    "modelPropertiesResource": "mtr:properties_b3664e10.json",
                    "positionDefinitionsResource": "mtr:definition_92083e30.json",
                    "flipTextureV": true
                }
            ],
            "bogie1Models": [
                {
                    "modelResource": "mtr:kmb/alx.bbmodel",
                    "textureResource": "mtr:kmb/atr.png",
                    "modelPropertiesResource": "mtr:properties_f0abe350.json",
                    "positionDefinitionsResource": "mtr:definition_d179fa76.json",
                    "flipTextureV": true
                }
            ],
            "bogie2Models": [],
            "hasGangway1": false,
            "hasGangway2": false,
            "hasBarrier1": false,
            "hasBarrier2": false,
            "legacyRiderOffset": -0.5,
            "bveSoundBaseResource": "",
            "legacySpeedSoundBaseResource": "trident",
            "legacySpeedSoundCount": 51,
            "legacyUseAccelerationSoundsWhenCoasting": false,
            "legacyConstantPlaybackSpeed": false,
            "legacyDoorSoundBaseResource": "trident",
            "legacyDoorCloseSoundTime": 1.0
        },
        {
            "id": "mtr_custom_train_atr299_lr",
            "name": "KMB Dennis Trident (ATR299-354, 369-392, With luggage rack (fictional))",
            "color": "C4B59B",
            "transportMode": "TRAIN",
            "length": 12,
            "width": 2,
            "bogie1Position": -1.1,
            "bogie2Position": -1.1,
            "couplingPadding1": 0,
            "couplingPadding2": 0,
            "description": "",
            "wikipediaArticle": "Dennis_Trident_3",
            "tags": [],
            "models": [
                {
                    "modelResource": "mtr:kmb/alx.bbmodel",
                    "textureResource": "mtr:kmb/atr.png",
                    "modelPropertiesResource": "mtr:properties_5433fddb.json",
                    "positionDefinitionsResource": "mtr:definition_e1c0ec06.json",
                    "flipTextureV": false
                },
                {
                    "modelResource": "mtr:kmb/alx_decals.bbmodel",
                    "textureResource": "mtr:kmb/decal.png",
                    "modelPropertiesResource": "mtr:properties_ac91caaf.json",
                    "positionDefinitionsResource": "mtr:definition_b0b8fec9.json",
                    "flipTextureV": true
                }
            ],
            "bogie1Models": [
                {
                    "modelResource": "mtr:kmb/alx.bbmodel",
                    "textureResource": "mtr:kmb/atr.png",
                    "modelPropertiesResource": "mtr:properties_3135fb76.json",
                    "positionDefinitionsResource": "mtr:definition_9539603d.json",
                    "flipTextureV": true
                }
            ],
            "bogie2Models": [],
            "hasGangway1": false,
            "hasGangway2": false,
            "hasBarrier1": false,
            "hasBarrier2": false,
            "legacyRiderOffset": -0.5,
            "bveSoundBaseResource": "",
            "legacySpeedSoundBaseResource": "trident",
            "legacySpeedSoundCount": 51,
            "legacyUseAccelerationSoundsWhenCoasting": false,
            "legacyConstantPlaybackSpeed": false,
            "legacyDoorSoundBaseResource": "trident",
            "legacyDoorCloseSoundTime": 1.0
        }
    ],
    "signs": [],
    "rails": [],
    "objects": []
}