{
	"trident_door_open": {
		"sounds": [{
			"name": "mtr:trident/door_open",
			"attenuation_distance": 32
		}]
	},
	"trident_door_close": {
		"sounds": [{
			"name": "mtr:trident/door_close",
			"attenuation_distance": 32
		}]
	},
		"trident_acceleration_0a": {
		"sounds": [
			{
				"name": "mtr:trident/acceleration/speed_0a",
				"pitch": 1,
				"attenuation_distance": 32
			}
		]
	},
	"trident_acceleration_1a": {
		"sounds": [
			{
				"name": "mtr:trident/acceleration/speed_1a",
				"pitch": 1,
				"attenuation_distance": 32
			}
		]
	},
	"trident_acceleration_2a": {
		"sounds": [
			{
				"name": "mtr:trident/acceleration/speed_2a",
				"pitch": 1,
				"attenuation_distance": 32
			}
		]
	},
	"trident_acceleration_3a": {
		"sounds": [
			{
				"name": "mtr:trident/acceleration/speed_3a",
				"pitch": 1,
				"attenuation_distance": 32
			}
		]
	},
	"trident_acceleration_4a": {
		"sounds": [
			{
				"name": "mtr:trident/acceleration/speed_4a",
				"pitch": 1,
				"attenuation_distance": 32
			}
		]
	},
	"trident_acceleration_5a": {
		"sounds": [
			{
				"name": "mtr:trident/acceleration/speed_5a",
				"pitch": 1,
				"attenuation_distance": 32
			}
		]
	},
	"trident_acceleration_6a": {
		"sounds": [
			{
				"name": "mtr:trident/acceleration/speed_6a",
				"pitch": 1,
				"attenuation_distance": 32
			}
		]
	},
	"trident_acceleration_7a": {
		"sounds": [
			{
				"name": "mtr:trident/acceleration/speed_7a",
				"pitch": 1,
				"attenuation_distance": 32
			}
		]
	},
	"trident_acceleration_8a": {
		"sounds": [
			{
				"name": "mtr:trident/acceleration/speed_8a",
				"pitch": 1,
				"attenuation_distance": 32
			}
		]
	},
	"trident_acceleration_9a": {
		"sounds": [
			{
				"name": "mtr:trident/acceleration/speed_9a",
				"pitch": 1,
				"attenuation_distance": 32
			}
		]
	},
	"trident_acceleration_10a": {
		"sounds": [
			{
				"name": "mtr:trident/acceleration/speed_10a",
				"pitch": 1,
				"attenuation_distance": 32
			}
		]
	},
	"trident_acceleration_11a": {
		"sounds": [
			{
				"name": "mtr:trident/acceleration/speed_11a",
				"pitch": 1,
				"attenuation_distance": 32
			}
		]
	},
	"trident_acceleration_12a": {
		"sounds": [
			{
				"name": "mtr:trident/acceleration/speed_12a",
				"pitch": 1,
				"attenuation_distance": 32
			}
		]
	},
	"trident_acceleration_13a": {
		"sounds": [
			{
				"name": "mtr:trident/acceleration/speed_13a",
				"pitch": 1,
				"attenuation_distance": 32
			}
		]
	},
	"trident_acceleration_14a": {
		"sounds": [
			{
				"name": "mtr:trident/acceleration/speed_14a",
				"pitch": 1,
				"attenuation_distance": 32
			}
		]
	},
	"trident_acceleration_15a": {
		"sounds": [
			{
				"name": "mtr:trident/acceleration/speed_15a",
				"pitch": 1,
				"attenuation_distance": 32
			}
		]
	},
	"trident_acceleration_16a": {
		"sounds": [
			{
				"name": "mtr:trident/acceleration/speed_16a",
				"pitch": 1,
				"attenuation_distance": 32
			}
		]
	},
	"trident_acceleration_0b": {
		"sounds": [
			{
				"name": "mtr:trident/acceleration/speed_0b",
				"pitch": 1,
				"attenuation_distance": 32
			}
		]
	},
	"trident_acceleration_1b": {
		"sounds": [
			{
				"name": "mtr:trident/acceleration/speed_1b",
				"pitch": 1,
				"attenuation_distance": 32
			}
		]
	},
	"trident_acceleration_2b": {
		"sounds": [
			{
				"name": "mtr:trident/acceleration/speed_2b",
				"pitch": 1,
				"attenuation_distance": 32
			}
		]
	},
	"trident_acceleration_3b": {
		"sounds": [
			{
				"name": "mtr:trident/acceleration/speed_3b",
				"pitch": 1,
				"attenuation_distance": 32
			}
		]
	},
	"trident_acceleration_4b": {
		"sounds": [
			{
				"name": "mtr:trident/acceleration/speed_4b",
				"pitch": 1,
				"attenuation_distance": 32
			}
		]
	},
	"trident_acceleration_5b": {
		"sounds": [
			{
				"name": "mtr:trident/acceleration/speed_5b",
				"pitch": 1,
				"attenuation_distance": 32
			}
		]
	},
	"trident_acceleration_6b": {
		"sounds": [
			{
				"name": "mtr:trident/acceleration/speed_6b",
				"pitch": 1,
				"attenuation_distance": 32
			}
		]
	},
	"trident_acceleration_7b": {
		"sounds": [
			{
				"name": "mtr:trident/acceleration/speed_7b",
				"pitch": 1,
				"attenuation_distance": 32
			}
		]
	},
	"trident_acceleration_8b": {
		"sounds": [
			{
				"name": "mtr:trident/acceleration/speed_8b",
				"pitch": 1,
				"attenuation_distance": 32
			}
		]
	},
	"trident_acceleration_9b": {
		"sounds": [
			{
				"name": "mtr:trident/acceleration/speed_9b",
				"pitch": 1,
				"attenuation_distance": 32
			}
		]
	},
	"trident_acceleration_10b": {
		"sounds": [
			{
				"name": "mtr:trident/acceleration/speed_10b",
				"pitch": 1,
				"attenuation_distance": 32
			}
		]
	},
	"trident_acceleration_11b": {
		"sounds": [
			{
				"name": "mtr:trident/acceleration/speed_11b",
				"pitch": 1,
				"attenuation_distance": 32
			}
		]
	},
	"trident_acceleration_12b": {
		"sounds": [
			{
				"name": "mtr:trident/acceleration/speed_12b",
				"pitch": 1,
				"attenuation_distance": 32
			}
		]
	},
	"trident_acceleration_13b": {
		"sounds": [
			{
				"name": "mtr:trident/acceleration/speed_13b",
				"pitch": 1,
				"attenuation_distance": 32
			}
		]
	},
	"trident_acceleration_14b": {
		"sounds": [
			{
				"name": "mtr:trident/acceleration/speed_14b",
				"pitch": 1,
				"attenuation_distance": 32
			}
		]
	},
	"trident_acceleration_15b": {
		"sounds": [
			{
				"name": "mtr:trident/acceleration/speed_15b",
				"pitch": 1,
				"attenuation_distance": 32
			}
		]
	},
	"trident_acceleration_16b": {
		"sounds": [
			{
				"name": "mtr:trident/acceleration/speed_16b",
				"pitch": 1,
				"attenuation_distance": 32
			}
		]
	},
	"trident_acceleration_0c": {
		"sounds": [
			{
				"name": "mtr:trident/acceleration/speed_0c",
				"pitch": 1,
				"attenuation_distance": 32
			}
		]
	},
	"trident_acceleration_1c": {
		"sounds": [
			{
				"name": "mtr:trident/acceleration/speed_1c",
				"pitch": 1,
				"attenuation_distance": 32
			}
		]
	},
	"trident_acceleration_2c": {
		"sounds": [
			{
				"name": "mtr:trident/acceleration/speed_2c",
				"pitch": 1,
				"attenuation_distance": 32
			}
		]
	},
	"trident_acceleration_3c": {
		"sounds": [
			{
				"name": "mtr:trident/acceleration/speed_3c",
				"pitch": 1,
				"attenuation_distance": 32
			}
		]
	},
	"trident_acceleration_4c": {
		"sounds": [
			{
				"name": "mtr:trident/acceleration/speed_4c",
				"pitch": 1,
				"attenuation_distance": 32
			}
		]
	},
	"trident_acceleration_5c": {
		"sounds": [
			{
				"name": "mtr:trident/acceleration/speed_5c",
				"pitch": 1,
				"attenuation_distance": 32
			}
		]
	},
	"trident_acceleration_6c": {
		"sounds": [
			{
				"name": "mtr:trident/acceleration/speed_6c",
				"pitch": 1,
				"attenuation_distance": 32
			}
		]
	},
	"trident_acceleration_7c": {
		"sounds": [
			{
				"name": "mtr:trident/acceleration/speed_7c",
				"pitch": 1,
				"attenuation_distance": 32
			}
		]
	},
	"trident_acceleration_8c": {
		"sounds": [
			{
				"name": "mtr:trident/acceleration/speed_8c",
				"pitch": 1,
				"attenuation_distance": 32
			}
		]
	},
	"trident_acceleration_9c": {
		"sounds": [
			{
				"name": "mtr:trident/acceleration/speed_9c",
				"pitch": 1,
				"attenuation_distance": 32
			}
		]
	},
	"trident_acceleration_10c": {
		"sounds": [
			{
				"name": "mtr:trident/acceleration/speed_10c",
				"pitch": 1,
				"attenuation_distance": 32
			}
		]
	},
	"trident_acceleration_11c": {
		"sounds": [
			{
				"name": "mtr:trident/acceleration/speed_11c",
				"pitch": 1,
				"attenuation_distance": 32
			}
		]
	},
	"trident_acceleration_12c": {
		"sounds": [
			{
				"name": "mtr:trident/acceleration/speed_12c",
				"pitch": 1,
				"attenuation_distance": 32
			}
		]
	},
	"trident_acceleration_13c": {
		"sounds": [
			{
				"name": "mtr:trident/acceleration/speed_13c",
				"pitch": 1,
				"attenuation_distance": 32
			}
		]
	},
	"trident_acceleration_14c": {
		"sounds": [
			{
				"name": "mtr:trident/acceleration/speed_14c",
				"pitch": 1,
				"attenuation_distance": 32
			}
		]
	},
	"trident_acceleration_15c": {
		"sounds": [
			{
				"name": "mtr:trident/acceleration/speed_15c",
				"pitch": 1,
				"attenuation_distance": 32
			}
		]
	},
	"trident_acceleration_16c": {
		"sounds": [
			{
				"name": "mtr:trident/acceleration/speed_16c",
				"pitch": 1,
				"attenuation_distance": 32
			}
		]
	},
	"trident_deceleration_0a": {
		"sounds": [
			{
				"name": "mtr:trident/deceleration/speed_0a",
				"pitch": 1,
				"attenuation_distance": 32
			}
		]
	},
	"trident_deceleration_1a": {
		"sounds": [
			{
				"name": "mtr:trident/deceleration/speed_1a",
				"pitch": 1,
				"attenuation_distance": 32
			}
		]
	},
	"trident_deceleration_2a": {
		"sounds": [
			{
				"name": "mtr:trident/deceleration/speed_2a",
				"pitch": 1,
				"attenuation_distance": 32
			}
		]
	},
	"trident_deceleration_3a": {
		"sounds": [
			{
				"name": "mtr:trident/deceleration/speed_3a",
				"pitch": 1,
				"attenuation_distance": 32
			}
		]
	},
	"trident_deceleration_4a": {
		"sounds": [
			{
				"name": "mtr:trident/deceleration/speed_4a",
				"pitch": 1,
				"attenuation_distance": 32
			}
		]
	},
	"trident_deceleration_5a": {
		"sounds": [
			{
				"name": "mtr:trident/deceleration/speed_5a",
				"pitch": 1,
				"attenuation_distance": 32
			}
		]
	},
	"trident_deceleration_6a": {
		"sounds": [
			{
				"name": "mtr:trident/deceleration/speed_6a",
				"pitch": 1,
				"attenuation_distance": 32
			}
		]
	},
	"trident_deceleration_7a": {
		"sounds": [
			{
				"name": "mtr:trident/deceleration/speed_7a",
				"pitch": 1,
				"attenuation_distance": 32
			}
		]
	},
	"trident_deceleration_8a": {
		"sounds": [
			{
				"name": "mtr:trident/deceleration/speed_8a",
				"pitch": 1,
				"attenuation_distance": 32
			}
		]
	},
	"trident_deceleration_9a": {
		"sounds": [
			{
				"name": "mtr:trident/deceleration/speed_9a",
				"pitch": 1,
				"attenuation_distance": 32
			}
		]
	},
	"trident_deceleration_10a": {
		"sounds": [
			{
				"name": "mtr:trident/deceleration/speed_10a",
				"pitch": 1,
				"attenuation_distance": 32
			}
		]
	},
	"trident_deceleration_11a": {
		"sounds": [
			{
				"name": "mtr:trident/deceleration/speed_11a",
				"pitch": 1,
				"attenuation_distance": 32
			}
		]
	},
	"trident_deceleration_12a": {
		"sounds": [
			{
				"name": "mtr:trident/deceleration/speed_12a",
				"pitch": 1,
				"attenuation_distance": 32
			}
		]
	},
	"trident_deceleration_13a": {
		"sounds": [
			{
				"name": "mtr:trident/deceleration/speed_13a",
				"pitch": 1,
				"attenuation_distance": 32
			}
		]
	},
	"trident_deceleration_14a": {
		"sounds": [
			{
				"name": "mtr:trident/deceleration/speed_14a",
				"pitch": 1,
				"attenuation_distance": 32
			}
		]
	},
	"trident_deceleration_15a": {
		"sounds": [
			{
				"name": "mtr:trident/deceleration/speed_15a",
				"pitch": 1,
				"attenuation_distance": 32
			}
		]
	},
	"trident_deceleration_16a": {
		"sounds": [
			{
				"name": "mtr:trident/deceleration/speed_16a",
				"pitch": 1,
				"attenuation_distance": 32
			}
		]
	},
	"trident_deceleration_0b": {
		"sounds": [
			{
				"name": "mtr:trident/deceleration/speed_0b",
				"pitch": 1,
				"attenuation_distance": 32
			}
		]
	},
	"trident_deceleration_1b": {
		"sounds": [
			{
				"name": "mtr:trident/deceleration/speed_1b",
				"pitch": 1,
				"attenuation_distance": 32
			}
		]
	},
	"trident_deceleration_2b": {
		"sounds": [
			{
				"name": "mtr:trident/deceleration/speed_2b",
				"pitch": 1,
				"attenuation_distance": 32
			}
		]
	},
	"trident_deceleration_3b": {
		"sounds": [
			{
				"name": "mtr:trident/deceleration/speed_3b",
				"pitch": 1,
				"attenuation_distance": 32
			}
		]
	},
	"trident_deceleration_4b": {
		"sounds": [
			{
				"name": "mtr:trident/deceleration/speed_4b",
				"pitch": 1,
				"attenuation_distance": 32
			}
		]
	},
	"trident_deceleration_5b": {
		"sounds": [
			{
				"name": "mtr:trident/deceleration/speed_5b",
				"pitch": 1,
				"attenuation_distance": 32
			}
		]
	},
	"trident_deceleration_6b": {
		"sounds": [
			{
				"name": "mtr:trident/deceleration/speed_6b",
				"pitch": 1,
				"attenuation_distance": 32
			}
		]
	},
	"trident_deceleration_7b": {
		"sounds": [
			{
				"name": "mtr:trident/deceleration/speed_7b",
				"pitch": 1,
				"attenuation_distance": 32
			}
		]
	},
	"trident_deceleration_8b": {
		"sounds": [
			{
				"name": "mtr:trident/deceleration/speed_8b",
				"pitch": 1,
				"attenuation_distance": 32
			}
		]
	},
	"trident_deceleration_9b": {
		"sounds": [
			{
				"name": "mtr:trident/deceleration/speed_9b",
				"pitch": 1,
				"attenuation_distance": 32
			}
		]
	},
	"trident_deceleration_10b": {
		"sounds": [
			{
				"name": "mtr:trident/deceleration/speed_10b",
				"pitch": 1,
				"attenuation_distance": 32
			}
		]
	},
	"trident_deceleration_11b": {
		"sounds": [
			{
				"name": "mtr:trident/deceleration/speed_11b",
				"pitch": 1,
				"attenuation_distance": 32
			}
		]
	},
	"trident_deceleration_12b": {
		"sounds": [
			{
				"name": "mtr:trident/deceleration/speed_12b",
				"pitch": 1,
				"attenuation_distance": 32
			}
		]
	},
	"trident_deceleration_13b": {
		"sounds": [
			{
				"name": "mtr:trident/deceleration/speed_13b",
				"pitch": 1,
				"attenuation_distance": 32
			}
		]
	},
	"trident_deceleration_14b": {
		"sounds": [
			{
				"name": "mtr:trident/deceleration/speed_14b",
				"pitch": 1,
				"attenuation_distance": 32
			}
		]
	},
	"trident_deceleration_15b": {
		"sounds": [
			{
				"name": "mtr:trident/deceleration/speed_15b",
				"pitch": 1,
				"attenuation_distance": 32
			}
		]
	},
	"trident_deceleration_16b": {
		"sounds": [
			{
				"name": "mtr:trident/deceleration/speed_16b",
				"pitch": 1,
				"attenuation_distance": 32
			}
		]
	},
	"trident_deceleration_0c": {
		"sounds": [
			{
				"name": "mtr:trident/deceleration/speed_0c",
				"pitch": 1,
				"attenuation_distance": 32
			}
		]
	},
	"trident_deceleration_1c": {
		"sounds": [
			{
				"name": "mtr:trident/deceleration/speed_1c",
				"pitch": 1,
				"attenuation_distance": 32
			}
		]
	},
	"trident_deceleration_2c": {
		"sounds": [
			{
				"name": "mtr:trident/deceleration/speed_2c",
				"pitch": 1,
				"attenuation_distance": 32
			}
		]
	},
	"trident_deceleration_3c": {
		"sounds": [
			{
				"name": "mtr:trident/deceleration/speed_3c",
				"pitch": 1,
				"attenuation_distance": 32
			}
		]
	},
	"trident_deceleration_4c": {
		"sounds": [
			{
				"name": "mtr:trident/deceleration/speed_4c",
				"pitch": 1,
				"attenuation_distance": 32
			}
		]
	},
	"trident_deceleration_5c": {
		"sounds": [
			{
				"name": "mtr:trident/deceleration/speed_5c",
				"pitch": 1,
				"attenuation_distance": 32
			}
		]
	},
	"trident_deceleration_6c": {
		"sounds": [
			{
				"name": "mtr:trident/deceleration/speed_6c",
				"pitch": 1,
				"attenuation_distance": 32
			}
		]
	},
	"trident_deceleration_7c": {
		"sounds": [
			{
				"name": "mtr:trident/deceleration/speed_7c",
				"pitch": 1,
				"attenuation_distance": 32
			}
		]
	},
	"trident_deceleration_8c": {
		"sounds": [
			{
				"name": "mtr:trident/deceleration/speed_8c",
				"pitch": 1,
				"attenuation_distance": 32
			}
		]
	},
	"trident_deceleration_9c": {
		"sounds": [
			{
				"name": "mtr:trident/deceleration/speed_9c",
				"pitch": 1,
				"attenuation_distance": 32
			}
		]
	},
	"trident_deceleration_10c": {
		"sounds": [
			{
				"name": "mtr:trident/deceleration/speed_10c",
				"pitch": 1,
				"attenuation_distance": 32
			}
		]
	},
	"trident_deceleration_11c": {
		"sounds": [
			{
				"name": "mtr:trident/deceleration/speed_11c",
				"pitch": 1,
				"attenuation_distance": 32
			}
		]
	},
	"trident_deceleration_12c": {
		"sounds": [
			{
				"name": "mtr:trident/deceleration/speed_12c",
				"pitch": 1,
				"attenuation_distance": 32
			}
		]
	},
	"trident_deceleration_13c": {
		"sounds": [
			{
				"name": "mtr:trident/deceleration/speed_13c",
				"pitch": 1,
				"attenuation_distance": 32
			}
		]
	},
	"trident_deceleration_14c": {
		"sounds": [
			{
				"name": "mtr:trident/deceleration/speed_14c",
				"pitch": 1,
				"attenuation_distance": 32
			}
		]
	},
	"trident_deceleration_15c": {
		"sounds": [
			{
				"name": "mtr:trident/deceleration/speed_15c",
				"pitch": 1,
				"attenuation_distance": 32
			}
		]
	},
	"trident_deceleration_16c": {
		"sounds": [
			{
				"name": "mtr:trident/deceleration/speed_16c",
				"pitch": 1,
				"attenuation_distance": 32
			}
		]
	}
}