{"vehicles":[{"id":"rtdmrd78","name":"ResuiTransit DMR D78 (Trailer)","color":"424242","transportMode":"TRAIN","length":11.0,"width":2.0,"bogie1Position":-6.0,"bogie2Position":6.0,"couplingPadding1":0.25,"couplingPadding2":0.25,"description":"This is my custom vehicle!","wikipediaArticle":"","tags":[],"models":[{"modelResource":"mtr:models/vehicle/london_underground_d78.bbmodel","textureResource":"mtr:rt-dmr-d78.png","modelPropertiesResource":"mtr:properties/vehicle/london_underground_d78_end_1.json","positionDefinitionsResource":"mtr:properties/definition/london_underground_d78_mini.json","flipTextureV":true},{"modelResource":"mtr:models/vehicle/london_underground_d78.bbmodel","textureResource":"mtr:rt-dmr-d78.png","modelPropertiesResource":"mtr:properties/vehicle/london_underground_d78_common.json","positionDefinitionsResource":"mtr:properties/definition/london_underground_d78_mini.json","flipTextureV":true},{"modelResource":"mtr:models/vehicle/london_underground_d78.bbmodel","textureResource":"mtr:rt-dmr-d78.png","modelPropertiesResource":"mtr:properties/vehicle/london_underground_d78_end_2.json","positionDefinitionsResource":"mtr:properties/definition/london_underground_d78_mini.json","flipTextureV":true}],"bogie1Models":[{"modelResource":"mtr:models/vehicle/bogie_1.bbmodel","textureResource":"mtr:textures/vehicle/bogie_1.png","modelPropertiesResource":"mtr:properties/vehicle/bogie_1.json","positionDefinitionsResource":"mtr:properties/definition/origin.json","flipTextureV":true}],"bogie2Models":[{"modelResource":"mtr:models/vehicle/bogie_1.bbmodel","textureResource":"mtr:textures/vehicle/bogie_1.png","modelPropertiesResource":"mtr:properties/vehicle/bogie_1.json","positionDefinitionsResource":"mtr:properties/definition/origin.json","flipTextureV":true}],"hasGangway1":false,"hasGangway2":false,"hasBarrier1":true,"hasBarrier2":true,"legacyRiderOffset":0.0,"bveSoundBaseResource":"","legacySpeedSoundBaseResource":"sp1900","legacySpeedSoundCount":200,"legacyUseAccelerationSoundsWhenCoasting":false,"legacyConstantPlaybackSpeed":false,"legacyDoorSoundBaseResource":"sp1900","legacyDoorCloseSoundTime":0.0},{"id":"rtdmrd781","name":"ResuiTransit DMR D78 (Head)","color":"424242","transportMode":"TRAIN","length":11.0,"width":2.0,"bogie1Position":-1.5,"bogie2Position":6.0,"couplingPadding1":0.25,"couplingPadding2":0.25,"description":"This is my custom vehicle!","wikipediaArticle":"","tags":[],"models":[{"modelResource":"mtr:models/vehicle/london_underground_d78.bbmodel","textureResource":"mtr:rt-dmr-d78.png","modelPropertiesResource":"mtr:properties/vehicle/london_underground_d78_head_1.json","positionDefinitionsResource":"mtr:properties/definition/london_underground_d78_mini.json","flipTextureV":true},{"modelResource":"mtr:models/vehicle/london_underground_d78.bbmodel","textureResource":"mtr:rt-dmr-d78.png","modelPropertiesResource":"mtr:properties/vehicle/london_underground_d78_common.json","positionDefinitionsResource":"mtr:properties/definition/london_underground_d78_mini.json","flipTextureV":true},{"modelResource":"mtr:models/vehicle/london_underground_d78.bbmodel","textureResource":"mtr:rt-dmr-d78.png","modelPropertiesResource":"mtr:properties/vehicle/london_underground_d78_end_2.json","positionDefinitionsResource":"mtr:properties/definition/london_underground_d78_mini.json","flipTextureV":true}],"bogie1Models":[{"modelResource":"mtr:models/vehicle/bogie_1.bbmodel","textureResource":"mtr:textures/vehicle/bogie_1.png","modelPropertiesResource":"mtr:properties/vehicle/bogie_1.json","positionDefinitionsResource":"mtr:properties/definition/origin.json","flipTextureV":true}],"bogie2Models":[{"modelResource":"mtr:models/vehicle/bogie_1.bbmodel","textureResource":"mtr:textures/vehicle/bogie_1.png","modelPropertiesResource":"mtr:properties/vehicle/bogie_1.json","positionDefinitionsResource":"mtr:properties/definition/origin.json","flipTextureV":true}],"hasGangway1":false,"hasGangway2":false,"hasBarrier1":false,"hasBarrier2":true,"legacyRiderOffset":0.0,"bveSoundBaseResource":"","legacySpeedSoundBaseResource":"sp1900","legacySpeedSoundCount":200,"legacyUseAccelerationSoundsWhenCoasting":false,"legacyConstantPlaybackSpeed":false,"legacyDoorSoundBaseResource":"sp1900","legacyDoorCloseSoundTime":0.0},{"id":"rtdmrd782","name":"ResuiTransit DMR D78 (End)","color":"424242","transportMode":"TRAIN","length":11.0,"width":2.0,"bogie1Position":-6.0,"bogie2Position":1.5,"couplingPadding1":0.25,"couplingPadding2":0.25,"description":"This is my custom vehicle!","wikipediaArticle":"","tags":[],"models":[{"modelResource":"mtr:models/vehicle/london_underground_d78.bbmodel","textureResource":"mtr:rt-dmr-d78.png","modelPropertiesResource":"mtr:properties/vehicle/london_underground_d78_end_1.json","positionDefinitionsResource":"mtr:properties/definition/london_underground_d78_mini.json","flipTextureV":true},{"modelResource":"mtr:models/vehicle/london_underground_d78.bbmodel","textureResource":"mtr:rt-dmr-d78.png","modelPropertiesResource":"mtr:properties/vehicle/london_underground_d78_common.json","positionDefinitionsResource":"mtr:properties/definition/london_underground_d78_mini.json","flipTextureV":true},{"modelResource":"mtr:models/vehicle/london_underground_d78.bbmodel","textureResource":"mtr:rt-dmr-d78.png","modelPropertiesResource":"mtr:properties/vehicle/london_underground_d78_head_2.json","positionDefinitionsResource":"mtr:properties/definition/london_underground_d78_mini.json","flipTextureV":true}],"bogie1Models":[{"modelResource":"mtr:models/vehicle/bogie_1.bbmodel","textureResource":"mtr:textures/vehicle/bogie_1.png","modelPropertiesResource":"mtr:properties/vehicle/bogie_1.json","positionDefinitionsResource":"mtr:properties/definition/origin.json","flipTextureV":true}],"bogie2Models":[{"modelResource":"mtr:models/vehicle/bogie_1.bbmodel","textureResource":"mtr:textures/vehicle/bogie_1.png","modelPropertiesResource":"mtr:properties/vehicle/bogie_1.json","positionDefinitionsResource":"mtr:properties/definition/origin.json","flipTextureV":true}],"hasGangway1":false,"hasGangway2":false,"hasBarrier1":true,"hasBarrier2":true,"legacyRiderOffset":0.0,"bveSoundBaseResource":"","legacySpeedSoundBaseResource":"sp1900","legacySpeedSoundCount":200,"legacyUseAccelerationSoundsWhenCoasting":false,"legacyConstantPlaybackSpeed":false,"legacyDoorSoundBaseResource":"sp1900","legacyDoorCloseSoundTime":0.0}],"signs":[],"rails":[],"objects":[],"lifts":[]}