{"positionDefinitions":[{"name":"4828cd83","positions":[],"positionsFlipped":[{"x":0.0,"y":0.0,"z":0.0}]},{"name":"7f7b6e45","positions":[],"positionsFlipped":[{"x":0.0,"y":0.0,"z":0.0}]},{"name":"3ae98279","positions":[],"positionsFlipped":[{"x":0.0,"y":0.0,"z":0.0}]},{"name":"383ade5a","positions":[],"positionsFlipped":[{"x":0.0,"y":0.0,"z":0.0}]},{"name":"de316d1f","positions":[],"positionsFlipped":[{"x":0.0,"y":0.0,"z":0.0}]},{"name":"a9d4f596","positions":[],"positionsFlipped":[{"x":0.0,"y":0.0,"z":0.0}]},{"name":"67c21e07","positions":[],"positionsFlipped":[{"x":0.0,"y":0.0,"z":0.0}]},{"name":"7a2fcf95","positions":[],"positionsFlipped":[{"x":0.0,"y":0.0,"z":0.0}]},{"name":"42552bde","positions":[],"positionsFlipped":[{"x":0.0,"y":0.0,"z":0.0}]},{"name":"e29aecfd","positions":[],"positionsFlipped":[{"x":0.0,"y":0.0,"z":0.0}]},{"name":"900d9424","positions":[],"positionsFlipped":[{"x":0.0,"y":0.0,"z":0.0}]},{"name":"4c8d81c","positions":[],"positionsFlipped":[{"x":0.0,"y":0.0,"z":0.0}]},{"name":"4ac12500","positions":[],"positionsFlipped":[{"x":0.0,"y":0.0,"z":0.0}]},{"name":"4c57cf52","positions":[],"positionsFlipped":[{"x":0.0,"y":0.0,"z":0.0}]},{"name":"b7914379","positions":[],"positionsFlipped":[{"x":0.0,"y":0.0,"z":0.0}]},{"name":"8a4f6a06","positions":[],"positionsFlipped":[{"x":0.0,"y":0.0,"z":0.0}]},{"name":"91383257","positions":[],"positionsFlipped":[{"x":0.0,"y":0.0,"z":0.0}]},{"name":"e3d3a592","positions":[],"positionsFlipped":[{"x":0.0,"y":0.0,"z":0.0}]},{"name":"c505fb59","positions":[],"positionsFlipped":[{"x":0.0,"y":0.0,"z":0.0}]},{"name":"635808b3","positions":[],"positionsFlipped":[{"x":0.0,"y":0.0,"z":0.0}]},{"name":"5e1844a7","positions":[{"x":0.0,"y":0.0,"z":0.0}],"positionsFlipped":[]},{"name":"3eead80e","positions":[{"x":0.0,"y":0.0,"z":0.0}],"positionsFlipped":[{"x":0.0,"y":0.0,"z":0.0}]},{"name":"35de7d64","positions":[],"positionsFlipped":[{"x":0.0,"y":0.0,"z":0.0}]},{"name":"3e15f411","positions":[],"positionsFlipped":[{"x":0.0,"y":0.0,"z":0.0}]},{"name":"7e66ed06","positions":[],"positionsFlipped":[{"x":0.0,"y":0.0,"z":0.0}]},{"name":"74538542","positions":[],"positionsFlipped":[{"x":0.0,"y":0.0,"z":0.0}]},{"name":"ed4d1b03","positions":[],"positionsFlipped":[{"x":0.0,"y":0.0,"z":0.0}]},{"name":"49060c68","positions":[],"positionsFlipped":[{"x":0.0,"y":0.0,"z":0.0}]},{"name":"232bdd3c","positions":[{"x":0.0,"y":0.0,"z":-63.25},{"x":0.0,"y":0.0,"z":46.75}],"positionsFlipped":[{"x":0.0,"y":0.0,"z":-63.25},{"x":0.0,"y":0.0,"z":46.75}]},{"name":"918aa5ae","positions":[{"x":0.0,"y":0.0,"z":-63.25},{"x":0.0,"y":0.0,"z":46.75}],"positionsFlipped":[{"x":0.0,"y":0.0,"z":-63.25},{"x":0.0,"y":0.0,"z":46.75}]},{"name":"3563dc2d","positions":[{"x":0.0,"y":0.0,"z":-63.25},{"x":0.0,"y":0.0,"z":46.75}],"positionsFlipped":[{"x":0.0,"y":0.0,"z":-63.25},{"x":0.0,"y":0.0,"z":46.75}]},{"name":"3a3708f3","positions":[{"x":0.0,"y":0.0,"z":-63.25},{"x":0.0,"y":0.0,"z":46.75}],"positionsFlipped":[{"x":0.0,"y":0.0,"z":-63.25},{"x":0.0,"y":0.0,"z":46.75}]},{"name":"46b442c9","positions":[{"x":0.0,"y":0.0,"z":-63.25},{"x":0.0,"y":0.0,"z":46.75}],"positionsFlipped":[{"x":0.0,"y":0.0,"z":-63.25},{"x":0.0,"y":0.0,"z":46.75}]}]}