{"positionDefinitions":[{"name":"f505546","positions":[{"x":0.0,"y":0.0,"z":0.0}],"positionsFlipped":[]},{"name":"b58effb9","positions":[{"x":0.0,"y":0.0,"z":0.0}],"positionsFlipped":[]},{"name":"599384c8","positions":[{"x":0.0,"y":0.0,"z":0.0}],"positionsFlipped":[]},{"name":"ad411aeb","positions":[{"x":0.0,"y":0.0,"z":0.0}],"positionsFlipped":[]},{"name":"d442e930","positions":[{"x":0.0,"y":0.0,"z":0.0}],"positionsFlipped":[]},{"name":"4792effb","positions":[{"x":0.0,"y":0.0,"z":0.0}],"positionsFlipped":[]},{"name":"7427a92c","positions":[{"x":0.0,"y":0.0,"z":0.0}],"positionsFlipped":[]},{"name":"d40ee1ee","positions":[{"x":0.0,"y":0.0,"z":0.0}],"positionsFlipped":[]},{"name":"e5f75bf3","positions":[{"x":0.0,"y":0.0,"z":0.0}],"positionsFlipped":[]},{"name":"466243f8","positions":[{"x":0.0,"y":0.0,"z":0.0}],"positionsFlipped":[]},{"name":"ffb16ba","positions":[{"x":0.0,"y":0.0,"z":0.0}],"positionsFlipped":[]},{"name":"d5d43fa0","positions":[{"x":0.0,"y":0.0,"z":0.0}],"positionsFlipped":[]},{"name":"17d9a8c6","positions":[{"x":0.0,"y":0.0,"z":0.0}],"positionsFlipped":[]},{"name":"ac199fb2","positions":[{"x":0.0,"y":0.0,"z":0.0}],"positionsFlipped":[]},{"name":"27137009","positions":[{"x":0.0,"y":0.0,"z":0.0}],"positionsFlipped":[]},{"name":"c633db3b","positions":[{"x":0.0,"y":0.0,"z":0.0}],"positionsFlipped":[]},{"name":"26c74a6d","positions":[{"x":0.0,"y":0.0,"z":0.0}],"positionsFlipped":[]},{"name":"3c5d9aae","positions":[{"x":0.0,"y":0.0,"z":0.0}],"positionsFlipped":[]},{"name":"d61cb466","positions":[{"x":0.0,"y":0.0,"z":0.0}],"positionsFlipped":[]},{"name":"6d256c38","positions":[{"x":0.0,"y":0.0,"z":0.0}],"positionsFlipped":[]},{"name":"640d7eb0","positions":[{"x":0.0,"y":0.0,"z":0.0}],"positionsFlipped":[]},{"name":"5810ad5f","positions":[{"x":0.0,"y":0.0,"z":0.0}],"positionsFlipped":[{"x":0.0,"y":0.0,"z":0.0}]},{"name":"64e7fcb3","positions":[{"x":0.0,"y":0.0,"z":0.0}],"positionsFlipped":[]},{"name":"b6db8e4a","positions":[{"x":0.0,"y":0.0,"z":0.0}],"positionsFlipped":[]},{"name":"766761e8","positions":[{"x":0.0,"y":0.0,"z":0.0}],"positionsFlipped":[]},{"name":"ea66c5c1","positions":[{"x":0.0,"y":0.0,"z":0.0}],"positionsFlipped":[]},{"name":"eda8b93d","positions":[{"x":0.0,"y":0.0,"z":0.0}],"positionsFlipped":[]},{"name":"945d22ae","positions":[{"x":0.0,"y":0.0,"z":0.0}],"positionsFlipped":[]},{"name":"1239becb","positions":[{"x":0.0,"y":0.0,"z":63.25},{"x":0.0,"y":0.0,"z":-46.75}],"positionsFlipped":[{"x":0.0,"y":0.0,"z":63.25},{"x":0.0,"y":0.0,"z":-46.75}]},{"name":"5e60383d","positions":[{"x":0.0,"y":0.0,"z":63.25},{"x":0.0,"y":0.0,"z":-46.75}],"positionsFlipped":[{"x":0.0,"y":0.0,"z":63.25},{"x":0.0,"y":0.0,"z":-46.75}]},{"name":"c582e5ce","positions":[{"x":0.0,"y":0.0,"z":63.25},{"x":0.0,"y":0.0,"z":-46.75}],"positionsFlipped":[{"x":0.0,"y":0.0,"z":63.25},{"x":0.0,"y":0.0,"z":-46.75}]},{"name":"9a20626f","positions":[{"x":0.0,"y":0.0,"z":63.25},{"x":0.0,"y":0.0,"z":-46.75}],"positionsFlipped":[{"x":0.0,"y":0.0,"z":63.25},{"x":0.0,"y":0.0,"z":-46.75}]},{"name":"9c7c41a6","positions":[{"x":0.0,"y":0.0,"z":63.25},{"x":0.0,"y":0.0,"z":-46.75}],"positionsFlipped":[{"x":0.0,"y":0.0,"z":63.25},{"x":0.0,"y":0.0,"z":-46.75}]}]}