{"positionDefinitions":[{"name":"f33cb78","positions":[{"x":0.0,"y":0.0,"z":40.0},{"x":0.0,"y":0.0,"z":-40.0},{"x":0.0,"y":0.0,"z":120.0},{"x":0.0,"y":0.0,"z":-120.0}],"positionsFlipped":[{"x":0.0,"y":0.0,"z":40.0},{"x":0.0,"y":0.0,"z":-40.0},{"x":0.0,"y":0.0,"z":120.0},{"x":0.0,"y":0.0,"z":-120.0}]},{"name":"acd8e4d7","positions":[{"x":0.0,"y":0.0,"z":40.0},{"x":0.0,"y":0.0,"z":-40.0},{"x":0.0,"y":0.0,"z":120.0},{"x":0.0,"y":0.0,"z":-120.0}],"positionsFlipped":[{"x":0.0,"y":0.0,"z":40.0},{"x":0.0,"y":0.0,"z":-40.0},{"x":0.0,"y":0.0,"z":120.0},{"x":0.0,"y":0.0,"z":-120.0}]},{"name":"41c00759","positions":[{"x":0.0,"y":0.0,"z":40.0},{"x":0.0,"y":0.0,"z":-40.0},{"x":0.0,"y":0.0,"z":120.0},{"x":0.0,"y":0.0,"z":-120.0}],"positionsFlipped":[{"x":0.0,"y":0.0,"z":40.0},{"x":0.0,"y":0.0,"z":-40.0},{"x":0.0,"y":0.0,"z":120.0},{"x":0.0,"y":0.0,"z":-120.0}]},{"name":"6d8f15ac","positions":[{"x":0.0,"y":0.0,"z":40.0},{"x":0.0,"y":0.0,"z":-40.0},{"x":0.0,"y":0.0,"z":120.0},{"x":0.0,"y":0.0,"z":-120.0}],"positionsFlipped":[{"x":0.0,"y":0.0,"z":40.0},{"x":0.0,"y":0.0,"z":-40.0},{"x":0.0,"y":0.0,"z":120.0},{"x":0.0,"y":0.0,"z":-120.0}]},{"name":"a8d8037d","positions":[],"positionsFlipped":[{"x":0.0,"y":0.0,"z":40.0},{"x":0.0,"y":0.0,"z":-40.0},{"x":0.0,"y":0.0,"z":120.0},{"x":0.0,"y":0.0,"z":-120.0}]},{"name":"66a9eed7","positions":[{"x":0.0,"y":0.0,"z":40.0},{"x":0.0,"y":0.0,"z":-40.0},{"x":0.0,"y":0.0,"z":120.0},{"x":0.0,"y":0.0,"z":-120.0}],"positionsFlipped":[]}]}