{
    "positionDefinitions": [
		{
            "name": "87654321",
            "positions": [
				{
                    "x": 0,
                    "y": 0,
                    "z": 135.75
                }
				],
            "positionsFlipped": [
                {
                    "x": 0,
                    "y": 0,
                    "z": 135.75
                }
            ]
        },
        {
            "name": "33493200",
            "positions": [
                {
                    "x": 0,
                    "y": 0,
                    "z": 144
                }
            ],
            "positionsFlipped": []
        },
        {
            "name": "70a007dc",
            "positions": [
                {
                    "x": 0,
                    "y": 0,
                    "z": 144
                }
            ],
            "positionsFlipped": []
        },
        {
            "name": "7f8047bb",
            "positions": [
                {
                    "x": 0,
                    "y": 0,
                    "z": 144
                }
            ],
            "positionsFlipped": []
        },
        {
            "name": "46aa0f45",
            "positions": [
                {
                    "x": 0,
                    "y": 0,
                    "z": 124
                }
            ],
            "positionsFlipped": [
                {
                    "x": 0,
                    "y": 0,
                    "z": 124
                }
            ]
        },
        {
            "name": "25b63690",
            "positions": [
                {
                    "x": 0,
                    "y": 0,
                    "z": 144
                }
            ],
            "positionsFlipped": []
        },
        {
            "name": "6043d8c0",
            "positions": [
                {
                    "x": 0,
                    "y": 0,
                    "z": 144
                }
            ],
            "positionsFlipped": []
        },
        {
            "name": "10b6fd33",
            "positions": [
                {
                    "x": 0,
                    "y": 0,
                    "z": 144
                }
            ],
            "positionsFlipped": []
        },
        {
            "name": "54d18c0b",
            "positions": [
                {
                    "x": 0,
                    "y": 0,
                    "z": 144
                }
            ],
            "positionsFlipped": []
        }
    ]
}