{"positionDefinitions":[{"name":"a2cafea","positions":[],"positionsFlipped":[{"x":0.0,"y":0.0,"z":144.0}]},{"name":"e150689c","positions":[],"positionsFlipped":[{"x":0.0,"y":0.0,"z":144.0}]},{"name":"760a9296","positions":[],"positionsFlipped":[{"x":0.0,"y":0.0,"z":144.0}]},{"name":"84cc3360","positions":[],"positionsFlipped":[{"x":0.0,"y":0.0,"z":144.0}]},{"name":"22b32aa4","positions":[],"positionsFlipped":[{"x":0.0,"y":0.0,"z":144.0}]},{"name":"8169bbd0","positions":[],"positionsFlipped":[{"x":0.0,"y":0.0,"z":144.0}]},{"name":"66cdf874","positions":[],"positionsFlipped":[{"x":0.0,"y":0.0,"z":144.0}]},{"name":"c2d9d879","positions":[],"positionsFlipped":[{"x":0.0,"y":0.0,"z":125.0}]}]}