{"positionDefinitions":[{"name":"ce593f8a","positions":[{"x":0.0,"y":0.0,"z":0.0},{"x":0.0,"y":0.0,"z":80.0},{"x":0.0,"y":0.0,"z":-80.0}],"positionsFlipped":[{"x":0.0,"y":0.0,"z":0.0},{"x":0.0,"y":0.0,"z":80.0},{"x":0.0,"y":0.0,"z":-80.0}]},{"name":"b476cfe3","positions":[{"x":0.0,"y":0.0,"z":24.25},{"x":0.0,"y":0.0,"z":-24.25},{"x":0.0,"y":0.0,"z":104.25},{"x":0.0,"y":0.0,"z":55.75},{"x":0.0,"y":0.0,"z":-104.25},{"x":0.0,"y":0.0,"z":-55.75}],"positionsFlipped":[{"x":0.0,"y":0.0,"z":24.25},{"x":0.0,"y":0.0,"z":-24.25},{"x":0.0,"y":0.0,"z":104.25},{"x":0.0,"y":0.0,"z":55.75},{"x":0.0,"y":0.0,"z":-104.25},{"x":0.0,"y":0.0,"z":-55.75}]},{"name":"4be71de9","positions":[{"x":0.0,"y":0.0,"z":0.0},{"x":0.0,"y":0.0,"z":80.0},{"x":0.0,"y":0.0,"z":-80.0}],"positionsFlipped":[{"x":0.0,"y":0.0,"z":0.0},{"x":0.0,"y":0.0,"z":80.0},{"x":0.0,"y":0.0,"z":-80.0}]},{"name":"120b51d0","positions":[{"x":0.0,"y":0.0,"z":0.0},{"x":0.0,"y":0.0,"z":80.0},{"x":0.0,"y":0.0,"z":-80.0}],"positionsFlipped":[{"x":0.0,"y":0.0,"z":0.0},{"x":0.0,"y":0.0,"z":80.0},{"x":0.0,"y":0.0,"z":-80.0}]},{"name":"469709af","positions":[{"x":0.0,"y":0.0,"z":80.0},{"x":0.0,"y":0.0,"z":-80.0}],"positionsFlipped":[{"x":0.0,"y":0.0,"z":80.0},{"x":0.0,"y":0.0,"z":-80.0}]},{"name":"fa1441b6","positions":[{"x":0.0,"y":0.0,"z":0.0}],"positionsFlipped":[{"x":0.0,"y":0.0,"z":0.0}]},{"name":"a1663395","positions":[{"x":0.0,"y":0.0,"z":0.0}],"positionsFlipped":[{"x":0.0,"y":0.0,"z":0.0}]},{"name":"8e237a78","positions":[{"x":0.0,"y":0.0,"z":0.0},{"x":0.0,"y":0.0,"z":32.0},{"x":0.0,"y":0.0,"z":-32.0},{"x":0.0,"y":0.0,"z":64.0},{"x":0.0,"y":0.0,"z":-64.0},{"x":0.0,"y":0.0,"z":96.0},{"x":0.0,"y":0.0,"z":-96.0},{"x":0.0,"y":0.0,"z":128.0},{"x":0.0,"y":0.0,"z":-128.0}],"positionsFlipped":[{"x":0.0,"y":0.0,"z":0.0},{"x":0.0,"y":0.0,"z":32.0},{"x":0.0,"y":0.0,"z":-32.0},{"x":0.0,"y":0.0,"z":64.0},{"x":0.0,"y":0.0,"z":-64.0},{"x":0.0,"y":0.0,"z":96.0},{"x":0.0,"y":0.0,"z":-96.0},{"x":0.0,"y":0.0,"z":128.0},{"x":0.0,"y":0.0,"z":-128.0}]},{"name":"bfae3f6","positions":[{"x":0.0,"y":0.0,"z":0.0}],"positionsFlipped":[{"x":0.0,"y":0.0,"z":0.0}]},{"name":"b0b49a50","positions":[{"x":0.0,"y":0.0,"z":40.0},{"x":0.0,"y":0.0,"z":-40.0},{"x":0.0,"y":0.0,"z":120.0},{"x":0.0,"y":0.0,"z":-120.0}],"positionsFlipped":[{"x":0.0,"y":0.0,"z":40.0},{"x":0.0,"y":0.0,"z":-40.0},{"x":0.0,"y":0.0,"z":120.0},{"x":0.0,"y":0.0,"z":-120.0}]},{"name":"848adf41","positions":[{"x":0.0,"y":0.0,"z":40.0},{"x":0.0,"y":0.0,"z":-40.0},{"x":0.0,"y":0.0,"z":120.0},{"x":0.0,"y":0.0,"z":-120.0}],"positionsFlipped":[{"x":0.0,"y":0.0,"z":40.0},{"x":0.0,"y":0.0,"z":-40.0},{"x":0.0,"y":0.0,"z":120.0},{"x":0.0,"y":0.0,"z":-120.0}]},{"name":"99aef0de","positions":[{"x":0.0,"y":0.0,"z":40.0},{"x":0.0,"y":0.0,"z":-40.0},{"x":0.0,"y":0.0,"z":120.0},{"x":0.0,"y":0.0,"z":-120.0}],"positionsFlipped":[{"x":0.0,"y":0.0,"z":40.0},{"x":0.0,"y":0.0,"z":-40.0},{"x":0.0,"y":0.0,"z":120.0},{"x":0.0,"y":0.0,"z":-120.0}]},{"name":"96703464","positions":[{"x":0.0,"y":0.0,"z":40.0},{"x":0.0,"y":0.0,"z":-40.0},{"x":0.0,"y":0.0,"z":120.0},{"x":0.0,"y":0.0,"z":-120.0}],"positionsFlipped":[{"x":0.0,"y":0.0,"z":40.0},{"x":0.0,"y":0.0,"z":-40.0},{"x":0.0,"y":0.0,"z":120.0},{"x":0.0,"y":0.0,"z":-120.0}]},{"name":"9747765e","positions":[{"x":0.0,"y":0.0,"z":40.0},{"x":0.0,"y":0.0,"z":-40.0},{"x":0.0,"y":0.0,"z":120.0},{"x":0.0,"y":0.0,"z":-120.0}],"positionsFlipped":[{"x":0.0,"y":0.0,"z":40.0},{"x":0.0,"y":0.0,"z":-40.0},{"x":0.0,"y":0.0,"z":120.0},{"x":0.0,"y":0.0,"z":-120.0}]},{"name":"93c52bf2","positions":[{"x":0.0,"y":0.0,"z":40.0},{"x":0.0,"y":0.0,"z":-40.0},{"x":0.0,"y":0.0,"z":120.0},{"x":0.0,"y":0.0,"z":-120.0}],"positionsFlipped":[{"x":0.0,"y":0.0,"z":40.0},{"x":0.0,"y":0.0,"z":-40.0},{"x":0.0,"y":0.0,"z":120.0},{"x":0.0,"y":0.0,"z":-120.0}]},{"name":"37dfd113","positions":[{"x":0.0,"y":0.0,"z":40.0},{"x":0.0,"y":0.0,"z":-40.0},{"x":0.0,"y":0.0,"z":120.0},{"x":0.0,"y":0.0,"z":-120.0}],"positionsFlipped":[{"x":0.0,"y":0.0,"z":40.0},{"x":0.0,"y":0.0,"z":-40.0},{"x":0.0,"y":0.0,"z":120.0},{"x":0.0,"y":0.0,"z":-120.0}]},{"name":"b7a46b09","positions":[{"x":0.0,"y":0.0,"z":40.0},{"x":0.0,"y":0.0,"z":-40.0},{"x":0.0,"y":0.0,"z":120.0},{"x":0.0,"y":0.0,"z":-120.0}],"positionsFlipped":[{"x":0.0,"y":0.0,"z":40.0},{"x":0.0,"y":0.0,"z":-40.0},{"x":0.0,"y":0.0,"z":120.0},{"x":0.0,"y":0.0,"z":-120.0}]},{"name":"80bf05e3","positions":[{"x":0.0,"y":0.0,"z":40.0},{"x":0.0,"y":0.0,"z":-40.0},{"x":0.0,"y":0.0,"z":120.0},{"x":0.0,"y":0.0,"z":-120.0}],"positionsFlipped":[{"x":0.0,"y":0.0,"z":40.0},{"x":0.0,"y":0.0,"z":-40.0},{"x":0.0,"y":0.0,"z":120.0},{"x":0.0,"y":0.0,"z":-120.0}]},{"name":"141ce5ce","positions":[{"x":0.0,"y":0.0,"z":40.0},{"x":0.0,"y":0.0,"z":-40.0},{"x":0.0,"y":0.0,"z":120.0},{"x":0.0,"y":0.0,"z":-120.0}],"positionsFlipped":[{"x":0.0,"y":0.0,"z":40.0},{"x":0.0,"y":0.0,"z":-40.0},{"x":0.0,"y":0.0,"z":120.0},{"x":0.0,"y":0.0,"z":-120.0}]},{"name":"bd14abe","positions":[{"x":0.0,"y":0.0,"z":40.0},{"x":0.0,"y":0.0,"z":-40.0},{"x":0.0,"y":0.0,"z":120.0},{"x":0.0,"y":0.0,"z":-120.0}],"positionsFlipped":[{"x":0.0,"y":0.0,"z":40.0},{"x":0.0,"y":0.0,"z":-40.0},{"x":0.0,"y":0.0,"z":120.0},{"x":0.0,"y":0.0,"z":-120.0}]},{"name":"c17343e9","positions":[{"x":0.0,"y":0.0,"z":0.0},{"x":0.0,"y":0.0,"z":-60.0},{"x":0.0,"y":0.0,"z":60.0},{"x":0.0,"y":0.0,"z":-100.0},{"x":0.0,"y":0.0,"z":100.0}],"positionsFlipped":[{"x":0.0,"y":0.0,"z":0.0},{"x":0.0,"y":0.0,"z":-60.0},{"x":0.0,"y":0.0,"z":60.0},{"x":0.0,"y":0.0,"z":-100.0},{"x":0.0,"y":0.0,"z":100.0}]},{"name":"7ed5ba8e","positions":[{"x":0.0,"y":0.0,"z":0.0}],"positionsFlipped":[{"x":0.0,"y":0.0,"z":0.0}]},{"name":"2c37b511","positions":[{"x":0.0,"y":0.0,"z":0.0}],"positionsFlipped":[{"x":0.0,"y":0.0,"z":0.0}]},{"name":"2eee8747","positions":[{"x":0.0,"y":0.0,"z":0.0},{"x":0.0,"y":0.0,"z":80.0},{"x":0.0,"y":0.0,"z":-80.0}],"positionsFlipped":[{"x":0.0,"y":0.0,"z":0.0},{"x":0.0,"y":0.0,"z":80.0},{"x":0.0,"y":0.0,"z":-80.0}]},{"name":"89b711a","positions":[{"x":0.0,"y":0.0,"z":0.0},{"x":0.0,"y":0.0,"z":80.0},{"x":0.0,"y":0.0,"z":-80.0}],"positionsFlipped":[{"x":0.0,"y":0.0,"z":0.0},{"x":0.0,"y":0.0,"z":80.0},{"x":0.0,"y":0.0,"z":-80.0}]},{"name":"290d803e","positions":[{"x":0.0,"y":0.0,"z":40.0},{"x":0.0,"y":0.0,"z":-40.0},{"x":0.0,"y":0.0,"z":120.0},{"x":0.0,"y":0.0,"z":-120.0}],"positionsFlipped":[{"x":0.0,"y":0.0,"z":40.0},{"x":0.0,"y":0.0,"z":-40.0},{"x":0.0,"y":0.0,"z":120.0},{"x":0.0,"y":0.0,"z":-120.0}]},{"name":"3330d986","positions":[{"x":0.0,"y":0.0,"z":40.0},{"x":0.0,"y":0.0,"z":-40.0},{"x":0.0,"y":0.0,"z":120.0},{"x":0.0,"y":0.0,"z":-120.0}],"positionsFlipped":[{"x":0.0,"y":0.0,"z":40.0},{"x":0.0,"y":0.0,"z":-40.0},{"x":0.0,"y":0.0,"z":120.0},{"x":0.0,"y":0.0,"z":-120.0}]}]}