{
    "positionDefinitions": [
		{
            "name": "12345678",
            "positions": [
				{
                    "x": 0,
                    "y": 0,
                    "z": -135.75
                }
				],
            "positionsFlipped": [
                {
                    "x": 0,
                    "y": 0,
                    "z": -135.75
                }
            ]
        },
        {
            "name": "b2768ad1",
            "positions": [],
            "positionsFlipped": [
                {
                    "x": 0,
                    "y": 0,
                    "z": -144
                }
            ]
        },
        {
            "name": "a13a8bfd",
            "positions": [],
            "positionsFlipped": [
                {
                    "x": 0,
                    "y": 0,
                    "z": -144
                }
            ]
        },
        {
            "name": "ef729290",
            "positions": [
                {
                    "x": 0,
                    "y": 0,
                    "z": -124
                }
            ],
            "positionsFlipped": [
                {
                    "x": 0,
                    "y": 0,
                    "z": -124
                }
            ]
        },
        {
            "name": "894fd7b9",
            "positions": [],
            "positionsFlipped": [
                {
                    "x": 0,
                    "y": 0,
                    "z": -144
                }
            ]
        },
        {
            "name": "d26d691",
            "positions": [],
            "positionsFlipped": [
                {
                    "x": 0,
                    "y": 0,
                    "z": -144
                }
            ]
        },
        {
            "name": "1c61b02a",
            "positions": [],
            "positionsFlipped": [
                {
                    "x": 0,
                    "y": 0,
                    "z": -144
                }
            ]
        },
        {
            "name": "b227ff0f",
            "positions": [],
            "positionsFlipped": [
                {
                    "x": 0,
                    "y": 0,
                    "z": -144
                }
            ]
        },
        {
            "name": "107c1481",
            "positions": [],
            "positionsFlipped": [
                {
                    "x": 0,
                    "y": 0,
                    "z": -144
                }
            ]
        }
    ]
}