{"positionDefinitions":[{"name":"ca37d5a9","positions":[{"x":0.0,"y":0.0,"z":0.0}],"positionsFlipped":[]},{"name":"1f6b2ae0","positions":[{"x":0.0,"y":0.0,"z":0.0}],"positionsFlipped":[{"x":0.0,"y":0.0,"z":0.0}]},{"name":"d242fe18","positions":[{"x":0.0,"y":0.0,"z":-152.0}],"positionsFlipped":[{"x":0.0,"y":0.0,"z":152.0}]},{"name":"fbf20919","positions":[{"x":0.0,"y":0.0,"z":-75.0}],"positionsFlipped":[{"x":0.0,"y":0.0,"z":75.0}]},{"name":"a0761422","positions":[{"x":0.0,"y":0.0,"z":0.0}],"positionsFlipped":[]},{"name":"e3bc1885","positions":[],"positionsFlipped":[{"x":0.0,"y":0.0,"z":0.0}]},{"name":"208ef32a","positions":[],"positionsFlipped":[{"x":0.0,"y":0.0,"z":0.0}]},{"name":"4c8cefca","positions":[{"x":0.0,"y":0.0,"z":0.0}],"positionsFlipped":[]},{"name":"2c91379b","positions":[{"x":0.0,"y":0.0,"z":0.0}],"positionsFlipped":[{"x":0.0,"y":0.0,"z":0.0}]}]}