{"positionDefinitions":[{"name":"47db8fa3","positions":[{"x":0.0,"y":0.0,"z":64.0},{"x":0.0,"y":0.0,"z":-64.0},{"x":0.0,"y":0.0,"z":-96.0}],"positionsFlipped":[]},{"name":"7f4b0853","positions":[{"x":0.0,"y":0.0,"z":64.0},{"x":0.0,"y":0.0,"z":-64.0},{"x":0.0,"y":0.0,"z":-96.0}],"positionsFlipped":[]},{"name":"8d1df2a9","positions":[{"x":0.0,"y":0.0,"z":32.0},{"x":0.0,"y":0.0,"z":-32.0}],"positionsFlipped":[]},{"name":"468e5a6c","positions":[{"x":0.0,"y":0.0,"z":32.0},{"x":0.0,"y":0.0,"z":-32.0}],"positionsFlipped":[]},{"name":"617854b0","positions":[{"x":0.0,"y":0.0,"z":-32.0},{"x":0.0,"y":0.0,"z":32.0},{"x":0.0,"y":0.0,"z":-96.0},{"x":0.0,"y":0.0,"z":96.0},{"x":0.0,"y":0.0,"z":-64.0},{"x":0.0,"y":0.0,"z":64.0}],"positionsFlipped":[]},{"name":"64cc2f1f","positions":[{"x":0.0,"y":0.0,"z":0.0}],"positionsFlipped":[]},{"name":"1284812b","positions":[{"x":0.0,"y":0.0,"z":0.0}],"positionsFlipped":[]},{"name":"39752538","positions":[{"x":0.0,"y":0.0,"z":0.0}],"positionsFlipped":[]},{"name":"f878d354","positions":[{"x":0.0,"y":0.0,"z":0.0}],"positionsFlipped":[{"x":0.0,"y":0.0,"z":0.0}]},{"name":"6279dc14","positions":[{"x":0.0,"y":0.0,"z":0.0}],"positionsFlipped":[{"x":0.0,"y":0.0,"z":0.0}]},{"name":"e067873d","positions":[{"x":0.0,"y":0.0,"z":0.0}],"positionsFlipped":[{"x":0.0,"y":0.0,"z":0.0}]},{"name":"ab96d471","positions":[{"x":0.0,"y":0.0,"z":0.0}],"positionsFlipped":[{"x":0.0,"y":0.0,"z":0.0}]},{"name":"8cf7ff66","positions":[{"x":0.0,"y":0.0,"z":0.0}],"positionsFlipped":[{"x":0.0,"y":0.0,"z":0.0}]},{"name":"683305b5","positions":[{"x":0.0,"y":0.0,"z":0.0}],"positionsFlipped":[{"x":0.0,"y":0.0,"z":0.0}]},{"name":"e0c812ec","positions":[{"x":0.0,"y":0.0,"z":0.0}],"positionsFlipped":[]},{"name":"e46f7f2","positions":[{"x":0.0,"y":0.0,"z":0.0}],"positionsFlipped":[{"x":0.0,"y":0.0,"z":0.0}]},{"name":"1e8e46b8","positions":[{"x":0.0,"y":0.0,"z":96.0}],"positionsFlipped":[]},{"name":"1ae65daa","positions":[{"x":0.0,"y":0.0,"z":96.0}],"positionsFlipped":[]},{"name":"a512c253","positions":[{"x":0.0,"y":0.0,"z":96.0}],"positionsFlipped":[]},{"name":"7a5bbb66","positions":[{"x":0.0,"y":0.0,"z":96.0},{"x":0.0,"y":0.0,"z":-96.0},{"x":0.0,"y":0.0,"z":64.0},{"x":0.0,"y":0.0,"z":-64.0},{"x":0.0,"y":0.0,"z":32.0},{"x":0.0,"y":0.0,"z":-32.0},{"x":0.0,"y":0.0,"z":0.0}],"positionsFlipped":[]},{"name":"de2d62f2","positions":[{"x":0.0,"y":0.0,"z":0.0}],"positionsFlipped":[{"x":0.0,"y":0.0,"z":0.0}]},{"name":"7babc642","positions":[{"x":16.0,"y":0.0,"z":-74.0},{"x":10.0,"y":0.0,"z":-74.0},{"x":-16.0,"y":0.0,"z":-74.0},{"x":-10.0,"y":0.0,"z":-74.0},{"x":16.0,"y":0.0,"z":56.0},{"x":10.0,"y":0.0,"z":56.0},{"x":-16.0,"y":0.0,"z":56.0},{"x":-10.0,"y":0.0,"z":56.0},{"x":16.0,"y":0.0,"z":22.0},{"x":10.0,"y":0.0,"z":22.0},{"x":-16.0,"y":0.0,"z":22.0},{"x":-10.0,"y":0.0,"z":22.0},{"x":16.0,"y":0.0,"z":38.0},{"x":10.0,"y":0.0,"z":38.0},{"x":-16.0,"y":0.0,"z":38.0},{"x":-10.0,"y":0.0,"z":38.0},{"x":16.0,"y":0.0,"z":86.0},{"x":10.0,"y":0.0,"z":86.0},{"x":-16.0,"y":0.0,"z":86.0},{"x":-10.0,"y":0.0,"z":86.0},{"x":16.0,"y":0.0,"z":-102.0},{"x":10.0,"y":0.0,"z":-102.0},{"x":-16.0,"y":0.0,"z":-102.0},{"x":-10.0,"y":0.0,"z":-102.0}],"positionsFlipped":[{"x":16.0,"y":0.0,"z":74.0},{"x":10.0,"y":0.0,"z":74.0},{"x":-16.0,"y":0.0,"z":74.0},{"x":-10.0,"y":0.0,"z":74.0},{"x":16.0,"y":0.0,"z":-56.0},{"x":10.0,"y":0.0,"z":-56.0},{"x":-16.0,"y":0.0,"z":-56.0},{"x":-10.0,"y":0.0,"z":-56.0},{"x":16.0,"y":0.0,"z":-22.0},{"x":10.0,"y":0.0,"z":-22.0},{"x":-16.0,"y":0.0,"z":-22.0},{"x":-10.0,"y":0.0,"z":-22.0},{"x":16.0,"y":0.0,"z":-38.0},{"x":10.0,"y":0.0,"z":-38.0},{"x":-16.0,"y":0.0,"z":-38.0},{"x":-10.0,"y":0.0,"z":-38.0},{"x":16.0,"y":0.0,"z":-86.0},{"x":10.0,"y":0.0,"z":-86.0},{"x":-16.0,"y":0.0,"z":-86.0},{"x":-10.0,"y":0.0,"z":-86.0},{"x":16.0,"y":0.0,"z":102.0},{"x":10.0,"y":0.0,"z":102.0},{"x":-16.0,"y":0.0,"z":102.0},{"x":-10.0,"y":0.0,"z":102.0}]},{"name":"e54f7732","positions":[{"x":16.0,"y":0.0,"z":-74.0},{"x":10.0,"y":0.0,"z":-74.0},{"x":-16.0,"y":0.0,"z":-74.0},{"x":-10.0,"y":0.0,"z":-74.0},{"x":16.0,"y":0.0,"z":56.0},{"x":10.0,"y":0.0,"z":56.0},{"x":-16.0,"y":0.0,"z":56.0},{"x":-10.0,"y":0.0,"z":56.0},{"x":16.0,"y":0.0,"z":22.0},{"x":10.0,"y":0.0,"z":22.0},{"x":-16.0,"y":0.0,"z":22.0},{"x":-10.0,"y":0.0,"z":22.0},{"x":16.0,"y":0.0,"z":38.0},{"x":10.0,"y":0.0,"z":38.0},{"x":-16.0,"y":0.0,"z":38.0},{"x":-10.0,"y":0.0,"z":38.0},{"x":16.0,"y":0.0,"z":86.0},{"x":10.0,"y":0.0,"z":86.0},{"x":-16.0,"y":0.0,"z":86.0},{"x":-10.0,"y":0.0,"z":86.0},{"x":16.0,"y":0.0,"z":-102.0},{"x":10.0,"y":0.0,"z":-102.0},{"x":-16.0,"y":0.0,"z":-102.0},{"x":-10.0,"y":0.0,"z":-102.0}],"positionsFlipped":[{"x":16.0,"y":0.0,"z":74.0},{"x":10.0,"y":0.0,"z":74.0},{"x":-16.0,"y":0.0,"z":74.0},{"x":-10.0,"y":0.0,"z":74.0},{"x":16.0,"y":0.0,"z":-56.0},{"x":10.0,"y":0.0,"z":-56.0},{"x":-16.0,"y":0.0,"z":-56.0},{"x":-10.0,"y":0.0,"z":-56.0},{"x":16.0,"y":0.0,"z":-22.0},{"x":10.0,"y":0.0,"z":-22.0},{"x":-16.0,"y":0.0,"z":-22.0},{"x":-10.0,"y":0.0,"z":-22.0},{"x":16.0,"y":0.0,"z":-38.0},{"x":10.0,"y":0.0,"z":-38.0},{"x":-16.0,"y":0.0,"z":-38.0},{"x":-10.0,"y":0.0,"z":-38.0},{"x":16.0,"y":0.0,"z":-86.0},{"x":10.0,"y":0.0,"z":-86.0},{"x":-16.0,"y":0.0,"z":-86.0},{"x":-10.0,"y":0.0,"z":-86.0},{"x":16.0,"y":0.0,"z":102.0},{"x":10.0,"y":0.0,"z":102.0},{"x":-16.0,"y":0.0,"z":102.0},{"x":-10.0,"y":0.0,"z":102.0}]},{"name":"9e9c6805","positions":[{"x":0.0,"y":0.0,"z":-136.0}],"positionsFlipped":[]},{"name":"fada3ae9","positions":[{"x":0.0,"y":0.0,"z":-136.0}],"positionsFlipped":[]},{"name":"18470db4","positions":[{"x":0.0,"y":0.0,"z":-136.0}],"positionsFlipped":[]},{"name":"2809f1bb","positions":[{"x":0.0,"y":0.0,"z":-136.0}],"positionsFlipped":[]},{"name":"a77f1fc5","positions":[{"x":0.0,"y":0.0,"z":-136.0}],"positionsFlipped":[]},{"name":"49142ac7","positions":[{"x":0.0,"y":0.0,"z":-136.0}],"positionsFlipped":[]},{"name":"ec658e4b","positions":[{"x":0.0,"y":0.0,"z":82.0}],"positionsFlipped":[]}]}