{"positionDefinitions":[{"name":"aadf16f1","positions":[{"x":18.0,"y":0.0,"z":-10.0},{"x":12.0,"y":0.0,"z":-10.0},{"x":18.0,"y":0.0,"z":10.0},{"x":12.0,"y":0.0,"z":10.0},{"x":18.0,"y":0.0,"z":-28.0},{"x":12.0,"y":0.0,"z":-28.0},{"x":18.0,"y":0.0,"z":28.0},{"x":12.0,"y":0.0,"z":28.0},{"x":18.0,"y":0.0,"z":-42.0},{"x":12.0,"y":0.0,"z":-42.0},{"x":18.0,"y":0.0,"z":42.0},{"x":12.0,"y":0.0,"z":42.0},{"x":18.0,"y":0.0,"z":-60.0},{"x":12.0,"y":0.0,"z":-60.0},{"x":18.0,"y":0.0,"z":60.0},{"x":12.0,"y":0.0,"z":60.0},{"x":18.0,"y":0.0,"z":-82.0},{"x":12.0,"y":0.0,"z":-82.0},{"x":18.0,"y":0.0,"z":82.0},{"x":12.0,"y":0.0,"z":82.0},{"x":18.0,"y":0.0,"z":-106.0},{"x":12.0,"y":0.0,"z":-106.0},{"x":18.0,"y":0.0,"z":106.0},{"x":12.0,"y":0.0,"z":106.0}],"positionsFlipped":[{"x":18.0,"y":0.0,"z":-10.0},{"x":12.0,"y":0.0,"z":-10.0},{"x":18.0,"y":0.0,"z":10.0},{"x":12.0,"y":0.0,"z":10.0},{"x":18.0,"y":0.0,"z":-28.0},{"x":12.0,"y":0.0,"z":-28.0},{"x":18.0,"y":0.0,"z":28.0},{"x":12.0,"y":0.0,"z":28.0},{"x":18.0,"y":0.0,"z":-42.0},{"x":12.0,"y":0.0,"z":-42.0},{"x":18.0,"y":0.0,"z":42.0},{"x":12.0,"y":0.0,"z":42.0},{"x":18.0,"y":0.0,"z":-60.0},{"x":12.0,"y":0.0,"z":-60.0},{"x":18.0,"y":0.0,"z":60.0},{"x":12.0,"y":0.0,"z":60.0},{"x":18.0,"y":0.0,"z":-82.0},{"x":12.0,"y":0.0,"z":-82.0},{"x":18.0,"y":0.0,"z":82.0},{"x":12.0,"y":0.0,"z":82.0},{"x":18.0,"y":0.0,"z":-106.0},{"x":12.0,"y":0.0,"z":-106.0},{"x":18.0,"y":0.0,"z":106.0},{"x":12.0,"y":0.0,"z":106.0}]},{"name":"9e3fbf0e","positions":[{"x":18.0,"y":0.0,"z":-10.0},{"x":12.0,"y":0.0,"z":-10.0},{"x":18.0,"y":0.0,"z":10.0},{"x":12.0,"y":0.0,"z":10.0},{"x":18.0,"y":0.0,"z":-28.0},{"x":12.0,"y":0.0,"z":-28.0},{"x":18.0,"y":0.0,"z":28.0},{"x":12.0,"y":0.0,"z":28.0},{"x":18.0,"y":0.0,"z":-42.0},{"x":12.0,"y":0.0,"z":-42.0},{"x":18.0,"y":0.0,"z":42.0},{"x":12.0,"y":0.0,"z":42.0},{"x":18.0,"y":0.0,"z":-60.0},{"x":12.0,"y":0.0,"z":-60.0},{"x":18.0,"y":0.0,"z":60.0},{"x":12.0,"y":0.0,"z":60.0},{"x":18.0,"y":0.0,"z":-82.0},{"x":12.0,"y":0.0,"z":-82.0},{"x":18.0,"y":0.0,"z":82.0},{"x":12.0,"y":0.0,"z":82.0},{"x":18.0,"y":0.0,"z":-106.0},{"x":12.0,"y":0.0,"z":-106.0},{"x":18.0,"y":0.0,"z":106.0},{"x":12.0,"y":0.0,"z":106.0}],"positionsFlipped":[{"x":18.0,"y":0.0,"z":-10.0},{"x":12.0,"y":0.0,"z":-10.0},{"x":18.0,"y":0.0,"z":10.0},{"x":12.0,"y":0.0,"z":10.0},{"x":18.0,"y":0.0,"z":-28.0},{"x":12.0,"y":0.0,"z":-28.0},{"x":18.0,"y":0.0,"z":28.0},{"x":12.0,"y":0.0,"z":28.0},{"x":18.0,"y":0.0,"z":-42.0},{"x":12.0,"y":0.0,"z":-42.0},{"x":18.0,"y":0.0,"z":42.0},{"x":12.0,"y":0.0,"z":42.0},{"x":18.0,"y":0.0,"z":-60.0},{"x":12.0,"y":0.0,"z":-60.0},{"x":18.0,"y":0.0,"z":60.0},{"x":12.0,"y":0.0,"z":60.0},{"x":18.0,"y":0.0,"z":-82.0},{"x":12.0,"y":0.0,"z":-82.0},{"x":18.0,"y":0.0,"z":82.0},{"x":12.0,"y":0.0,"z":82.0},{"x":18.0,"y":0.0,"z":-106.0},{"x":12.0,"y":0.0,"z":-106.0},{"x":18.0,"y":0.0,"z":106.0},{"x":12.0,"y":0.0,"z":106.0}]},{"name":"bfdd778e","positions":[{"x":0.0,"y":0.0,"z":-128.0},{"x":0.0,"y":0.0,"z":144.0}],"positionsFlipped":[]},{"name":"54165120","positions":[{"x":0.0,"y":0.0,"z":0.0},{"x":0.0,"y":0.0,"z":32.0},{"x":0.0,"y":0.0,"z":-32.0},{"x":0.0,"y":0.0,"z":64.0},{"x":0.0,"y":0.0,"z":-64.0},{"x":0.0,"y":0.0,"z":96.0},{"x":0.0,"y":0.0,"z":-96.0}],"positionsFlipped":[]},{"name":"99e64b7d","positions":[{"x":0.0,"y":0.0,"z":0.0},{"x":0.0,"y":0.0,"z":32.0},{"x":0.0,"y":0.0,"z":-32.0},{"x":0.0,"y":0.0,"z":64.0},{"x":0.0,"y":0.0,"z":-64.0},{"x":0.0,"y":0.0,"z":96.0},{"x":0.0,"y":0.0,"z":-96.0}],"positionsFlipped":[]},{"name":"59d8e7db","positions":[{"x":0.0,"y":0.0,"z":0.0},{"x":0.0,"y":0.0,"z":32.0},{"x":0.0,"y":0.0,"z":-32.0},{"x":0.0,"y":0.0,"z":64.0},{"x":0.0,"y":0.0,"z":-64.0},{"x":0.0,"y":0.0,"z":96.0},{"x":0.0,"y":0.0,"z":-96.0},{"x":0.0,"y":0.0,"z":128.0},{"x":0.0,"y":0.0,"z":-128.0}],"positionsFlipped":[]},{"name":"4090a6b","positions":[{"x":0.0,"y":0.0,"z":0.0},{"x":0.0,"y":0.0,"z":32.0},{"x":0.0,"y":0.0,"z":-32.0},{"x":0.0,"y":0.0,"z":64.0},{"x":0.0,"y":0.0,"z":-64.0},{"x":0.0,"y":0.0,"z":96.0},{"x":0.0,"y":0.0,"z":-96.0},{"x":0.0,"y":0.0,"z":128.0},{"x":0.0,"y":0.0,"z":-128.0}],"positionsFlipped":[]},{"name":"6089d5a2","positions":[{"x":0.0,"y":0.0,"z":128.0}],"positionsFlipped":[{"x":0.0,"y":0.0,"z":-128.0},{"x":0.0,"y":0.0,"z":128.0}]},{"name":"b42558ca","positions":[{"x":0.0,"y":0.0,"z":128.0}],"positionsFlipped":[{"x":0.0,"y":0.0,"z":-128.0},{"x":0.0,"y":0.0,"z":128.0}]},{"name":"f11f3d90","positions":[{"x":0.0,"y":0.0,"z":128.0}],"positionsFlipped":[{"x":0.0,"y":0.0,"z":-128.0},{"x":0.0,"y":0.0,"z":128.0}]},{"name":"c7421271","positions":[{"x":0.0,"y":0.0,"z":128.0}],"positionsFlipped":[{"x":0.0,"y":0.0,"z":-128.0},{"x":0.0,"y":0.0,"z":128.0}]},{"name":"a9052af9","positions":[{"x":0.0,"y":0.0,"z":128.0}],"positionsFlipped":[{"x":0.0,"y":0.0,"z":-128.0},{"x":0.0,"y":0.0,"z":128.0}]},{"name":"2b802a6c","positions":[{"x":0.0,"y":0.0,"z":-128.0}],"positionsFlipped":[]},{"name":"e48a9f35","positions":[{"x":0.0,"y":0.0,"z":-128.0}],"positionsFlipped":[]},{"name":"9b71ccb","positions":[{"x":0.0,"y":0.0,"z":-144.0}],"positionsFlipped":[]},{"name":"74cb23f5","positions":[{"x":0.0,"y":0.0,"z":-144.0}],"positionsFlipped":[]},{"name":"9bda12bc","positions":[{"x":0.0,"y":0.0,"z":-144.0}],"positionsFlipped":[]},{"name":"9b672ad1","positions":[{"x":0.0,"y":0.0,"z":168.0}],"positionsFlipped":[]},{"name":"51a4ce98","positions":[{"x":0.0,"y":0.0,"z":168.0}],"positionsFlipped":[]},{"name":"a4cf5f64","positions":[{"x":0.0,"y":0.0,"z":168.0}],"positionsFlipped":[]},{"name":"e70fe0d4","positions":[{"x":0.0,"y":0.0,"z":168.0}],"positionsFlipped":[]},{"name":"a4122dc5","positions":[{"x":0.0,"y":0.0,"z":168.0}],"positionsFlipped":[]},{"name":"3c491c9e","positions":[{"x":0.0,"y":0.0,"z":168.0}],"positionsFlipped":[]},{"name":"5644b45","positions":[{"x":0.0,"y":0.0,"z":168.0}],"positionsFlipped":[]},{"name":"764dc6d4","positions":[],"positionsFlipped":[{"x":0.0,"y":0.0,"z":180.0}]}]}