{"positionDefinitions":[{"name":"1c887d33","positions":[],"positionsFlipped":[{"x":0.0,"y":0.0,"z":0.0}]},{"name":"22e36796","positions":[{"x":0.0,"y":0.0,"z":0.0}],"positionsFlipped":[]},{"name":"5bff012a","positions":[],"positionsFlipped":[{"x":0.0,"y":0.0,"z":20.0}]},{"name":"e6009f25","positions":[],"positionsFlipped":[{"x":0.0,"y":0.0,"z":0.0}]},{"name":"1432bb65","positions":[],"positionsFlipped":[{"x":0.0,"y":0.0,"z":0.0}]},{"name":"b56d6fd8","positions":[],"positionsFlipped":[{"x":0.0,"y":0.0,"z":0.0}]},{"name":"f9950402","positions":[],"positionsFlipped":[{"x":0.0,"y":0.0,"z":0.0}]},{"name":"1926f155","positions":[],"positionsFlipped":[{"x":0.0,"y":0.0,"z":0.0}]},{"name":"e549362e","positions":[{"x":0.0,"y":0.0,"z":160.0}],"positionsFlipped":[{"x":0.0,"y":0.0,"z":-160.0}]}]}