{"positionDefinitions":[{"name":"e1683f64","positions":[{"x":0.0,"y":0.0,"z":0.0}],"positionsFlipped":[]},{"name":"98a91b61","positions":[{"x":0.0,"y":0.0,"z":0.0}],"positionsFlipped":[]},{"name":"dd49c4d","positions":[{"x":0.0,"y":0.0,"z":0.0}],"positionsFlipped":[{"x":0.0,"y":0.0,"z":0.0}]},{"name":"4378664e","positions":[{"x":0.0,"y":0.0,"z":0.0}],"positionsFlipped":[{"x":0.0,"y":0.0,"z":0.0}]},{"name":"b1db4c30","positions":[{"x":0.0,"y":0.0,"z":0.0}],"positionsFlipped":[{"x":0.0,"y":0.0,"z":0.0}]},{"name":"f2ba0dbf","positions":[{"x":0.0,"y":0.0,"z":0.0}],"positionsFlipped":[{"x":0.0,"y":0.0,"z":0.0}]},{"name":"567054b6","positions":[{"x":0.0,"y":0.0,"z":0.0}],"positionsFlipped":[{"x":0.0,"y":0.0,"z":0.0}]},{"name":"72671601","positions":[{"x":0.0,"y":0.0,"z":0.0}],"positionsFlipped":[]},{"name":"a375dc90","positions":[{"x":0.0,"y":0.0,"z":0.0}],"positionsFlipped":[{"x":0.0,"y":0.0,"z":0.0}]},{"name":"27d31151","positions":[{"x":0.0,"y":0.0,"z":32.0},{"x":0.0,"y":0.0,"z":64.0},{"x":0.0,"y":0.0,"z":96.0},{"x":0.0,"y":0.0,"z":-32.0},{"x":0.0,"y":0.0,"z":-64.0},{"x":0.0,"y":0.0,"z":-96.0}],"positionsFlipped":[]},{"name":"ce7a293","positions":[{"x":0.0,"y":0.0,"z":32.0},{"x":0.0,"y":0.0,"z":64.0},{"x":0.0,"y":0.0,"z":96.0},{"x":0.0,"y":0.0,"z":-32.0},{"x":0.0,"y":0.0,"z":-64.0},{"x":0.0,"y":0.0,"z":-96.0}],"positionsFlipped":[]},{"name":"79eaeb84","positions":[{"x":14.0,"y":0.0,"z":20.0},{"x":7.0,"y":0.0,"z":20.0},{"x":-14.0,"y":0.0,"z":20.0},{"x":-7.0,"y":0.0,"z":20.0},{"x":14.0,"y":0.0,"z":52.0},{"x":7.0,"y":0.0,"z":52.0},{"x":-14.0,"y":0.0,"z":52.0},{"x":-7.0,"y":0.0,"z":52.0},{"x":14.0,"y":0.0,"z":84.0},{"x":7.0,"y":0.0,"z":84.0},{"x":-14.0,"y":0.0,"z":84.0},{"x":-7.0,"y":0.0,"z":84.0},{"x":14.0,"y":0.0,"z":-44.0},{"x":7.0,"y":0.0,"z":-44.0},{"x":-14.0,"y":0.0,"z":-44.0},{"x":-7.0,"y":0.0,"z":-44.0},{"x":14.0,"y":0.0,"z":-76.0},{"x":7.0,"y":0.0,"z":-76.0},{"x":-14.0,"y":0.0,"z":-76.0},{"x":-7.0,"y":0.0,"z":-76.0},{"x":14.0,"y":0.0,"z":-106.0},{"x":7.0,"y":0.0,"z":-106.0},{"x":-14.0,"y":0.0,"z":-106.0},{"x":-7.0,"y":0.0,"z":-106.0}],"positionsFlipped":[{"x":14.0,"y":0.0,"z":-20.0},{"x":7.0,"y":0.0,"z":-20.0},{"x":-14.0,"y":0.0,"z":-20.0},{"x":-7.0,"y":0.0,"z":-20.0},{"x":14.0,"y":0.0,"z":-52.0},{"x":7.0,"y":0.0,"z":-52.0},{"x":-14.0,"y":0.0,"z":-52.0},{"x":-7.0,"y":0.0,"z":-52.0},{"x":14.0,"y":0.0,"z":-84.0},{"x":7.0,"y":0.0,"z":-84.0},{"x":-14.0,"y":0.0,"z":-84.0},{"x":-7.0,"y":0.0,"z":-84.0},{"x":14.0,"y":0.0,"z":44.0},{"x":7.0,"y":0.0,"z":44.0},{"x":-14.0,"y":0.0,"z":44.0},{"x":-7.0,"y":0.0,"z":44.0},{"x":14.0,"y":0.0,"z":76.0},{"x":7.0,"y":0.0,"z":76.0},{"x":-14.0,"y":0.0,"z":76.0},{"x":-7.0,"y":0.0,"z":76.0},{"x":14.0,"y":0.0,"z":106.0},{"x":7.0,"y":0.0,"z":106.0},{"x":-14.0,"y":0.0,"z":106.0},{"x":-7.0,"y":0.0,"z":106.0}]},{"name":"371af4a9","positions":[{"x":0.0,"y":0.0,"z":32.0},{"x":0.0,"y":0.0,"z":64.0},{"x":0.0,"y":0.0,"z":96.0},{"x":0.0,"y":0.0,"z":-32.0},{"x":0.0,"y":0.0,"z":-64.0},{"x":0.0,"y":0.0,"z":-96.0},{"x":0.0,"y":0.0,"z":128.0},{"x":0.0,"y":0.0,"z":-128.0}],"positionsFlipped":[]},{"name":"c05291a0","positions":[{"x":0.0,"y":0.0,"z":128.0}],"positionsFlipped":[{"x":0.0,"y":0.0,"z":-128.0}]},{"name":"cdf5f9d0","positions":[{"x":14.0,"y":0.0,"z":20.0},{"x":7.0,"y":0.0,"z":20.0},{"x":-14.0,"y":0.0,"z":20.0},{"x":-7.0,"y":0.0,"z":20.0},{"x":14.0,"y":0.0,"z":52.0},{"x":7.0,"y":0.0,"z":52.0},{"x":-14.0,"y":0.0,"z":52.0},{"x":-7.0,"y":0.0,"z":52.0},{"x":14.0,"y":0.0,"z":84.0},{"x":7.0,"y":0.0,"z":84.0},{"x":-14.0,"y":0.0,"z":84.0},{"x":-7.0,"y":0.0,"z":84.0},{"x":14.0,"y":0.0,"z":-44.0},{"x":7.0,"y":0.0,"z":-44.0},{"x":-14.0,"y":0.0,"z":-44.0},{"x":-7.0,"y":0.0,"z":-44.0},{"x":14.0,"y":0.0,"z":-76.0},{"x":7.0,"y":0.0,"z":-76.0},{"x":-14.0,"y":0.0,"z":-76.0},{"x":-7.0,"y":0.0,"z":-76.0},{"x":14.0,"y":0.0,"z":-106.0},{"x":7.0,"y":0.0,"z":-106.0},{"x":-14.0,"y":0.0,"z":-106.0},{"x":-7.0,"y":0.0,"z":-106.0}],"positionsFlipped":[{"x":14.0,"y":0.0,"z":-20.0},{"x":7.0,"y":0.0,"z":-20.0},{"x":-14.0,"y":0.0,"z":-20.0},{"x":-7.0,"y":0.0,"z":-20.0},{"x":14.0,"y":0.0,"z":-52.0},{"x":7.0,"y":0.0,"z":-52.0},{"x":-14.0,"y":0.0,"z":-52.0},{"x":-7.0,"y":0.0,"z":-52.0},{"x":14.0,"y":0.0,"z":-84.0},{"x":7.0,"y":0.0,"z":-84.0},{"x":-14.0,"y":0.0,"z":-84.0},{"x":-7.0,"y":0.0,"z":-84.0},{"x":14.0,"y":0.0,"z":44.0},{"x":7.0,"y":0.0,"z":44.0},{"x":-14.0,"y":0.0,"z":44.0},{"x":-7.0,"y":0.0,"z":44.0},{"x":14.0,"y":0.0,"z":76.0},{"x":7.0,"y":0.0,"z":76.0},{"x":-14.0,"y":0.0,"z":76.0},{"x":-7.0,"y":0.0,"z":76.0},{"x":14.0,"y":0.0,"z":106.0},{"x":7.0,"y":0.0,"z":106.0},{"x":-14.0,"y":0.0,"z":106.0},{"x":-7.0,"y":0.0,"z":106.0}]},{"name":"82ba9401","positions":[{"x":0.0,"y":0.0,"z":128.0}],"positionsFlipped":[{"x":0.0,"y":0.0,"z":-128.0}]},{"name":"ee113dbb","positions":[{"x":0.0,"y":0.0,"z":0.0},{"x":0.0,"y":0.0,"z":32.0},{"x":0.0,"y":0.0,"z":64.0},{"x":0.0,"y":0.0,"z":96.0},{"x":0.0,"y":0.0,"z":-32.0},{"x":0.0,"y":0.0,"z":-64.0},{"x":0.0,"y":0.0,"z":-96.0},{"x":0.0,"y":0.0,"z":128.0},{"x":0.0,"y":0.0,"z":-128.0}],"positionsFlipped":[]},{"name":"3f404d16","positions":[{"x":0.0,"y":0.0,"z":64.0},{"x":0.0,"y":0.0,"z":-64.0}],"positionsFlipped":[]},{"name":"eae0eca8","positions":[{"x":0.0,"y":0.0,"z":64.0},{"x":0.0,"y":0.0,"z":-64.0}],"positionsFlipped":[{"x":0.0,"y":0.0,"z":64.0},{"x":0.0,"y":0.0,"z":-64.0}]},{"name":"9a3a7a31","positions":[{"x":0.0,"y":0.0,"z":64.0},{"x":0.0,"y":0.0,"z":-64.0}],"positionsFlipped":[{"x":0.0,"y":0.0,"z":64.0},{"x":0.0,"y":0.0,"z":-64.0}]}]}