{"positionDefinitions":[{"name":"33b3ef15","positions":[{"x":18.0,"y":0.0,"z":-10.0},{"x":12.0,"y":0.0,"z":-10.0},{"x":18.0,"y":0.0,"z":10.0},{"x":12.0,"y":0.0,"z":10.0},{"x":18.0,"y":0.0,"z":-28.0},{"x":12.0,"y":0.0,"z":-28.0},{"x":18.0,"y":0.0,"z":28.0},{"x":12.0,"y":0.0,"z":28.0},{"x":18.0,"y":0.0,"z":-42.0},{"x":12.0,"y":0.0,"z":-42.0},{"x":18.0,"y":0.0,"z":42.0},{"x":12.0,"y":0.0,"z":42.0},{"x":18.0,"y":0.0,"z":-60.0},{"x":12.0,"y":0.0,"z":-60.0},{"x":18.0,"y":0.0,"z":60.0},{"x":12.0,"y":0.0,"z":60.0},{"x":18.0,"y":0.0,"z":-82.0},{"x":12.0,"y":0.0,"z":-82.0},{"x":18.0,"y":0.0,"z":82.0},{"x":12.0,"y":0.0,"z":82.0},{"x":18.0,"y":0.0,"z":-106.0},{"x":12.0,"y":0.0,"z":-106.0},{"x":18.0,"y":0.0,"z":106.0},{"x":12.0,"y":0.0,"z":106.0}],"positionsFlipped":[{"x":18.0,"y":0.0,"z":-10.0},{"x":12.0,"y":0.0,"z":-10.0},{"x":18.0,"y":0.0,"z":10.0},{"x":12.0,"y":0.0,"z":10.0},{"x":18.0,"y":0.0,"z":-28.0},{"x":12.0,"y":0.0,"z":-28.0},{"x":18.0,"y":0.0,"z":28.0},{"x":12.0,"y":0.0,"z":28.0},{"x":18.0,"y":0.0,"z":-42.0},{"x":12.0,"y":0.0,"z":-42.0},{"x":18.0,"y":0.0,"z":42.0},{"x":12.0,"y":0.0,"z":42.0},{"x":18.0,"y":0.0,"z":-60.0},{"x":12.0,"y":0.0,"z":-60.0},{"x":18.0,"y":0.0,"z":60.0},{"x":12.0,"y":0.0,"z":60.0},{"x":18.0,"y":0.0,"z":-82.0},{"x":12.0,"y":0.0,"z":-82.0},{"x":18.0,"y":0.0,"z":82.0},{"x":12.0,"y":0.0,"z":82.0},{"x":18.0,"y":0.0,"z":-106.0},{"x":12.0,"y":0.0,"z":-106.0},{"x":18.0,"y":0.0,"z":106.0},{"x":12.0,"y":0.0,"z":106.0}]},{"name":"2eb0427e","positions":[{"x":18.0,"y":0.0,"z":-10.0},{"x":12.0,"y":0.0,"z":-10.0},{"x":18.0,"y":0.0,"z":10.0},{"x":12.0,"y":0.0,"z":10.0},{"x":18.0,"y":0.0,"z":-28.0},{"x":12.0,"y":0.0,"z":-28.0},{"x":18.0,"y":0.0,"z":28.0},{"x":12.0,"y":0.0,"z":28.0},{"x":18.0,"y":0.0,"z":-42.0},{"x":12.0,"y":0.0,"z":-42.0},{"x":18.0,"y":0.0,"z":42.0},{"x":12.0,"y":0.0,"z":42.0},{"x":18.0,"y":0.0,"z":-60.0},{"x":12.0,"y":0.0,"z":-60.0},{"x":18.0,"y":0.0,"z":60.0},{"x":12.0,"y":0.0,"z":60.0},{"x":18.0,"y":0.0,"z":-82.0},{"x":12.0,"y":0.0,"z":-82.0},{"x":18.0,"y":0.0,"z":82.0},{"x":12.0,"y":0.0,"z":82.0},{"x":18.0,"y":0.0,"z":-106.0},{"x":12.0,"y":0.0,"z":-106.0},{"x":18.0,"y":0.0,"z":106.0},{"x":12.0,"y":0.0,"z":106.0}],"positionsFlipped":[{"x":18.0,"y":0.0,"z":-10.0},{"x":12.0,"y":0.0,"z":-10.0},{"x":18.0,"y":0.0,"z":10.0},{"x":12.0,"y":0.0,"z":10.0},{"x":18.0,"y":0.0,"z":-28.0},{"x":12.0,"y":0.0,"z":-28.0},{"x":18.0,"y":0.0,"z":28.0},{"x":12.0,"y":0.0,"z":28.0},{"x":18.0,"y":0.0,"z":-42.0},{"x":12.0,"y":0.0,"z":-42.0},{"x":18.0,"y":0.0,"z":42.0},{"x":12.0,"y":0.0,"z":42.0},{"x":18.0,"y":0.0,"z":-60.0},{"x":12.0,"y":0.0,"z":-60.0},{"x":18.0,"y":0.0,"z":60.0},{"x":12.0,"y":0.0,"z":60.0},{"x":18.0,"y":0.0,"z":-82.0},{"x":12.0,"y":0.0,"z":-82.0},{"x":18.0,"y":0.0,"z":82.0},{"x":12.0,"y":0.0,"z":82.0},{"x":18.0,"y":0.0,"z":-106.0},{"x":12.0,"y":0.0,"z":-106.0},{"x":18.0,"y":0.0,"z":106.0},{"x":12.0,"y":0.0,"z":106.0}]},{"name":"893b1379","positions":[{"x":0.0,"y":0.0,"z":128.0},{"x":0.0,"y":0.0,"z":-144.0}],"positionsFlipped":[]},{"name":"9d9b6554","positions":[{"x":0.0,"y":0.0,"z":0.0},{"x":0.0,"y":0.0,"z":32.0},{"x":0.0,"y":0.0,"z":-32.0},{"x":0.0,"y":0.0,"z":64.0},{"x":0.0,"y":0.0,"z":-64.0},{"x":0.0,"y":0.0,"z":96.0},{"x":0.0,"y":0.0,"z":-96.0}],"positionsFlipped":[]},{"name":"2d81c77b","positions":[{"x":0.0,"y":0.0,"z":0.0},{"x":0.0,"y":0.0,"z":32.0},{"x":0.0,"y":0.0,"z":-32.0},{"x":0.0,"y":0.0,"z":64.0},{"x":0.0,"y":0.0,"z":-64.0},{"x":0.0,"y":0.0,"z":96.0},{"x":0.0,"y":0.0,"z":-96.0}],"positionsFlipped":[]},{"name":"6a1d01f1","positions":[{"x":0.0,"y":0.0,"z":0.0},{"x":0.0,"y":0.0,"z":32.0},{"x":0.0,"y":0.0,"z":-32.0},{"x":0.0,"y":0.0,"z":64.0},{"x":0.0,"y":0.0,"z":-64.0},{"x":0.0,"y":0.0,"z":96.0},{"x":0.0,"y":0.0,"z":-96.0},{"x":0.0,"y":0.0,"z":128.0},{"x":0.0,"y":0.0,"z":-128.0}],"positionsFlipped":[]},{"name":"8589f940","positions":[{"x":0.0,"y":0.0,"z":0.0},{"x":0.0,"y":0.0,"z":32.0},{"x":0.0,"y":0.0,"z":-32.0},{"x":0.0,"y":0.0,"z":64.0},{"x":0.0,"y":0.0,"z":-64.0},{"x":0.0,"y":0.0,"z":96.0},{"x":0.0,"y":0.0,"z":-96.0},{"x":0.0,"y":0.0,"z":128.0},{"x":0.0,"y":0.0,"z":-128.0}],"positionsFlipped":[]},{"name":"3f920c17","positions":[{"x":0.0,"y":0.0,"z":-128.0},{"x":0.0,"y":0.0,"z":128.0}],"positionsFlipped":[{"x":0.0,"y":0.0,"z":-128.0}]},{"name":"6632ec9c","positions":[{"x":0.0,"y":0.0,"z":-128.0},{"x":0.0,"y":0.0,"z":128.0}],"positionsFlipped":[{"x":0.0,"y":0.0,"z":-128.0}]},{"name":"f2c80313","positions":[{"x":0.0,"y":0.0,"z":-128.0},{"x":0.0,"y":0.0,"z":128.0}],"positionsFlipped":[{"x":0.0,"y":0.0,"z":-128.0}]},{"name":"24d7e2dc","positions":[{"x":0.0,"y":0.0,"z":-128.0},{"x":0.0,"y":0.0,"z":128.0}],"positionsFlipped":[{"x":0.0,"y":0.0,"z":-128.0}]},{"name":"61e970b8","positions":[{"x":0.0,"y":0.0,"z":-128.0},{"x":0.0,"y":0.0,"z":128.0}],"positionsFlipped":[{"x":0.0,"y":0.0,"z":-128.0}]},{"name":"f8851290","positions":[],"positionsFlipped":[{"x":0.0,"y":0.0,"z":128.0}]},{"name":"d9f21ca3","positions":[],"positionsFlipped":[{"x":0.0,"y":0.0,"z":128.0}]},{"name":"f5ed9b29","positions":[],"positionsFlipped":[{"x":0.0,"y":0.0,"z":144.0}]},{"name":"660160f7","positions":[],"positionsFlipped":[{"x":0.0,"y":0.0,"z":144.0}]},{"name":"65b27f32","positions":[],"positionsFlipped":[{"x":0.0,"y":0.0,"z":144.0}]},{"name":"9daad3a7","positions":[],"positionsFlipped":[{"x":0.0,"y":0.0,"z":-168.0}]},{"name":"2c843f6d","positions":[],"positionsFlipped":[{"x":0.0,"y":0.0,"z":-168.0}]},{"name":"e8cfa2a5","positions":[],"positionsFlipped":[{"x":0.0,"y":0.0,"z":-168.0}]},{"name":"1d835039","positions":[],"positionsFlipped":[{"x":0.0,"y":0.0,"z":-168.0}]},{"name":"182aa8a8","positions":[],"positionsFlipped":[{"x":0.0,"y":0.0,"z":-168.0}]},{"name":"79d2b22","positions":[],"positionsFlipped":[{"x":0.0,"y":0.0,"z":-168.0}]},{"name":"5943720a","positions":[],"positionsFlipped":[{"x":0.0,"y":0.0,"z":-168.0}]},{"name":"4193a65b","positions":[{"x":0.0,"y":0.0,"z":-180.0}],"positionsFlipped":[]}]}