{"positionDefinitions":[{"name":"b662b8ef","positions":[{"x":0.0,"y":0.0,"z":0.0}],"positionsFlipped":[]},{"name":"31477f2d","positions":[{"x":0.0,"y":0.0,"z":0.0}],"positionsFlipped":[]},{"name":"98d513b5","positions":[{"x":0.0,"y":0.0,"z":0.0}],"positionsFlipped":[]},{"name":"81c3c820","positions":[{"x":0.0,"y":0.0,"z":0.0}],"positionsFlipped":[]},{"name":"b9d6cd5c","positions":[{"x":0.0,"y":0.0,"z":0.0}],"positionsFlipped":[]},{"name":"c885aa5","positions":[{"x":0.0,"y":0.0,"z":200.0},{"x":0.0,"y":0.0,"z":-200.0}],"positionsFlipped":[{"x":0.0,"y":0.0,"z":200.0},{"x":0.0,"y":0.0,"z":-200.0}]},{"name":"2fba34d8","positions":[{"x":0.0,"y":0.0,"z":200.0}],"positionsFlipped":[{"x":0.0,"y":0.0,"z":-200.0}]},{"name":"ec4e5e71","positions":[{"x":0.0,"y":0.0,"z":200.0}],"positionsFlipped":[{"x":0.0,"y":0.0,"z":-200.0}]},{"name":"bb55aeb9","positions":[{"x":0.0,"y":0.0,"z":-200.0}],"positionsFlipped":[{"x":0.0,"y":0.0,"z":200.0}]},{"name":"f844c08a","positions":[{"x":0.0,"y":0.0,"z":-200.0}],"positionsFlipped":[{"x":0.0,"y":0.0,"z":200.0}]},{"name":"547e47d5","positions":[{"x":0.0,"y":0.0,"z":216.0}],"positionsFlipped":[{"x":0.0,"y":0.0,"z":-216.0}]},{"name":"3bc35524","positions":[{"x":20.0,"y":0.0,"z":0.0},{"x":12.0,"y":0.0,"z":0.0},{"x":-20.0,"y":0.0,"z":0.0},{"x":-12.0,"y":0.0,"z":0.0},{"x":20.0,"y":0.0,"z":18.0},{"x":12.0,"y":0.0,"z":18.0},{"x":-20.0,"y":0.0,"z":18.0},{"x":-12.0,"y":0.0,"z":18.0},{"x":20.0,"y":0.0,"z":36.0},{"x":12.0,"y":0.0,"z":36.0},{"x":-20.0,"y":0.0,"z":36.0},{"x":-12.0,"y":0.0,"z":36.0},{"x":20.0,"y":0.0,"z":52.0},{"x":12.0,"y":0.0,"z":52.0},{"x":-20.0,"y":0.0,"z":52.0},{"x":-12.0,"y":0.0,"z":52.0},{"x":20.0,"y":0.0,"z":68.0},{"x":12.0,"y":0.0,"z":68.0},{"x":-20.0,"y":0.0,"z":68.0},{"x":-12.0,"y":0.0,"z":68.0},{"x":20.0,"y":0.0,"z":86.0},{"x":12.0,"y":0.0,"z":86.0},{"x":-20.0,"y":0.0,"z":86.0},{"x":-12.0,"y":0.0,"z":86.0},{"x":20.0,"y":0.0,"z":102.0},{"x":12.0,"y":0.0,"z":102.0},{"x":-20.0,"y":0.0,"z":102.0},{"x":-12.0,"y":0.0,"z":102.0},{"x":20.0,"y":0.0,"z":118.0},{"x":12.0,"y":0.0,"z":118.0},{"x":-20.0,"y":0.0,"z":118.0},{"x":-12.0,"y":0.0,"z":118.0},{"x":20.0,"y":0.0,"z":-160.0},{"x":12.0,"y":0.0,"z":-160.0},{"x":-20.0,"y":0.0,"z":-138.0},{"x":-12.0,"y":0.0,"z":-138.0},{"x":20.0,"y":0.0,"z":-18.0},{"x":12.0,"y":0.0,"z":-18.0},{"x":-20.0,"y":0.0,"z":-18.0},{"x":-12.0,"y":0.0,"z":-18.0},{"x":20.0,"y":0.0,"z":-36.0},{"x":12.0,"y":0.0,"z":-36.0},{"x":-20.0,"y":0.0,"z":-36.0},{"x":-12.0,"y":0.0,"z":-36.0},{"x":20.0,"y":0.0,"z":-52.0},{"x":12.0,"y":0.0,"z":-52.0},{"x":-20.0,"y":0.0,"z":-52.0},{"x":-12.0,"y":0.0,"z":-52.0},{"x":20.0,"y":0.0,"z":-68.0},{"x":12.0,"y":0.0,"z":-68.0},{"x":-20.0,"y":0.0,"z":-68.0},{"x":-12.0,"y":0.0,"z":-68.0},{"x":20.0,"y":0.0,"z":-86.0},{"x":12.0,"y":0.0,"z":-86.0},{"x":-20.0,"y":0.0,"z":-86.0},{"x":-12.0,"y":0.0,"z":-86.0},{"x":20.0,"y":0.0,"z":-102.0},{"x":12.0,"y":0.0,"z":-102.0},{"x":-20.0,"y":0.0,"z":-102.0},{"x":-12.0,"y":0.0,"z":-102.0},{"x":20.0,"y":0.0,"z":-118.0},{"x":12.0,"y":0.0,"z":-118.0},{"x":-20.0,"y":0.0,"z":-118.0},{"x":-12.0,"y":0.0,"z":-118.0}],"positionsFlipped":[{"x":-20.0,"y":0.0,"z":-138.0},{"x":-12.0,"y":0.0,"z":-138.0},{"x":20.0,"y":0.0,"z":-160.0},{"x":12.0,"y":0.0,"z":-160.0},{"x":20.0,"y":0.0,"z":134.0},{"x":12.0,"y":0.0,"z":134.0}]}]}