{"positionDefinitions":[{"name":"2b0d75d4","positions":[{"x":0.0,"y":0.0,"z":0.0}],"positionsFlipped":[]},{"name":"3b3e59f3","positions":[{"x":0.0,"y":0.0,"z":0.0}],"positionsFlipped":[]},{"name":"ab2ae528","positions":[{"x":0.0,"y":0.0,"z":0.0}],"positionsFlipped":[]},{"name":"5f831ec4","positions":[{"x":0.0,"y":0.0,"z":0.0}],"positionsFlipped":[{"x":0.0,"y":0.0,"z":0.0}]},{"name":"3aa7013c","positions":[{"x":0.0,"y":0.0,"z":0.0}],"positionsFlipped":[{"x":0.0,"y":0.0,"z":0.0}]},{"name":"756c14ec","positions":[{"x":0.0,"y":0.0,"z":0.0}],"positionsFlipped":[{"x":0.0,"y":0.0,"z":0.0}]},{"name":"c3643c5f","positions":[{"x":0.0,"y":0.0,"z":0.0}],"positionsFlipped":[{"x":0.0,"y":0.0,"z":0.0}]},{"name":"28b0d157","positions":[{"x":0.0,"y":0.0,"z":0.0}],"positionsFlipped":[{"x":0.0,"y":0.0,"z":0.0}]},{"name":"d3d08b21","positions":[{"x":0.0,"y":0.0,"z":0.0}],"positionsFlipped":[{"x":0.0,"y":0.0,"z":0.0}]},{"name":"85b9cceb","positions":[{"x":0.0,"y":0.0,"z":0.0}],"positionsFlipped":[{"x":0.0,"y":0.0,"z":0.0}]},{"name":"a2a20b0c","positions":[{"x":0.0,"y":0.0,"z":0.0}],"positionsFlipped":[{"x":0.0,"y":0.0,"z":0.0}]},{"name":"8dadcf83","positions":[{"x":0.0,"y":0.0,"z":0.0}],"positionsFlipped":[{"x":0.0,"y":0.0,"z":0.0}]},{"name":"e6374ac9","positions":[{"x":0.0,"y":0.0,"z":0.0}],"positionsFlipped":[{"x":0.0,"y":0.0,"z":0.0}]},{"name":"9460d84e","positions":[{"x":0.0,"y":0.0,"z":0.0}],"positionsFlipped":[{"x":0.0,"y":0.0,"z":0.0}]},{"name":"d29d4497","positions":[{"x":0.0,"y":0.0,"z":32.0},{"x":0.0,"y":0.0,"z":-32.0},{"x":0.0,"y":0.0,"z":64.0},{"x":0.0,"y":0.0,"z":-64.0},{"x":0.0,"y":0.0,"z":96.0},{"x":0.0,"y":0.0,"z":-96.0}],"positionsFlipped":[]},{"name":"33a44fb5","positions":[{"x":0.0,"y":0.0,"z":32.0},{"x":0.0,"y":0.0,"z":-32.0},{"x":0.0,"y":0.0,"z":64.0},{"x":0.0,"y":0.0,"z":-64.0},{"x":0.0,"y":0.0,"z":96.0},{"x":0.0,"y":0.0,"z":-96.0}],"positionsFlipped":[{"x":0.0,"y":0.0,"z":32.0},{"x":0.0,"y":0.0,"z":-32.0},{"x":0.0,"y":0.0,"z":64.0},{"x":0.0,"y":0.0,"z":-64.0},{"x":0.0,"y":0.0,"z":96.0},{"x":0.0,"y":0.0,"z":-96.0}]},{"name":"1632975f","positions":[{"x":0.0,"y":0.0,"z":0.0},{"x":0.0,"y":0.0,"z":32.0},{"x":0.0,"y":0.0,"z":-32.0},{"x":0.0,"y":0.0,"z":64.0},{"x":0.0,"y":0.0,"z":-64.0},{"x":0.0,"y":0.0,"z":96.0},{"x":0.0,"y":0.0,"z":-96.0},{"x":0.0,"y":0.0,"z":-128.0},{"x":0.0,"y":0.0,"z":128.0}],"positionsFlipped":[]},{"name":"e0308601","positions":[{"x":0.0,"y":0.0,"z":32.0},{"x":0.0,"y":0.0,"z":64.0},{"x":0.0,"y":0.0,"z":96.0}],"positionsFlipped":[]},{"name":"48c9b724","positions":[],"positionsFlipped":[]},{"name":"43ce43c9","positions":[{"x":0.0,"y":0.0,"z":64.0},{"x":0.0,"y":0.0,"z":-64.0}],"positionsFlipped":[{"x":0.0,"y":0.0,"z":64.0},{"x":0.0,"y":0.0,"z":-64.0}]},{"name":"8ae29b55","positions":[{"x":0.0,"y":0.0,"z":64.0},{"x":0.0,"y":0.0,"z":-64.0}],"positionsFlipped":[]},{"name":"d46e2e0f","positions":[{"x":0.0,"y":0.0,"z":64.0},{"x":0.0,"y":0.0,"z":-64.0}],"positionsFlipped":[{"x":0.0,"y":0.0,"z":64.0},{"x":0.0,"y":0.0,"z":-64.0}]},{"name":"e2ed8fdb","positions":[{"x":0.0,"y":0.0,"z":64.0},{"x":0.0,"y":0.0,"z":-64.0}],"positionsFlipped":[{"x":0.0,"y":0.0,"z":64.0},{"x":0.0,"y":0.0,"z":-64.0}]},{"name":"1e98e9bc","positions":[{"x":0.0,"y":0.0,"z":64.0},{"x":0.0,"y":0.0,"z":-64.0}],"positionsFlipped":[{"x":0.0,"y":0.0,"z":64.0},{"x":0.0,"y":0.0,"z":-64.0}]},{"name":"38f307","positions":[{"x":0.0,"y":0.0,"z":128.0}],"positionsFlipped":[{"x":0.0,"y":0.0,"z":-128.0}]},{"name":"469f844","positions":[{"x":0.0,"y":0.0,"z":128.0}],"positionsFlipped":[{"x":0.0,"y":0.0,"z":-128.0}]},{"name":"6b773961","positions":[{"x":0.0,"y":0.0,"z":128.0}],"positionsFlipped":[{"x":0.0,"y":0.0,"z":-128.0}]},{"name":"83677c52","positions":[{"x":0.0,"y":0.0,"z":128.0}],"positionsFlipped":[{"x":0.0,"y":0.0,"z":-128.0}]},{"name":"bbed2c3","positions":[{"x":14.0,"y":0.0,"z":22.0},{"x":-14.0,"y":0.0,"z":22.0},{"x":14.0,"y":0.0,"z":54.0},{"x":-14.0,"y":0.0,"z":54.0},{"x":14.0,"y":0.0,"z":86.0},{"x":-14.0,"y":0.0,"z":86.0},{"x":14.0,"y":0.0,"z":118.0},{"x":-14.0,"y":0.0,"z":118.0}],"positionsFlipped":[{"x":14.0,"y":0.0,"z":42.0},{"x":-14.0,"y":0.0,"z":42.0},{"x":14.0,"y":0.0,"z":74.0},{"x":-14.0,"y":0.0,"z":74.0},{"x":14.0,"y":0.0,"z":106.0},{"x":-14.0,"y":0.0,"z":106.0},{"x":14.0,"y":0.0,"z":138.0},{"x":-14.0,"y":0.0,"z":138.0}]},{"name":"f6f917d9","positions":[{"x":14.0,"y":0.0,"z":22.0},{"x":-14.0,"y":0.0,"z":22.0},{"x":14.0,"y":0.0,"z":54.0},{"x":-14.0,"y":0.0,"z":54.0},{"x":14.0,"y":0.0,"z":86.0},{"x":-14.0,"y":0.0,"z":86.0},{"x":14.0,"y":0.0,"z":118.0},{"x":-14.0,"y":0.0,"z":118.0}],"positionsFlipped":[{"x":14.0,"y":0.0,"z":42.0},{"x":-14.0,"y":0.0,"z":42.0},{"x":14.0,"y":0.0,"z":74.0},{"x":-14.0,"y":0.0,"z":74.0},{"x":14.0,"y":0.0,"z":106.0},{"x":-14.0,"y":0.0,"z":106.0},{"x":14.0,"y":0.0,"z":138.0},{"x":-14.0,"y":0.0,"z":138.0}]},{"name":"d23d0f89","positions":[{"x":0.0,"y":0.0,"z":32.0},{"x":0.0,"y":0.0,"z":64.0},{"x":0.0,"y":0.0,"z":96.0},{"x":0.0,"y":0.0,"z":128.0}],"positionsFlipped":[]},{"name":"d6844808","positions":[{"x":0.0,"y":0.0,"z":-64.0}],"positionsFlipped":[]},{"name":"a5971163","positions":[{"x":0.0,"y":0.0,"z":-64.0}],"positionsFlipped":[]},{"name":"20ec839f","positions":[{"x":0.0,"y":0.0,"z":-64.0}],"positionsFlipped":[]}]}