{"positionDefinitions":[{"name":"490a56d0","positions":[{"x":0.0,"y":0.0,"z":0.0}],"positionsFlipped":[]},{"name":"b5c9baf1","positions":[{"x":0.0,"y":0.0,"z":0.0}],"positionsFlipped":[]},{"name":"43938eaa","positions":[{"x":0.0,"y":0.0,"z":0.0}],"positionsFlipped":[{"x":0.0,"y":0.0,"z":0.0}]},{"name":"4db02372","positions":[{"x":0.0,"y":0.0,"z":0.0}],"positionsFlipped":[{"x":0.0,"y":0.0,"z":0.0}]},{"name":"b468329a","positions":[{"x":0.0,"y":0.0,"z":0.0}],"positionsFlipped":[{"x":0.0,"y":0.0,"z":0.0}]},{"name":"a3d4ca88","positions":[{"x":0.0,"y":0.0,"z":0.0}],"positionsFlipped":[{"x":0.0,"y":0.0,"z":0.0}]},{"name":"f6b83b01","positions":[{"x":0.0,"y":0.0,"z":0.0}],"positionsFlipped":[{"x":0.0,"y":0.0,"z":0.0}]},{"name":"232041ef","positions":[{"x":0.0,"y":0.0,"z":0.0}],"positionsFlipped":[]},{"name":"af958811","positions":[{"x":0.0,"y":0.0,"z":0.0}],"positionsFlipped":[{"x":0.0,"y":0.0,"z":0.0}]},{"name":"8967cead","positions":[{"x":0.0,"y":0.0,"z":32.0},{"x":0.0,"y":0.0,"z":64.0},{"x":0.0,"y":0.0,"z":96.0},{"x":0.0,"y":0.0,"z":-32.0},{"x":0.0,"y":0.0,"z":-64.0},{"x":0.0,"y":0.0,"z":-96.0}],"positionsFlipped":[]},{"name":"4d8bb44d","positions":[{"x":0.0,"y":0.0,"z":32.0},{"x":0.0,"y":0.0,"z":64.0},{"x":0.0,"y":0.0,"z":96.0},{"x":0.0,"y":0.0,"z":-32.0},{"x":0.0,"y":0.0,"z":-64.0},{"x":0.0,"y":0.0,"z":-96.0}],"positionsFlipped":[]},{"name":"12445feb","positions":[{"x":14.0,"y":0.0,"z":20.0},{"x":7.0,"y":0.0,"z":20.0},{"x":-14.0,"y":0.0,"z":20.0},{"x":-7.0,"y":0.0,"z":20.0},{"x":14.0,"y":0.0,"z":52.0},{"x":7.0,"y":0.0,"z":52.0},{"x":-14.0,"y":0.0,"z":52.0},{"x":-7.0,"y":0.0,"z":52.0},{"x":14.0,"y":0.0,"z":84.0},{"x":7.0,"y":0.0,"z":84.0},{"x":-14.0,"y":0.0,"z":84.0},{"x":-7.0,"y":0.0,"z":84.0},{"x":14.0,"y":0.0,"z":-44.0},{"x":7.0,"y":0.0,"z":-44.0},{"x":-14.0,"y":0.0,"z":-44.0},{"x":-7.0,"y":0.0,"z":-44.0},{"x":14.0,"y":0.0,"z":-76.0},{"x":7.0,"y":0.0,"z":-76.0},{"x":-14.0,"y":0.0,"z":-76.0},{"x":-7.0,"y":0.0,"z":-76.0},{"x":14.0,"y":0.0,"z":-106.0},{"x":7.0,"y":0.0,"z":-106.0},{"x":-14.0,"y":0.0,"z":-106.0},{"x":-7.0,"y":0.0,"z":-106.0}],"positionsFlipped":[{"x":14.0,"y":0.0,"z":-20.0},{"x":7.0,"y":0.0,"z":-20.0},{"x":-14.0,"y":0.0,"z":-20.0},{"x":-7.0,"y":0.0,"z":-20.0},{"x":14.0,"y":0.0,"z":-52.0},{"x":7.0,"y":0.0,"z":-52.0},{"x":-14.0,"y":0.0,"z":-52.0},{"x":-7.0,"y":0.0,"z":-52.0},{"x":14.0,"y":0.0,"z":-84.0},{"x":7.0,"y":0.0,"z":-84.0},{"x":-14.0,"y":0.0,"z":-84.0},{"x":-7.0,"y":0.0,"z":-84.0},{"x":14.0,"y":0.0,"z":44.0},{"x":7.0,"y":0.0,"z":44.0},{"x":-14.0,"y":0.0,"z":44.0},{"x":-7.0,"y":0.0,"z":44.0},{"x":14.0,"y":0.0,"z":76.0},{"x":7.0,"y":0.0,"z":76.0},{"x":-14.0,"y":0.0,"z":76.0},{"x":-7.0,"y":0.0,"z":76.0},{"x":14.0,"y":0.0,"z":106.0},{"x":7.0,"y":0.0,"z":106.0},{"x":-14.0,"y":0.0,"z":106.0},{"x":-7.0,"y":0.0,"z":106.0}]},{"name":"f0e451b7","positions":[{"x":0.0,"y":0.0,"z":32.0},{"x":0.0,"y":0.0,"z":64.0},{"x":0.0,"y":0.0,"z":96.0},{"x":0.0,"y":0.0,"z":-32.0},{"x":0.0,"y":0.0,"z":-64.0},{"x":0.0,"y":0.0,"z":-96.0},{"x":0.0,"y":0.0,"z":128.0}],"positionsFlipped":[]},{"name":"23f2770f","positions":[{"x":0.0,"y":0.0,"z":128.0}],"positionsFlipped":[]},{"name":"455434d5","positions":[{"x":14.0,"y":0.0,"z":20.0},{"x":7.0,"y":0.0,"z":20.0},{"x":-14.0,"y":0.0,"z":20.0},{"x":-7.0,"y":0.0,"z":20.0},{"x":14.0,"y":0.0,"z":52.0},{"x":7.0,"y":0.0,"z":52.0},{"x":-14.0,"y":0.0,"z":52.0},{"x":-7.0,"y":0.0,"z":52.0},{"x":14.0,"y":0.0,"z":84.0},{"x":7.0,"y":0.0,"z":84.0},{"x":-14.0,"y":0.0,"z":84.0},{"x":-7.0,"y":0.0,"z":84.0},{"x":14.0,"y":0.0,"z":-44.0},{"x":7.0,"y":0.0,"z":-44.0},{"x":-14.0,"y":0.0,"z":-44.0},{"x":-7.0,"y":0.0,"z":-44.0},{"x":14.0,"y":0.0,"z":-76.0},{"x":7.0,"y":0.0,"z":-76.0},{"x":-14.0,"y":0.0,"z":-76.0},{"x":-7.0,"y":0.0,"z":-76.0},{"x":14.0,"y":0.0,"z":-106.0},{"x":7.0,"y":0.0,"z":-106.0},{"x":-14.0,"y":0.0,"z":-106.0},{"x":-7.0,"y":0.0,"z":-106.0}],"positionsFlipped":[{"x":14.0,"y":0.0,"z":-20.0},{"x":7.0,"y":0.0,"z":-20.0},{"x":-14.0,"y":0.0,"z":-20.0},{"x":-7.0,"y":0.0,"z":-20.0},{"x":14.0,"y":0.0,"z":-52.0},{"x":7.0,"y":0.0,"z":-52.0},{"x":-14.0,"y":0.0,"z":-52.0},{"x":-7.0,"y":0.0,"z":-52.0},{"x":14.0,"y":0.0,"z":-84.0},{"x":7.0,"y":0.0,"z":-84.0},{"x":-14.0,"y":0.0,"z":-84.0},{"x":-7.0,"y":0.0,"z":-84.0},{"x":14.0,"y":0.0,"z":44.0},{"x":7.0,"y":0.0,"z":44.0},{"x":-14.0,"y":0.0,"z":44.0},{"x":-7.0,"y":0.0,"z":44.0},{"x":14.0,"y":0.0,"z":76.0},{"x":7.0,"y":0.0,"z":76.0},{"x":-14.0,"y":0.0,"z":76.0},{"x":-7.0,"y":0.0,"z":76.0},{"x":14.0,"y":0.0,"z":106.0},{"x":7.0,"y":0.0,"z":106.0},{"x":-14.0,"y":0.0,"z":106.0},{"x":-7.0,"y":0.0,"z":106.0}]},{"name":"4ace7a22","positions":[{"x":0.0,"y":0.0,"z":128.0}],"positionsFlipped":[]},{"name":"a7b7670f","positions":[{"x":0.0,"y":0.0,"z":0.0},{"x":0.0,"y":0.0,"z":32.0},{"x":0.0,"y":0.0,"z":64.0},{"x":0.0,"y":0.0,"z":96.0},{"x":0.0,"y":0.0,"z":-32.0},{"x":0.0,"y":0.0,"z":-64.0},{"x":0.0,"y":0.0,"z":-96.0},{"x":0.0,"y":0.0,"z":128.0}],"positionsFlipped":[]},{"name":"37a24ddb","positions":[{"x":0.0,"y":0.0,"z":64.0},{"x":0.0,"y":0.0,"z":-64.0}],"positionsFlipped":[]},{"name":"2ce98dbb","positions":[{"x":0.0,"y":0.0,"z":64.0},{"x":0.0,"y":0.0,"z":-64.0}],"positionsFlipped":[{"x":0.0,"y":0.0,"z":64.0},{"x":0.0,"y":0.0,"z":-64.0}]},{"name":"d0e33ee8","positions":[{"x":0.0,"y":0.0,"z":64.0},{"x":0.0,"y":0.0,"z":-64.0}],"positionsFlipped":[{"x":0.0,"y":0.0,"z":64.0},{"x":0.0,"y":0.0,"z":-64.0}]},{"name":"76e6749a","positions":[{"x":0.0,"y":0.0,"z":-136.0}],"positionsFlipped":[]},{"name":"4fb45ef6","positions":[{"x":0.0,"y":0.0,"z":-136.0}],"positionsFlipped":[]},{"name":"f5a9e94b","positions":[{"x":0.0,"y":0.0,"z":-136.0}],"positionsFlipped":[]},{"name":"9ddfd194","positions":[],"positionsFlipped":[{"x":0.0,"y":0.0,"z":-136.0}]},{"name":"8f602f1a","positions":[{"x":0.0,"y":0.0,"z":-136.0}],"positionsFlipped":[]},{"name":"10a51b02","positions":[{"x":0.0,"y":0.0,"z":-136.0}],"positionsFlipped":[]},{"name":"993cfeee","positions":[{"x":0.0,"y":0.0,"z":-136.0}],"positionsFlipped":[]},{"name":"7f69123c","positions":[{"x":0.0,"y":0.0,"z":-136.0}],"positionsFlipped":[]}]}