{"positionDefinitions":[{"name":"cd0d8655","positions":[{"x":0.0,"y":0.0,"z":16.0},{"x":0.0,"y":0.0,"z":-16.0},{"x":0.0,"y":0.0,"z":48.0},{"x":0.0,"y":0.0,"z":-48.0},{"x":0.0,"y":0.0,"z":80.0},{"x":0.0,"y":0.0,"z":-80.0}],"positionsFlipped":[]},{"name":"e26c9808","positions":[{"x":0.0,"y":0.0,"z":16.0},{"x":0.0,"y":0.0,"z":-16.0},{"x":0.0,"y":0.0,"z":48.0},{"x":0.0,"y":0.0,"z":-48.0},{"x":0.0,"y":0.0,"z":80.0},{"x":0.0,"y":0.0,"z":-80.0}],"positionsFlipped":[]},{"name":"86a98a84","positions":[{"x":0.0,"y":0.0,"z":16.0},{"x":0.0,"y":0.0,"z":-16.0},{"x":0.0,"y":0.0,"z":48.0},{"x":0.0,"y":0.0,"z":-48.0},{"x":0.0,"y":0.0,"z":80.0},{"x":0.0,"y":0.0,"z":-80.0}],"positionsFlipped":[]},{"name":"d5cf3f4f","positions":[{"x":0.0,"y":0.0,"z":16.0},{"x":0.0,"y":0.0,"z":-16.0},{"x":0.0,"y":0.0,"z":48.0},{"x":0.0,"y":0.0,"z":-48.0},{"x":0.0,"y":0.0,"z":80.0},{"x":0.0,"y":0.0,"z":-80.0}],"positionsFlipped":[]},{"name":"9f1afd89","positions":[{"x":0.0,"y":0.0,"z":136.0}],"positionsFlipped":[{"x":0.0,"y":0.0,"z":-136.0}]},{"name":"219fd0d7","positions":[{"x":0.0,"y":0.0,"z":136.0}],"positionsFlipped":[{"x":0.0,"y":0.0,"z":-136.0}]},{"name":"d6fee82a","positions":[{"x":0.0,"y":0.0,"z":136.0}],"positionsFlipped":[{"x":0.0,"y":0.0,"z":-136.0}]},{"name":"89edeaa3","positions":[{"x":0.0,"y":0.0,"z":136.0}],"positionsFlipped":[{"x":0.0,"y":0.0,"z":-136.0}]},{"name":"e3da8f07","positions":[{"x":0.0,"y":0.0,"z":136.0}],"positionsFlipped":[{"x":0.0,"y":0.0,"z":-136.0}]},{"name":"9af1a537","positions":[{"x":0.0,"y":0.0,"z":136.0}],"positionsFlipped":[{"x":0.0,"y":0.0,"z":-136.0}]},{"name":"efb10bb0","positions":[{"x":0.0,"y":0.0,"z":136.0},{"x":0.0,"y":0.0,"z":-136.0}],"positionsFlipped":[{"x":0.0,"y":0.0,"z":136.0},{"x":0.0,"y":0.0,"z":-136.0}]},{"name":"9f7aa11a","positions":[{"x":0.0,"y":0.0,"z":136.0}],"positionsFlipped":[{"x":0.0,"y":0.0,"z":-136.0}]},{"name":"3f8b221a","positions":[{"x":0.0,"y":0.0,"z":168.0}],"positionsFlipped":[{"x":0.0,"y":0.0,"z":-168.0}]},{"name":"59c3dd5c","positions":[{"x":0.0,"y":0.0,"z":-136.0}],"positionsFlipped":[{"x":0.0,"y":0.0,"z":136.0}]},{"name":"d6b8052b","positions":[{"x":0.0,"y":0.0,"z":-104.0}],"positionsFlipped":[{"x":0.0,"y":0.0,"z":104.0}]},{"name":"6bee573f","positions":[{"x":0.0,"y":0.0,"z":0.0}],"positionsFlipped":[{"x":0.0,"y":0.0,"z":0.0}]},{"name":"ea6eeea3","positions":[{"x":16.0,"y":0.0,"z":4.0},{"x":10.0,"y":0.0,"z":4.0},{"x":-16.0,"y":0.0,"z":4.0},{"x":-10.0,"y":0.0,"z":4.0},{"x":16.0,"y":0.0,"z":36.0},{"x":10.0,"y":0.0,"z":36.0},{"x":-16.0,"y":0.0,"z":36.0},{"x":-10.0,"y":0.0,"z":36.0},{"x":16.0,"y":0.0,"z":68.0},{"x":10.0,"y":0.0,"z":68.0},{"x":-16.0,"y":0.0,"z":68.0},{"x":-10.0,"y":0.0,"z":68.0},{"x":16.0,"y":0.0,"z":-28.0},{"x":10.0,"y":0.0,"z":-28.0},{"x":-16.0,"y":0.0,"z":-28.0},{"x":-10.0,"y":0.0,"z":-28.0},{"x":16.0,"y":0.0,"z":-60.0},{"x":10.0,"y":0.0,"z":-60.0},{"x":-16.0,"y":0.0,"z":-60.0},{"x":-10.0,"y":0.0,"z":-60.0},{"x":16.0,"y":0.0,"z":-92.0},{"x":10.0,"y":0.0,"z":-92.0},{"x":-16.0,"y":0.0,"z":-92.0},{"x":-10.0,"y":0.0,"z":-92.0}],"positionsFlipped":[{"x":16.0,"y":0.0,"z":-4.0},{"x":10.0,"y":0.0,"z":-4.0},{"x":-16.0,"y":0.0,"z":-4.0},{"x":-10.0,"y":0.0,"z":-4.0},{"x":16.0,"y":0.0,"z":-36.0},{"x":10.0,"y":0.0,"z":-36.0},{"x":-16.0,"y":0.0,"z":-36.0},{"x":-10.0,"y":0.0,"z":-36.0},{"x":16.0,"y":0.0,"z":-68.0},{"x":10.0,"y":0.0,"z":-68.0},{"x":-16.0,"y":0.0,"z":-68.0},{"x":-10.0,"y":0.0,"z":-68.0},{"x":16.0,"y":0.0,"z":28.0},{"x":10.0,"y":0.0,"z":28.0},{"x":-16.0,"y":0.0,"z":28.0},{"x":-10.0,"y":0.0,"z":28.0},{"x":16.0,"y":0.0,"z":60.0},{"x":10.0,"y":0.0,"z":60.0},{"x":-16.0,"y":0.0,"z":60.0},{"x":-10.0,"y":0.0,"z":60.0},{"x":16.0,"y":0.0,"z":92.0},{"x":10.0,"y":0.0,"z":92.0},{"x":-16.0,"y":0.0,"z":92.0},{"x":-10.0,"y":0.0,"z":92.0}]},{"name":"10aecc82","positions":[{"x":16.0,"y":0.0,"z":4.0},{"x":10.0,"y":0.0,"z":4.0},{"x":-16.0,"y":0.0,"z":4.0},{"x":-10.0,"y":0.0,"z":4.0},{"x":16.0,"y":0.0,"z":36.0},{"x":10.0,"y":0.0,"z":36.0},{"x":-16.0,"y":0.0,"z":36.0},{"x":-10.0,"y":0.0,"z":36.0},{"x":16.0,"y":0.0,"z":68.0},{"x":10.0,"y":0.0,"z":68.0},{"x":-16.0,"y":0.0,"z":68.0},{"x":-10.0,"y":0.0,"z":68.0},{"x":16.0,"y":0.0,"z":-28.0},{"x":10.0,"y":0.0,"z":-28.0},{"x":-16.0,"y":0.0,"z":-28.0},{"x":-10.0,"y":0.0,"z":-28.0},{"x":16.0,"y":0.0,"z":-60.0},{"x":10.0,"y":0.0,"z":-60.0},{"x":-16.0,"y":0.0,"z":-60.0},{"x":-10.0,"y":0.0,"z":-60.0},{"x":16.0,"y":0.0,"z":-92.0},{"x":10.0,"y":0.0,"z":-92.0},{"x":-16.0,"y":0.0,"z":-92.0},{"x":-10.0,"y":0.0,"z":-92.0}],"positionsFlipped":[{"x":16.0,"y":0.0,"z":-4.0},{"x":10.0,"y":0.0,"z":-4.0},{"x":-16.0,"y":0.0,"z":-4.0},{"x":-10.0,"y":0.0,"z":-4.0},{"x":16.0,"y":0.0,"z":-36.0},{"x":10.0,"y":0.0,"z":-36.0},{"x":-16.0,"y":0.0,"z":-36.0},{"x":-10.0,"y":0.0,"z":-36.0},{"x":16.0,"y":0.0,"z":-68.0},{"x":10.0,"y":0.0,"z":-68.0},{"x":-16.0,"y":0.0,"z":-68.0},{"x":-10.0,"y":0.0,"z":-68.0},{"x":16.0,"y":0.0,"z":28.0},{"x":10.0,"y":0.0,"z":28.0},{"x":-16.0,"y":0.0,"z":28.0},{"x":-10.0,"y":0.0,"z":28.0},{"x":16.0,"y":0.0,"z":60.0},{"x":10.0,"y":0.0,"z":60.0},{"x":-16.0,"y":0.0,"z":60.0},{"x":-10.0,"y":0.0,"z":60.0},{"x":16.0,"y":0.0,"z":92.0},{"x":10.0,"y":0.0,"z":92.0},{"x":-16.0,"y":0.0,"z":92.0},{"x":-10.0,"y":0.0,"z":92.0}]},{"name":"cd719830","positions":[],"positionsFlipped":[{"x":0.0,"y":0.0,"z":184.0}]},{"name":"ed7d2b0","positions":[],"positionsFlipped":[{"x":0.0,"y":0.0,"z":184.0}]},{"name":"339923be","positions":[],"positionsFlipped":[{"x":0.0,"y":0.0,"z":184.0}]},{"name":"ec3aaf7d","positions":[],"positionsFlipped":[{"x":0.0,"y":0.0,"z":184.0}]},{"name":"5ac60aa2","positions":[{"x":0.0,"y":0.0,"z":0.0}],"positionsFlipped":[]},{"name":"8855ff8a","positions":[{"x":0.0,"y":0.0,"z":-184.0}],"positionsFlipped":[]},{"name":"b4b3c5e7","positions":[{"x":0.0,"y":0.0,"z":-184.0}],"positionsFlipped":[]},{"name":"83abbdd7","positions":[{"x":0.0,"y":0.0,"z":-184.0}],"positionsFlipped":[]},{"name":"a96c3c55","positions":[{"x":0.0,"y":0.0,"z":-184.0}],"positionsFlipped":[]},{"name":"d69bde","positions":[{"x":0.0,"y":0.0,"z":-184.0}],"positionsFlipped":[]},{"name":"33cd990d","positions":[{"x":0.0,"y":0.0,"z":-184.0}],"positionsFlipped":[]},{"name":"881e23e0","positions":[{"x":0.0,"y":0.0,"z":-184.0}],"positionsFlipped":[]},{"name":"9d630473","positions":[],"positionsFlipped":[{"x":0.0,"y":0.0,"z":100.0}]}]}