{"positionDefinitions":[{"name":"e3667d2f","positions":[{"x":0.0,"y":0.0,"z":0.0}],"positionsFlipped":[]},{"name":"2420daa8","positions":[{"x":0.0,"y":0.0,"z":0.0}],"positionsFlipped":[]},{"name":"2a0f38fd","positions":[{"x":0.0,"y":0.0,"z":0.0}],"positionsFlipped":[]},{"name":"52498b7e","positions":[{"x":0.0,"y":0.0,"z":0.0}],"positionsFlipped":[{"x":0.0,"y":0.0,"z":0.0}]},{"name":"7744c292","positions":[{"x":0.0,"y":0.0,"z":0.0}],"positionsFlipped":[{"x":0.0,"y":0.0,"z":0.0}]},{"name":"50cfad28","positions":[{"x":0.0,"y":0.0,"z":0.0}],"positionsFlipped":[{"x":0.0,"y":0.0,"z":0.0}]},{"name":"e9f5e7dc","positions":[{"x":0.0,"y":0.0,"z":0.0}],"positionsFlipped":[{"x":0.0,"y":0.0,"z":0.0}]},{"name":"4fbeb3ba","positions":[{"x":0.0,"y":0.0,"z":0.0}],"positionsFlipped":[{"x":0.0,"y":0.0,"z":0.0}]},{"name":"22e4b1c2","positions":[{"x":0.0,"y":0.0,"z":0.0}],"positionsFlipped":[{"x":0.0,"y":0.0,"z":0.0}]},{"name":"6cf51eea","positions":[{"x":0.0,"y":0.0,"z":0.0}],"positionsFlipped":[{"x":0.0,"y":0.0,"z":0.0}]},{"name":"3966f5c9","positions":[{"x":0.0,"y":0.0,"z":0.0}],"positionsFlipped":[{"x":0.0,"y":0.0,"z":0.0}]},{"name":"201bf83a","positions":[{"x":0.0,"y":0.0,"z":0.0}],"positionsFlipped":[{"x":0.0,"y":0.0,"z":0.0}]},{"name":"3f15183","positions":[{"x":0.0,"y":0.0,"z":0.0}],"positionsFlipped":[{"x":0.0,"y":0.0,"z":0.0}]},{"name":"6f572616","positions":[{"x":0.0,"y":0.0,"z":0.0}],"positionsFlipped":[{"x":0.0,"y":0.0,"z":0.0}]},{"name":"179cd435","positions":[{"x":0.0,"y":0.0,"z":32.0},{"x":0.0,"y":0.0,"z":-32.0},{"x":0.0,"y":0.0,"z":64.0},{"x":0.0,"y":0.0,"z":-64.0},{"x":0.0,"y":0.0,"z":96.0},{"x":0.0,"y":0.0,"z":-96.0}],"positionsFlipped":[]},{"name":"67fd2f50","positions":[{"x":0.0,"y":0.0,"z":32.0},{"x":0.0,"y":0.0,"z":-32.0},{"x":0.0,"y":0.0,"z":64.0},{"x":0.0,"y":0.0,"z":-64.0},{"x":0.0,"y":0.0,"z":96.0},{"x":0.0,"y":0.0,"z":-96.0}],"positionsFlipped":[{"x":0.0,"y":0.0,"z":32.0},{"x":0.0,"y":0.0,"z":-32.0},{"x":0.0,"y":0.0,"z":64.0},{"x":0.0,"y":0.0,"z":-64.0},{"x":0.0,"y":0.0,"z":96.0},{"x":0.0,"y":0.0,"z":-96.0}]},{"name":"9b80d54f","positions":[{"x":0.0,"y":0.0,"z":0.0},{"x":0.0,"y":0.0,"z":32.0},{"x":0.0,"y":0.0,"z":-32.0},{"x":0.0,"y":0.0,"z":64.0},{"x":0.0,"y":0.0,"z":-64.0},{"x":0.0,"y":0.0,"z":96.0},{"x":0.0,"y":0.0,"z":-96.0},{"x":0.0,"y":0.0,"z":128.0}],"positionsFlipped":[]},{"name":"65580cb3","positions":[{"x":0.0,"y":0.0,"z":32.0},{"x":0.0,"y":0.0,"z":-32.0},{"x":0.0,"y":0.0,"z":64.0},{"x":0.0,"y":0.0,"z":-64.0},{"x":0.0,"y":0.0,"z":96.0},{"x":0.0,"y":0.0,"z":-96.0}],"positionsFlipped":[{"x":0.0,"y":0.0,"z":32.0},{"x":0.0,"y":0.0,"z":-32.0},{"x":0.0,"y":0.0,"z":64.0},{"x":0.0,"y":0.0,"z":-64.0},{"x":0.0,"y":0.0,"z":96.0},{"x":0.0,"y":0.0,"z":-96.0}]},{"name":"3cc7ac5f","positions":[{"x":0.0,"y":0.0,"z":32.0},{"x":0.0,"y":0.0,"z":-32.0},{"x":0.0,"y":0.0,"z":64.0},{"x":0.0,"y":0.0,"z":-64.0},{"x":0.0,"y":0.0,"z":96.0},{"x":0.0,"y":0.0,"z":-96.0}],"positionsFlipped":[{"x":0.0,"y":0.0,"z":32.0},{"x":0.0,"y":0.0,"z":-32.0},{"x":0.0,"y":0.0,"z":64.0},{"x":0.0,"y":0.0,"z":-64.0},{"x":0.0,"y":0.0,"z":96.0},{"x":0.0,"y":0.0,"z":-96.0}]},{"name":"54227905","positions":[{"x":0.0,"y":0.0,"z":64.0},{"x":0.0,"y":0.0,"z":-64.0}],"positionsFlipped":[{"x":0.0,"y":0.0,"z":64.0},{"x":0.0,"y":0.0,"z":-64.0}]},{"name":"464a94f4","positions":[{"x":0.0,"y":0.0,"z":64.0},{"x":0.0,"y":0.0,"z":-64.0}],"positionsFlipped":[]},{"name":"d23c4eb0","positions":[{"x":0.0,"y":0.0,"z":64.0},{"x":0.0,"y":0.0,"z":-64.0}],"positionsFlipped":[{"x":0.0,"y":0.0,"z":64.0},{"x":0.0,"y":0.0,"z":-64.0}]},{"name":"cbfe05bb","positions":[{"x":0.0,"y":0.0,"z":64.0},{"x":0.0,"y":0.0,"z":-64.0}],"positionsFlipped":[{"x":0.0,"y":0.0,"z":64.0},{"x":0.0,"y":0.0,"z":-64.0}]},{"name":"53728a6a","positions":[{"x":0.0,"y":0.0,"z":64.0},{"x":0.0,"y":0.0,"z":-64.0}],"positionsFlipped":[{"x":0.0,"y":0.0,"z":64.0},{"x":0.0,"y":0.0,"z":-64.0}]},{"name":"2409884a","positions":[{"x":0.0,"y":0.0,"z":128.0}],"positionsFlipped":[]},{"name":"b66816fa","positions":[{"x":0.0,"y":0.0,"z":128.0}],"positionsFlipped":[]},{"name":"14dcf496","positions":[{"x":0.0,"y":0.0,"z":128.0}],"positionsFlipped":[]},{"name":"2db33138","positions":[{"x":0.0,"y":0.0,"z":128.0}],"positionsFlipped":[]},{"name":"e15148e8","positions":[{"x":18.0,"y":0.0,"z":20.0},{"x":12.0,"y":0.0,"z":20.0},{"x":-18.0,"y":0.0,"z":20.0},{"x":-12.0,"y":0.0,"z":20.0},{"x":18.0,"y":0.0,"z":52.0},{"x":12.0,"y":0.0,"z":52.0},{"x":-18.0,"y":0.0,"z":52.0},{"x":-12.0,"y":0.0,"z":52.0},{"x":18.0,"y":0.0,"z":84.0},{"x":12.0,"y":0.0,"z":84.0},{"x":-18.0,"y":0.0,"z":84.0},{"x":-12.0,"y":0.0,"z":84.0},{"x":18.0,"y":0.0,"z":116.0},{"x":12.0,"y":0.0,"z":116.0},{"x":-18.0,"y":0.0,"z":116.0},{"x":-12.0,"y":0.0,"z":116.0},{"x":18.0,"y":0.0,"z":-44.0},{"x":12.0,"y":0.0,"z":-44.0},{"x":-18.0,"y":0.0,"z":-44.0},{"x":-12.0,"y":0.0,"z":-44.0},{"x":18.0,"y":0.0,"z":-76.0},{"x":12.0,"y":0.0,"z":-76.0},{"x":-18.0,"y":0.0,"z":-76.0},{"x":-12.0,"y":0.0,"z":-76.0},{"x":18.0,"y":0.0,"z":-108.0},{"x":12.0,"y":0.0,"z":-108.0},{"x":-18.0,"y":0.0,"z":-108.0},{"x":-12.0,"y":0.0,"z":-108.0}],"positionsFlipped":[{"x":18.0,"y":0.0,"z":-20.0},{"x":12.0,"y":0.0,"z":-20.0},{"x":-18.0,"y":0.0,"z":-20.0},{"x":-12.0,"y":0.0,"z":-20.0},{"x":18.0,"y":0.0,"z":-52.0},{"x":12.0,"y":0.0,"z":-52.0},{"x":-18.0,"y":0.0,"z":-52.0},{"x":-12.0,"y":0.0,"z":-52.0},{"x":18.0,"y":0.0,"z":-84.0},{"x":12.0,"y":0.0,"z":-84.0},{"x":-18.0,"y":0.0,"z":-84.0},{"x":-12.0,"y":0.0,"z":-84.0},{"x":18.0,"y":0.0,"z":44.0},{"x":12.0,"y":0.0,"z":44.0},{"x":-18.0,"y":0.0,"z":44.0},{"x":-12.0,"y":0.0,"z":44.0},{"x":18.0,"y":0.0,"z":76.0},{"x":12.0,"y":0.0,"z":76.0},{"x":-18.0,"y":0.0,"z":76.0},{"x":-12.0,"y":0.0,"z":76.0},{"x":18.0,"y":0.0,"z":108.0},{"x":12.0,"y":0.0,"z":108.0},{"x":-18.0,"y":0.0,"z":108.0},{"x":-12.0,"y":0.0,"z":108.0},{"x":18.0,"y":0.0,"z":137.0},{"x":12.0,"y":0.0,"z":137.0},{"x":-18.0,"y":0.0,"z":137.0},{"x":-12.0,"y":0.0,"z":137.0}]},{"name":"5f502763","positions":[{"x":18.0,"y":0.0,"z":20.0},{"x":12.0,"y":0.0,"z":20.0},{"x":-18.0,"y":0.0,"z":20.0},{"x":-12.0,"y":0.0,"z":20.0},{"x":18.0,"y":0.0,"z":52.0},{"x":12.0,"y":0.0,"z":52.0},{"x":-18.0,"y":0.0,"z":52.0},{"x":-12.0,"y":0.0,"z":52.0},{"x":18.0,"y":0.0,"z":84.0},{"x":12.0,"y":0.0,"z":84.0},{"x":-18.0,"y":0.0,"z":84.0},{"x":-12.0,"y":0.0,"z":84.0},{"x":18.0,"y":0.0,"z":116.0},{"x":12.0,"y":0.0,"z":116.0},{"x":-18.0,"y":0.0,"z":116.0},{"x":-12.0,"y":0.0,"z":116.0},{"x":18.0,"y":0.0,"z":-44.0},{"x":12.0,"y":0.0,"z":-44.0},{"x":-18.0,"y":0.0,"z":-44.0},{"x":-12.0,"y":0.0,"z":-44.0},{"x":18.0,"y":0.0,"z":-76.0},{"x":12.0,"y":0.0,"z":-76.0},{"x":-18.0,"y":0.0,"z":-76.0},{"x":-12.0,"y":0.0,"z":-76.0},{"x":18.0,"y":0.0,"z":-108.0},{"x":12.0,"y":0.0,"z":-108.0},{"x":-18.0,"y":0.0,"z":-108.0},{"x":-12.0,"y":0.0,"z":-108.0}],"positionsFlipped":[{"x":18.0,"y":0.0,"z":-20.0},{"x":12.0,"y":0.0,"z":-20.0},{"x":-18.0,"y":0.0,"z":-20.0},{"x":-12.0,"y":0.0,"z":-20.0},{"x":18.0,"y":0.0,"z":-52.0},{"x":12.0,"y":0.0,"z":-52.0},{"x":-18.0,"y":0.0,"z":-52.0},{"x":-12.0,"y":0.0,"z":-52.0},{"x":18.0,"y":0.0,"z":-84.0},{"x":12.0,"y":0.0,"z":-84.0},{"x":-18.0,"y":0.0,"z":-84.0},{"x":-12.0,"y":0.0,"z":-84.0},{"x":18.0,"y":0.0,"z":44.0},{"x":12.0,"y":0.0,"z":44.0},{"x":-18.0,"y":0.0,"z":44.0},{"x":-12.0,"y":0.0,"z":44.0},{"x":18.0,"y":0.0,"z":76.0},{"x":12.0,"y":0.0,"z":76.0},{"x":-18.0,"y":0.0,"z":76.0},{"x":-12.0,"y":0.0,"z":76.0},{"x":18.0,"y":0.0,"z":108.0},{"x":12.0,"y":0.0,"z":108.0},{"x":-18.0,"y":0.0,"z":108.0},{"x":-12.0,"y":0.0,"z":108.0},{"x":18.0,"y":0.0,"z":137.0},{"x":12.0,"y":0.0,"z":137.0},{"x":-18.0,"y":0.0,"z":137.0},{"x":-12.0,"y":0.0,"z":137.0}]},{"name":"4c2eee73","positions":[{"x":0.0,"y":0.0,"z":-80.0}],"positionsFlipped":[]},{"name":"4fb193b0","positions":[{"x":0.0,"y":0.0,"z":-136.0}],"positionsFlipped":[]},{"name":"caa81cc","positions":[{"x":0.0,"y":0.0,"z":-136.0}],"positionsFlipped":[]},{"name":"11532a3b","positions":[{"x":0.0,"y":0.0,"z":-136.0}],"positionsFlipped":[]},{"name":"4114f37c","positions":[{"x":0.0,"y":0.0,"z":-136.0}],"positionsFlipped":[]},{"name":"da4ca8cf","positions":[{"x":0.0,"y":0.0,"z":-136.0}],"positionsFlipped":[]},{"name":"229ac53d","positions":[{"x":0.0,"y":0.0,"z":-136.0}],"positionsFlipped":[]},{"name":"2442cadd","positions":[{"x":0.0,"y":0.0,"z":-136.0}],"positionsFlipped":[]},{"name":"9b904ae2","positions":[{"x":0.0,"y":0.0,"z":-136.0}],"positionsFlipped":[]},{"name":"cb053788","positions":[{"x":0.0,"y":0.0,"z":-136.0}],"positionsFlipped":[]},{"name":"da45b8ff","positions":[{"x":0.0,"y":0.0,"z":-136.0}],"positionsFlipped":[]}]}