{"positionDefinitions":[{"name":"ca0eff5b","positions":[{"x":0.0,"y":0.0,"z":0.0},{"x":0.0,"y":0.0,"z":64.0},{"x":0.0,"y":0.0,"z":-64.0}],"positionsFlipped":[]},{"name":"2c52dc25","positions":[{"x":0.0,"y":0.0,"z":0.0},{"x":0.0,"y":0.0,"z":64.0},{"x":0.0,"y":0.0,"z":-64.0}],"positionsFlipped":[]},{"name":"330c03b2","positions":[{"x":0.0,"y":0.0,"z":0.0},{"x":0.0,"y":0.0,"z":64.0},{"x":0.0,"y":0.0,"z":-64.0}],"positionsFlipped":[]},{"name":"a918b72c","positions":[{"x":0.0,"y":0.0,"z":0.0},{"x":0.0,"y":0.0,"z":64.0},{"x":0.0,"y":0.0,"z":-64.0}],"positionsFlipped":[{"x":0.0,"y":0.0,"z":0.0},{"x":0.0,"y":0.0,"z":64.0},{"x":0.0,"y":0.0,"z":-64.0}]},{"name":"c7d92667","positions":[{"x":0.0,"y":0.0,"z":0.0},{"x":0.0,"y":0.0,"z":64.0},{"x":0.0,"y":0.0,"z":-64.0}],"positionsFlipped":[{"x":0.0,"y":0.0,"z":0.0},{"x":0.0,"y":0.0,"z":64.0},{"x":0.0,"y":0.0,"z":-64.0}]},{"name":"ea1a86e8","positions":[{"x":0.0,"y":0.0,"z":0.0},{"x":0.0,"y":0.0,"z":64.0},{"x":0.0,"y":0.0,"z":-64.0}],"positionsFlipped":[{"x":0.0,"y":0.0,"z":0.0},{"x":0.0,"y":0.0,"z":64.0},{"x":0.0,"y":0.0,"z":-64.0}]},{"name":"c864d247","positions":[{"x":0.0,"y":0.0,"z":0.0},{"x":0.0,"y":0.0,"z":64.0},{"x":0.0,"y":0.0,"z":-64.0}],"positionsFlipped":[{"x":0.0,"y":0.0,"z":0.0},{"x":0.0,"y":0.0,"z":64.0},{"x":0.0,"y":0.0,"z":-64.0}]},{"name":"c16095ef","positions":[{"x":0.0,"y":0.0,"z":0.0},{"x":0.0,"y":0.0,"z":64.0},{"x":0.0,"y":0.0,"z":-64.0}],"positionsFlipped":[{"x":0.0,"y":0.0,"z":0.0},{"x":0.0,"y":0.0,"z":64.0},{"x":0.0,"y":0.0,"z":-64.0}]},{"name":"c316862e","positions":[{"x":0.0,"y":0.0,"z":0.0},{"x":0.0,"y":0.0,"z":64.0},{"x":0.0,"y":0.0,"z":-64.0}],"positionsFlipped":[{"x":0.0,"y":0.0,"z":0.0},{"x":0.0,"y":0.0,"z":64.0},{"x":0.0,"y":0.0,"z":-64.0}]},{"name":"1abdc4c6","positions":[{"x":0.0,"y":0.0,"z":0.0},{"x":0.0,"y":0.0,"z":64.0},{"x":0.0,"y":0.0,"z":-64.0}],"positionsFlipped":[{"x":0.0,"y":0.0,"z":0.0},{"x":0.0,"y":0.0,"z":64.0},{"x":0.0,"y":0.0,"z":-64.0}]},{"name":"9365de03","positions":[{"x":0.0,"y":0.0,"z":0.0},{"x":0.0,"y":0.0,"z":64.0},{"x":0.0,"y":0.0,"z":-64.0}],"positionsFlipped":[{"x":0.0,"y":0.0,"z":0.0},{"x":0.0,"y":0.0,"z":64.0},{"x":0.0,"y":0.0,"z":-64.0}]},{"name":"e2bf8b14","positions":[{"x":0.0,"y":0.0,"z":32.0},{"x":0.0,"y":0.0,"z":-32.0}],"positionsFlipped":[]},{"name":"9ab369f5","positions":[{"x":0.0,"y":0.0,"z":32.0},{"x":0.0,"y":0.0,"z":-32.0}],"positionsFlipped":[]},{"name":"51020836","positions":[{"x":0.0,"y":0.0,"z":32.0},{"x":0.0,"y":0.0,"z":-32.0}],"positionsFlipped":[]},{"name":"17403177","positions":[{"x":0.0,"y":0.0,"z":0.0},{"x":0.0,"y":0.0,"z":32.0},{"x":0.0,"y":0.0,"z":-32.0},{"x":0.0,"y":0.0,"z":64.0},{"x":0.0,"y":0.0,"z":-64.0}],"positionsFlipped":[]},{"name":"f06751e2","positions":[{"x":0.0,"y":0.0,"z":32.0},{"x":0.0,"y":0.0,"z":-32.0}],"positionsFlipped":[{"x":0.0,"y":0.0,"z":32.0},{"x":0.0,"y":0.0,"z":-32.0}]},{"name":"92850b9e","positions":[{"x":0.0,"y":0.0,"z":96.0}],"positionsFlipped":[{"x":0.0,"y":0.0,"z":-96.0}]},{"name":"f54ecec3","positions":[{"x":0.0,"y":0.0,"z":96.0}],"positionsFlipped":[{"x":0.0,"y":0.0,"z":-96.0}]},{"name":"a46d604c","positions":[{"x":0.0,"y":0.0,"z":96.0}],"positionsFlipped":[{"x":0.0,"y":0.0,"z":-96.0}]},{"name":"56f2dd2e","positions":[{"x":18.0,"y":-2.0,"z":20.0},{"x":12.0,"y":-2.0,"z":20.0},{"x":-18.0,"y":-2.0,"z":20.0},{"x":-12.0,"y":-2.0,"z":20.0},{"x":18.0,"y":-2.0,"z":-44.0},{"x":12.0,"y":-2.0,"z":-44.0},{"x":-18.0,"y":-2.0,"z":-44.0},{"x":-12.0,"y":-2.0,"z":-44.0},{"x":18.0,"y":-2.0,"z":84.0},{"x":12.0,"y":-2.0,"z":84.0},{"x":-18.0,"y":-2.0,"z":84.0},{"x":-12.0,"y":-2.0,"z":84.0}],"positionsFlipped":[{"x":18.0,"y":-2.0,"z":-20.0},{"x":12.0,"y":-2.0,"z":-20.0},{"x":-18.0,"y":-2.0,"z":-20.0},{"x":-12.0,"y":-2.0,"z":-20.0},{"x":18.0,"y":-2.0,"z":44.0},{"x":12.0,"y":-2.0,"z":44.0},{"x":-18.0,"y":-2.0,"z":44.0},{"x":-12.0,"y":-2.0,"z":44.0},{"x":18.0,"y":-2.0,"z":-84.0},{"x":12.0,"y":-2.0,"z":-84.0},{"x":-18.0,"y":-2.0,"z":-84.0},{"x":-12.0,"y":-2.0,"z":-84.0}]},{"name":"5270e164","positions":[{"x":18.0,"y":-2.0,"z":20.0},{"x":12.0,"y":-2.0,"z":20.0},{"x":-18.0,"y":-2.0,"z":20.0},{"x":-12.0,"y":-2.0,"z":20.0},{"x":18.0,"y":-2.0,"z":-44.0},{"x":12.0,"y":-2.0,"z":-44.0},{"x":-18.0,"y":-2.0,"z":-44.0},{"x":-12.0,"y":-2.0,"z":-44.0},{"x":18.0,"y":-2.0,"z":84.0},{"x":12.0,"y":-2.0,"z":84.0},{"x":-18.0,"y":-2.0,"z":84.0},{"x":-12.0,"y":-2.0,"z":84.0}],"positionsFlipped":[{"x":18.0,"y":-2.0,"z":-20.0},{"x":12.0,"y":-2.0,"z":-20.0},{"x":-18.0,"y":-2.0,"z":-20.0},{"x":-12.0,"y":-2.0,"z":-20.0},{"x":18.0,"y":-2.0,"z":44.0},{"x":12.0,"y":-2.0,"z":44.0},{"x":-18.0,"y":-2.0,"z":44.0},{"x":-12.0,"y":-2.0,"z":44.0},{"x":18.0,"y":-2.0,"z":-84.0},{"x":12.0,"y":-2.0,"z":-84.0},{"x":-18.0,"y":-2.0,"z":-84.0},{"x":-12.0,"y":-2.0,"z":-84.0}]}]}