{"positionDefinitions":[{"name":"f8d3ddf","positions":[{"x":0.0,"y":0.0,"z":0.0},{"x":0.0,"y":0.0,"z":160.0},{"x":0.0,"y":0.0,"z":-160.0}],"positionsFlipped":[]},{"name":"6bb0cb45","positions":[{"x":0.0,"y":0.0,"z":0.0},{"x":0.0,"y":0.0,"z":80.0},{"x":0.0,"y":0.0,"z":-80.0},{"x":0.0,"y":0.0,"z":160.0},{"x":0.0,"y":0.0,"z":-160.0}],"positionsFlipped":[]},{"name":"8e13e0c2","positions":[{"x":0.0,"y":0.0,"z":0.0},{"x":0.0,"y":0.0,"z":80.0},{"x":0.0,"y":0.0,"z":-80.0},{"x":0.0,"y":0.0,"z":160.0},{"x":0.0,"y":0.0,"z":-160.0}],"positionsFlipped":[]},{"name":"1394ec94","positions":[{"x":0.0,"y":0.0,"z":0.0},{"x":0.0,"y":0.0,"z":80.0},{"x":0.0,"y":0.0,"z":-80.0},{"x":0.0,"y":0.0,"z":160.0},{"x":0.0,"y":0.0,"z":-160.0}],"positionsFlipped":[]},{"name":"71b22f74","positions":[{"x":0.0,"y":0.0,"z":0.0},{"x":0.0,"y":0.0,"z":80.0},{"x":0.0,"y":0.0,"z":-80.0},{"x":0.0,"y":0.0,"z":160.0},{"x":0.0,"y":0.0,"z":-160.0}],"positionsFlipped":[{"x":0.0,"y":0.0,"z":0.0},{"x":0.0,"y":0.0,"z":80.0},{"x":0.0,"y":0.0,"z":-80.0},{"x":0.0,"y":0.0,"z":160.0},{"x":0.0,"y":0.0,"z":-160.0}]},{"name":"2f914d98","positions":[{"x":0.0,"y":0.0,"z":0.0},{"x":0.0,"y":0.0,"z":80.0},{"x":0.0,"y":0.0,"z":-80.0},{"x":0.0,"y":0.0,"z":160.0},{"x":0.0,"y":0.0,"z":-160.0}],"positionsFlipped":[]},{"name":"8a3643f5","positions":[{"x":0.0,"y":0.0,"z":40.0},{"x":0.0,"y":0.0,"z":-40.0},{"x":0.0,"y":0.0,"z":120.0},{"x":0.0,"y":0.0,"z":-120.0}],"positionsFlipped":[]},{"name":"1045e5b0","positions":[{"x":0.0,"y":0.0,"z":40.0},{"x":0.0,"y":0.0,"z":-40.0},{"x":0.0,"y":0.0,"z":120.0},{"x":0.0,"y":0.0,"z":-120.0}],"positionsFlipped":[]},{"name":"fd6b3229","positions":[{"x":0.0,"y":0.0,"z":40.0},{"x":0.0,"y":0.0,"z":-40.0},{"x":0.0,"y":0.0,"z":120.0},{"x":0.0,"y":0.0,"z":-120.0}],"positionsFlipped":[]},{"name":"455af946","positions":[{"x":0.0,"y":0.0,"z":40.0},{"x":0.0,"y":0.0,"z":-40.0}],"positionsFlipped":[]},{"name":"b8c3b38a","positions":[{"x":0.0,"y":0.0,"z":40.0},{"x":0.0,"y":0.0,"z":-40.0}],"positionsFlipped":[]},{"name":"8f7ee5e6","positions":[{"x":0.0,"y":0.0,"z":40.0},{"x":0.0,"y":0.0,"z":-40.0}],"positionsFlipped":[]},{"name":"b9a92680","positions":[{"x":0.0,"y":0.0,"z":80.0},{"x":0.0,"y":0.0,"z":-80.0}],"positionsFlipped":[]},{"name":"91d92465","positions":[{"x":0.0,"y":0.0,"z":80.0},{"x":0.0,"y":0.0,"z":-80.0}],"positionsFlipped":[{"x":0.0,"y":0.0,"z":80.0},{"x":0.0,"y":0.0,"z":-80.0}]},{"name":"6729a623","positions":[{"x":0.0,"y":0.0,"z":80.0},{"x":0.0,"y":0.0,"z":-80.0}],"positionsFlipped":[{"x":0.0,"y":0.0,"z":80.0},{"x":0.0,"y":0.0,"z":-80.0}]},{"name":"42ae7049","positions":[{"x":0.0,"y":0.0,"z":80.0},{"x":0.0,"y":0.0,"z":-80.0}],"positionsFlipped":[]},{"name":"1fb41a27","positions":[{"x":0.0,"y":0.0,"z":80.0},{"x":0.0,"y":0.0,"z":-80.0}],"positionsFlipped":[{"x":0.0,"y":0.0,"z":80.0},{"x":0.0,"y":0.0,"z":-80.0}]},{"name":"1e7aaea","positions":[{"x":0.0,"y":0.0,"z":80.0},{"x":0.0,"y":0.0,"z":-80.0}],"positionsFlipped":[{"x":0.0,"y":0.0,"z":80.0},{"x":0.0,"y":0.0,"z":-80.0}]},{"name":"7f123c67","positions":[{"x":0.0,"y":0.0,"z":80.0},{"x":0.0,"y":0.0,"z":-80.0}],"positionsFlipped":[{"x":0.0,"y":0.0,"z":80.0},{"x":0.0,"y":0.0,"z":-80.0}]},{"name":"404f8622","positions":[{"x":0.0,"y":0.0,"z":120.0},{"x":0.0,"y":0.0,"z":-120.0}],"positionsFlipped":[]},{"name":"778224ad","positions":[{"x":0.0,"y":0.0,"z":120.0},{"x":0.0,"y":0.0,"z":-120.0}],"positionsFlipped":[]},{"name":"3349c56a","positions":[{"x":0.0,"y":0.0,"z":120.0},{"x":0.0,"y":0.0,"z":-120.0}],"positionsFlipped":[]},{"name":"aafaea75","positions":[{"x":0.0,"y":0.0,"z":0.0},{"x":0.0,"y":0.0,"z":32.0},{"x":0.0,"y":0.0,"z":-32.0},{"x":0.0,"y":0.0,"z":64.0},{"x":0.0,"y":0.0,"z":-64.0},{"x":0.0,"y":0.0,"z":96.0},{"x":0.0,"y":0.0,"z":-96.0},{"x":0.0,"y":0.0,"z":128.0},{"x":0.0,"y":0.0,"z":160.0}],"positionsFlipped":[]},{"name":"6e44f92","positions":[{"x":0.0,"y":0.0,"z":-184.0}],"positionsFlipped":[]},{"name":"633d8814","positions":[{"x":0.0,"y":0.0,"z":-184.0}],"positionsFlipped":[]},{"name":"75d4d23e","positions":[{"x":0.0,"y":0.0,"z":-184.0}],"positionsFlipped":[]},{"name":"d1134a16","positions":[{"x":0.0,"y":0.0,"z":-184.0}],"positionsFlipped":[]},{"name":"b08024f6","positions":[{"x":0.0,"y":0.0,"z":0.0},{"x":0.0,"y":0.0,"z":80.0},{"x":0.0,"y":0.0,"z":-80.0},{"x":0.0,"y":0.0,"z":160.0},{"x":0.0,"y":0.0,"z":-160.0}],"positionsFlipped":[{"x":0.0,"y":0.0,"z":0.0},{"x":0.0,"y":0.0,"z":80.0},{"x":0.0,"y":0.0,"z":-80.0},{"x":0.0,"y":0.0,"z":160.0},{"x":0.0,"y":0.0,"z":-160.0}]},{"name":"8f1bbba0","positions":[{"x":0.0,"y":0.0,"z":0.0},{"x":0.0,"y":0.0,"z":80.0},{"x":0.0,"y":0.0,"z":-80.0},{"x":0.0,"y":0.0,"z":160.0},{"x":0.0,"y":0.0,"z":-160.0}],"positionsFlipped":[{"x":0.0,"y":0.0,"z":0.0},{"x":0.0,"y":0.0,"z":80.0},{"x":0.0,"y":0.0,"z":-80.0},{"x":0.0,"y":0.0,"z":160.0},{"x":0.0,"y":0.0,"z":-160.0}]},{"name":"9e9fa1b0","positions":[{"x":0.0,"y":0.0,"z":0.0},{"x":0.0,"y":0.0,"z":80.0},{"x":0.0,"y":0.0,"z":-80.0},{"x":0.0,"y":0.0,"z":160.0},{"x":0.0,"y":0.0,"z":-160.0}],"positionsFlipped":[{"x":0.0,"y":0.0,"z":0.0},{"x":0.0,"y":0.0,"z":80.0},{"x":0.0,"y":0.0,"z":-80.0},{"x":0.0,"y":0.0,"z":160.0},{"x":0.0,"y":0.0,"z":-160.0}]},{"name":"1376dafe","positions":[{"x":0.0,"y":0.0,"z":0.0},{"x":0.0,"y":0.0,"z":80.0},{"x":0.0,"y":0.0,"z":-80.0},{"x":0.0,"y":0.0,"z":160.0},{"x":0.0,"y":0.0,"z":-160.0}],"positionsFlipped":[{"x":0.0,"y":0.0,"z":0.0},{"x":0.0,"y":0.0,"z":80.0},{"x":0.0,"y":0.0,"z":-80.0},{"x":0.0,"y":0.0,"z":160.0},{"x":0.0,"y":0.0,"z":-160.0}]},{"name":"ab4d6a9c","positions":[{"x":0.0,"y":0.0,"z":0.0},{"x":0.0,"y":0.0,"z":80.0},{"x":0.0,"y":0.0,"z":-80.0},{"x":0.0,"y":0.0,"z":160.0},{"x":0.0,"y":0.0,"z":-160.0}],"positionsFlipped":[{"x":0.0,"y":0.0,"z":0.0},{"x":0.0,"y":0.0,"z":80.0},{"x":0.0,"y":0.0,"z":-80.0},{"x":0.0,"y":0.0,"z":160.0},{"x":0.0,"y":0.0,"z":-160.0}]},{"name":"614d8cbc","positions":[{"x":0.0,"y":0.0,"z":0.0},{"x":0.0,"y":0.0,"z":80.0},{"x":0.0,"y":0.0,"z":-80.0},{"x":0.0,"y":0.0,"z":160.0},{"x":0.0,"y":0.0,"z":-160.0}],"positionsFlipped":[{"x":0.0,"y":0.0,"z":0.0},{"x":0.0,"y":0.0,"z":80.0},{"x":0.0,"y":0.0,"z":-80.0},{"x":0.0,"y":0.0,"z":160.0},{"x":0.0,"y":0.0,"z":-160.0}]},{"name":"40e61f53","positions":[{"x":0.0,"y":0.0,"z":0.0},{"x":0.0,"y":0.0,"z":80.0},{"x":0.0,"y":0.0,"z":-80.0},{"x":0.0,"y":0.0,"z":160.0},{"x":0.0,"y":0.0,"z":-160.0}],"positionsFlipped":[{"x":0.0,"y":0.0,"z":0.0},{"x":0.0,"y":0.0,"z":80.0},{"x":0.0,"y":0.0,"z":-80.0},{"x":0.0,"y":0.0,"z":160.0},{"x":0.0,"y":0.0,"z":-160.0}]},{"name":"afff12fb","positions":[{"x":0.0,"y":0.0,"z":0.0},{"x":0.0,"y":0.0,"z":80.0},{"x":0.0,"y":0.0,"z":-80.0},{"x":0.0,"y":0.0,"z":160.0},{"x":0.0,"y":0.0,"z":-160.0}],"positionsFlipped":[{"x":0.0,"y":0.0,"z":0.0},{"x":0.0,"y":0.0,"z":80.0},{"x":0.0,"y":0.0,"z":-80.0},{"x":0.0,"y":0.0,"z":160.0},{"x":0.0,"y":0.0,"z":-160.0}]},{"name":"5b7761b0","positions":[{"x":0.0,"y":0.0,"z":0.0},{"x":0.0,"y":0.0,"z":80.0},{"x":0.0,"y":0.0,"z":-80.0},{"x":0.0,"y":0.0,"z":160.0},{"x":0.0,"y":0.0,"z":-160.0}],"positionsFlipped":[{"x":0.0,"y":0.0,"z":0.0},{"x":0.0,"y":0.0,"z":80.0},{"x":0.0,"y":0.0,"z":-80.0},{"x":0.0,"y":0.0,"z":160.0},{"x":0.0,"y":0.0,"z":-160.0}]},{"name":"42a7019d","positions":[{"x":0.0,"y":0.0,"z":0.0},{"x":0.0,"y":0.0,"z":80.0},{"x":0.0,"y":0.0,"z":-80.0},{"x":0.0,"y":0.0,"z":160.0},{"x":0.0,"y":0.0,"z":-160.0}],"positionsFlipped":[{"x":0.0,"y":0.0,"z":0.0},{"x":0.0,"y":0.0,"z":80.0},{"x":0.0,"y":0.0,"z":-80.0},{"x":0.0,"y":0.0,"z":160.0},{"x":0.0,"y":0.0,"z":-160.0}]},{"name":"294de362","positions":[],"positionsFlipped":[{"x":0.0,"y":0.0,"z":-128.0}]},{"name":"31b6df85","positions":[{"x":0.0,"y":0.0,"z":200.0}],"positionsFlipped":[]},{"name":"cb71d809","positions":[{"x":0.0,"y":0.0,"z":200.0}],"positionsFlipped":[]},{"name":"f1a84da3","positions":[{"x":0.0,"y":0.0,"z":200.0}],"positionsFlipped":[]},{"name":"56675077","positions":[{"x":0.0,"y":0.0,"z":200.0}],"positionsFlipped":[]},{"name":"4d24ee19","positions":[{"x":0.0,"y":0.0,"z":200.0}],"positionsFlipped":[]},{"name":"f6509d4d","positions":[{"x":0.0,"y":0.0,"z":200.0}],"positionsFlipped":[]},{"name":"cb8a30bc","positions":[{"x":0.0,"y":0.0,"z":200.0}],"positionsFlipped":[]},{"name":"608a28d8","positions":[{"x":0.0,"y":0.0,"z":200.0}],"positionsFlipped":[]},{"name":"cf670d52","positions":[{"x":0.0,"y":0.0,"z":200.0}],"positionsFlipped":[]},{"name":"15243822","positions":[{"x":0.0,"y":0.0,"z":200.0}],"positionsFlipped":[]}]}