{"positionDefinitions":[{"name":"235cf095","positions":[{"x":0.0,"y":0.0,"z":0.0}],"positionsFlipped":[]},{"name":"ce86ff22","positions":[],"positionsFlipped":[{"x":0.0,"y":0.0,"z":0.0}]},{"name":"748a0ad0","positions":[{"x":0.0,"y":0.0,"z":-20.0}],"positionsFlipped":[]},{"name":"1792688f","positions":[{"x":0.0,"y":0.0,"z":0.0}],"positionsFlipped":[]},{"name":"8efc886e","positions":[{"x":0.0,"y":0.0,"z":0.0}],"positionsFlipped":[]},{"name":"41733073","positions":[{"x":0.0,"y":0.0,"z":0.0}],"positionsFlipped":[]},{"name":"7695cb12","positions":[{"x":0.0,"y":0.0,"z":0.0}],"positionsFlipped":[]},{"name":"1fea82ff","positions":[{"x":0.0,"y":0.0,"z":0.0}],"positionsFlipped":[]},{"name":"73419343","positions":[{"x":0.0,"y":0.0,"z":160.0}],"positionsFlipped":[{"x":0.0,"y":0.0,"z":-160.0}]}]}