{"positionDefinitions":[{"name":"e6abe5ee","positions":[{"x":0.0,"y":0.0,"z":16.0},{"x":0.0,"y":0.0,"z":-16.0},{"x":0.0,"y":0.0,"z":48.0},{"x":0.0,"y":0.0,"z":-48.0},{"x":0.0,"y":0.0,"z":80.0},{"x":0.0,"y":0.0,"z":-80.0}],"positionsFlipped":[]},{"name":"941a0b30","positions":[{"x":0.0,"y":0.0,"z":16.0},{"x":0.0,"y":0.0,"z":-16.0},{"x":0.0,"y":0.0,"z":48.0},{"x":0.0,"y":0.0,"z":-48.0},{"x":0.0,"y":0.0,"z":80.0},{"x":0.0,"y":0.0,"z":-80.0}],"positionsFlipped":[]},{"name":"99295a7e","positions":[{"x":0.0,"y":0.0,"z":16.0},{"x":0.0,"y":0.0,"z":-16.0},{"x":0.0,"y":0.0,"z":48.0},{"x":0.0,"y":0.0,"z":-48.0},{"x":0.0,"y":0.0,"z":80.0},{"x":0.0,"y":0.0,"z":-80.0}],"positionsFlipped":[]},{"name":"11d3b98d","positions":[{"x":0.0,"y":0.0,"z":16.0},{"x":0.0,"y":0.0,"z":-16.0},{"x":0.0,"y":0.0,"z":48.0},{"x":0.0,"y":0.0,"z":-48.0},{"x":0.0,"y":0.0,"z":80.0},{"x":0.0,"y":0.0,"z":-80.0}],"positionsFlipped":[]},{"name":"f92b0447","positions":[{"x":0.0,"y":0.0,"z":136.0}],"positionsFlipped":[{"x":0.0,"y":0.0,"z":-136.0}]},{"name":"c8cf0256","positions":[{"x":0.0,"y":0.0,"z":136.0}],"positionsFlipped":[{"x":0.0,"y":0.0,"z":-136.0}]},{"name":"5532a8ef","positions":[{"x":0.0,"y":0.0,"z":136.0}],"positionsFlipped":[{"x":0.0,"y":0.0,"z":-136.0}]},{"name":"82afdefe","positions":[{"x":0.0,"y":0.0,"z":136.0}],"positionsFlipped":[{"x":0.0,"y":0.0,"z":-136.0}]},{"name":"f2ae3c72","positions":[{"x":0.0,"y":0.0,"z":136.0}],"positionsFlipped":[{"x":0.0,"y":0.0,"z":-136.0}]},{"name":"b2c9d57","positions":[{"x":0.0,"y":0.0,"z":136.0}],"positionsFlipped":[{"x":0.0,"y":0.0,"z":-136.0}]},{"name":"5f88810b","positions":[{"x":0.0,"y":0.0,"z":136.0},{"x":0.0,"y":0.0,"z":-136.0}],"positionsFlipped":[{"x":0.0,"y":0.0,"z":136.0},{"x":0.0,"y":0.0,"z":-136.0}]},{"name":"945a8c9b","positions":[{"x":0.0,"y":0.0,"z":136.0}],"positionsFlipped":[{"x":0.0,"y":0.0,"z":-136.0}]},{"name":"8c5e4ec7","positions":[{"x":0.0,"y":0.0,"z":168.0}],"positionsFlipped":[{"x":0.0,"y":0.0,"z":-168.0}]},{"name":"32c53140","positions":[{"x":0.0,"y":0.0,"z":-136.0}],"positionsFlipped":[{"x":0.0,"y":0.0,"z":136.0}]},{"name":"d30eebfd","positions":[{"x":0.0,"y":0.0,"z":-104.0}],"positionsFlipped":[{"x":0.0,"y":0.0,"z":104.0}]},{"name":"dfd9b08d","positions":[{"x":0.0,"y":0.0,"z":0.0}],"positionsFlipped":[{"x":0.0,"y":0.0,"z":0.0}]},{"name":"c8eafb0d","positions":[{"x":16.0,"y":0.0,"z":4.0},{"x":10.0,"y":0.0,"z":4.0},{"x":-16.0,"y":0.0,"z":4.0},{"x":-10.0,"y":0.0,"z":4.0},{"x":16.0,"y":0.0,"z":36.0},{"x":10.0,"y":0.0,"z":36.0},{"x":-16.0,"y":0.0,"z":36.0},{"x":-10.0,"y":0.0,"z":36.0},{"x":16.0,"y":0.0,"z":68.0},{"x":10.0,"y":0.0,"z":68.0},{"x":-16.0,"y":0.0,"z":68.0},{"x":-10.0,"y":0.0,"z":68.0},{"x":16.0,"y":0.0,"z":-28.0},{"x":10.0,"y":0.0,"z":-28.0},{"x":-16.0,"y":0.0,"z":-28.0},{"x":-10.0,"y":0.0,"z":-28.0},{"x":16.0,"y":0.0,"z":-60.0},{"x":10.0,"y":0.0,"z":-60.0},{"x":-16.0,"y":0.0,"z":-60.0},{"x":-10.0,"y":0.0,"z":-60.0},{"x":16.0,"y":0.0,"z":-92.0},{"x":10.0,"y":0.0,"z":-92.0},{"x":-16.0,"y":0.0,"z":-92.0},{"x":-10.0,"y":0.0,"z":-92.0}],"positionsFlipped":[{"x":16.0,"y":0.0,"z":-4.0},{"x":10.0,"y":0.0,"z":-4.0},{"x":-16.0,"y":0.0,"z":-4.0},{"x":-10.0,"y":0.0,"z":-4.0},{"x":16.0,"y":0.0,"z":-36.0},{"x":10.0,"y":0.0,"z":-36.0},{"x":-16.0,"y":0.0,"z":-36.0},{"x":-10.0,"y":0.0,"z":-36.0},{"x":16.0,"y":0.0,"z":-68.0},{"x":10.0,"y":0.0,"z":-68.0},{"x":-16.0,"y":0.0,"z":-68.0},{"x":-10.0,"y":0.0,"z":-68.0},{"x":16.0,"y":0.0,"z":28.0},{"x":10.0,"y":0.0,"z":28.0},{"x":-16.0,"y":0.0,"z":28.0},{"x":-10.0,"y":0.0,"z":28.0},{"x":16.0,"y":0.0,"z":60.0},{"x":10.0,"y":0.0,"z":60.0},{"x":-16.0,"y":0.0,"z":60.0},{"x":-10.0,"y":0.0,"z":60.0},{"x":16.0,"y":0.0,"z":92.0},{"x":10.0,"y":0.0,"z":92.0},{"x":-16.0,"y":0.0,"z":92.0},{"x":-10.0,"y":0.0,"z":92.0}]},{"name":"269cddf1","positions":[{"x":16.0,"y":0.0,"z":4.0},{"x":10.0,"y":0.0,"z":4.0},{"x":-16.0,"y":0.0,"z":4.0},{"x":-10.0,"y":0.0,"z":4.0},{"x":16.0,"y":0.0,"z":36.0},{"x":10.0,"y":0.0,"z":36.0},{"x":-16.0,"y":0.0,"z":36.0},{"x":-10.0,"y":0.0,"z":36.0},{"x":16.0,"y":0.0,"z":68.0},{"x":10.0,"y":0.0,"z":68.0},{"x":-16.0,"y":0.0,"z":68.0},{"x":-10.0,"y":0.0,"z":68.0},{"x":16.0,"y":0.0,"z":-28.0},{"x":10.0,"y":0.0,"z":-28.0},{"x":-16.0,"y":0.0,"z":-28.0},{"x":-10.0,"y":0.0,"z":-28.0},{"x":16.0,"y":0.0,"z":-60.0},{"x":10.0,"y":0.0,"z":-60.0},{"x":-16.0,"y":0.0,"z":-60.0},{"x":-10.0,"y":0.0,"z":-60.0},{"x":16.0,"y":0.0,"z":-92.0},{"x":10.0,"y":0.0,"z":-92.0},{"x":-16.0,"y":0.0,"z":-92.0},{"x":-10.0,"y":0.0,"z":-92.0}],"positionsFlipped":[{"x":16.0,"y":0.0,"z":-4.0},{"x":10.0,"y":0.0,"z":-4.0},{"x":-16.0,"y":0.0,"z":-4.0},{"x":-10.0,"y":0.0,"z":-4.0},{"x":16.0,"y":0.0,"z":-36.0},{"x":10.0,"y":0.0,"z":-36.0},{"x":-16.0,"y":0.0,"z":-36.0},{"x":-10.0,"y":0.0,"z":-36.0},{"x":16.0,"y":0.0,"z":-68.0},{"x":10.0,"y":0.0,"z":-68.0},{"x":-16.0,"y":0.0,"z":-68.0},{"x":-10.0,"y":0.0,"z":-68.0},{"x":16.0,"y":0.0,"z":28.0},{"x":10.0,"y":0.0,"z":28.0},{"x":-16.0,"y":0.0,"z":28.0},{"x":-10.0,"y":0.0,"z":28.0},{"x":16.0,"y":0.0,"z":60.0},{"x":10.0,"y":0.0,"z":60.0},{"x":-16.0,"y":0.0,"z":60.0},{"x":-10.0,"y":0.0,"z":60.0},{"x":16.0,"y":0.0,"z":92.0},{"x":10.0,"y":0.0,"z":92.0},{"x":-16.0,"y":0.0,"z":92.0},{"x":-10.0,"y":0.0,"z":92.0}]},{"name":"59298748","positions":[{"x":0.0,"y":0.0,"z":-184.0}],"positionsFlipped":[{"x":0.0,"y":0.0,"z":184.0}]},{"name":"7f1ecca3","positions":[{"x":0.0,"y":0.0,"z":-184.0}],"positionsFlipped":[{"x":0.0,"y":0.0,"z":184.0}]},{"name":"e90f41fc","positions":[{"x":0.0,"y":0.0,"z":-184.0}],"positionsFlipped":[{"x":0.0,"y":0.0,"z":184.0}]},{"name":"89ef85c2","positions":[{"x":0.0,"y":0.0,"z":-184.0}],"positionsFlipped":[{"x":0.0,"y":0.0,"z":184.0}]}]}