{"positionDefinitions":[{"name":"1c9b9946","positions":[{"x":0.0,"y":0.0,"z":0.0}],"positionsFlipped":[]},{"name":"fdb44146","positions":[{"x":0.0,"y":0.0,"z":0.0}],"positionsFlipped":[]},{"name":"dc736e0e","positions":[{"x":0.0,"y":0.0,"z":0.0}],"positionsFlipped":[{"x":0.0,"y":0.0,"z":0.0}]},{"name":"590f2071","positions":[{"x":0.0,"y":0.0,"z":0.0}],"positionsFlipped":[{"x":0.0,"y":0.0,"z":0.0}]},{"name":"9b9cd17c","positions":[{"x":0.0,"y":0.0,"z":0.0}],"positionsFlipped":[{"x":0.0,"y":0.0,"z":0.0}]},{"name":"4528b639","positions":[{"x":0.0,"y":0.0,"z":0.0}],"positionsFlipped":[{"x":0.0,"y":0.0,"z":0.0}]},{"name":"dbffbab0","positions":[{"x":0.0,"y":0.0,"z":0.0}],"positionsFlipped":[{"x":0.0,"y":0.0,"z":0.0}]},{"name":"8f98c543","positions":[{"x":0.0,"y":0.0,"z":0.0}],"positionsFlipped":[]},{"name":"cf87f189","positions":[{"x":0.0,"y":0.0,"z":0.0}],"positionsFlipped":[{"x":0.0,"y":0.0,"z":0.0}]},{"name":"e6e05e53","positions":[{"x":0.0,"y":0.0,"z":32.0},{"x":0.0,"y":0.0,"z":64.0},{"x":0.0,"y":0.0,"z":96.0},{"x":0.0,"y":0.0,"z":-32.0},{"x":0.0,"y":0.0,"z":-64.0},{"x":0.0,"y":0.0,"z":-96.0}],"positionsFlipped":[]},{"name":"9e1c2c1f","positions":[{"x":0.0,"y":0.0,"z":32.0},{"x":0.0,"y":0.0,"z":64.0},{"x":0.0,"y":0.0,"z":96.0},{"x":0.0,"y":0.0,"z":-32.0},{"x":0.0,"y":0.0,"z":-64.0},{"x":0.0,"y":0.0,"z":-96.0}],"positionsFlipped":[]},{"name":"29c3c159","positions":[{"x":14.0,"y":0.0,"z":20.0},{"x":7.0,"y":0.0,"z":20.0},{"x":-14.0,"y":0.0,"z":20.0},{"x":-7.0,"y":0.0,"z":20.0},{"x":14.0,"y":0.0,"z":52.0},{"x":7.0,"y":0.0,"z":52.0},{"x":-14.0,"y":0.0,"z":52.0},{"x":-7.0,"y":0.0,"z":52.0},{"x":14.0,"y":0.0,"z":84.0},{"x":7.0,"y":0.0,"z":84.0},{"x":-14.0,"y":0.0,"z":84.0},{"x":-7.0,"y":0.0,"z":84.0},{"x":14.0,"y":0.0,"z":-44.0},{"x":7.0,"y":0.0,"z":-44.0},{"x":-14.0,"y":0.0,"z":-44.0},{"x":-7.0,"y":0.0,"z":-44.0},{"x":14.0,"y":0.0,"z":-76.0},{"x":7.0,"y":0.0,"z":-76.0},{"x":-14.0,"y":0.0,"z":-76.0},{"x":-7.0,"y":0.0,"z":-76.0},{"x":14.0,"y":0.0,"z":-106.0},{"x":7.0,"y":0.0,"z":-106.0},{"x":-14.0,"y":0.0,"z":-106.0},{"x":-7.0,"y":0.0,"z":-106.0}],"positionsFlipped":[{"x":14.0,"y":0.0,"z":-20.0},{"x":7.0,"y":0.0,"z":-20.0},{"x":-14.0,"y":0.0,"z":-20.0},{"x":-7.0,"y":0.0,"z":-20.0},{"x":14.0,"y":0.0,"z":-52.0},{"x":7.0,"y":0.0,"z":-52.0},{"x":-14.0,"y":0.0,"z":-52.0},{"x":-7.0,"y":0.0,"z":-52.0},{"x":14.0,"y":0.0,"z":-84.0},{"x":7.0,"y":0.0,"z":-84.0},{"x":-14.0,"y":0.0,"z":-84.0},{"x":-7.0,"y":0.0,"z":-84.0},{"x":14.0,"y":0.0,"z":44.0},{"x":7.0,"y":0.0,"z":44.0},{"x":-14.0,"y":0.0,"z":44.0},{"x":-7.0,"y":0.0,"z":44.0},{"x":14.0,"y":0.0,"z":76.0},{"x":7.0,"y":0.0,"z":76.0},{"x":-14.0,"y":0.0,"z":76.0},{"x":-7.0,"y":0.0,"z":76.0},{"x":14.0,"y":0.0,"z":106.0},{"x":7.0,"y":0.0,"z":106.0},{"x":-14.0,"y":0.0,"z":106.0},{"x":-7.0,"y":0.0,"z":106.0}]},{"name":"c25e00f8","positions":[{"x":0.0,"y":0.0,"z":32.0},{"x":0.0,"y":0.0,"z":64.0},{"x":0.0,"y":0.0,"z":96.0},{"x":0.0,"y":0.0,"z":-32.0},{"x":0.0,"y":0.0,"z":-64.0},{"x":0.0,"y":0.0,"z":-96.0},{"x":0.0,"y":0.0,"z":-128.0}],"positionsFlipped":[]},{"name":"92454d2f","positions":[],"positionsFlipped":[{"x":0.0,"y":0.0,"z":-128.0}]},{"name":"4bc77f09","positions":[{"x":14.0,"y":0.0,"z":20.0},{"x":7.0,"y":0.0,"z":20.0},{"x":-14.0,"y":0.0,"z":20.0},{"x":-7.0,"y":0.0,"z":20.0},{"x":14.0,"y":0.0,"z":52.0},{"x":7.0,"y":0.0,"z":52.0},{"x":-14.0,"y":0.0,"z":52.0},{"x":-7.0,"y":0.0,"z":52.0},{"x":14.0,"y":0.0,"z":84.0},{"x":7.0,"y":0.0,"z":84.0},{"x":-14.0,"y":0.0,"z":84.0},{"x":-7.0,"y":0.0,"z":84.0},{"x":14.0,"y":0.0,"z":-44.0},{"x":7.0,"y":0.0,"z":-44.0},{"x":-14.0,"y":0.0,"z":-44.0},{"x":-7.0,"y":0.0,"z":-44.0},{"x":14.0,"y":0.0,"z":-76.0},{"x":7.0,"y":0.0,"z":-76.0},{"x":-14.0,"y":0.0,"z":-76.0},{"x":-7.0,"y":0.0,"z":-76.0},{"x":14.0,"y":0.0,"z":-106.0},{"x":7.0,"y":0.0,"z":-106.0},{"x":-14.0,"y":0.0,"z":-106.0},{"x":-7.0,"y":0.0,"z":-106.0}],"positionsFlipped":[{"x":14.0,"y":0.0,"z":-20.0},{"x":7.0,"y":0.0,"z":-20.0},{"x":-14.0,"y":0.0,"z":-20.0},{"x":-7.0,"y":0.0,"z":-20.0},{"x":14.0,"y":0.0,"z":-52.0},{"x":7.0,"y":0.0,"z":-52.0},{"x":-14.0,"y":0.0,"z":-52.0},{"x":-7.0,"y":0.0,"z":-52.0},{"x":14.0,"y":0.0,"z":-84.0},{"x":7.0,"y":0.0,"z":-84.0},{"x":-14.0,"y":0.0,"z":-84.0},{"x":-7.0,"y":0.0,"z":-84.0},{"x":14.0,"y":0.0,"z":44.0},{"x":7.0,"y":0.0,"z":44.0},{"x":-14.0,"y":0.0,"z":44.0},{"x":-7.0,"y":0.0,"z":44.0},{"x":14.0,"y":0.0,"z":76.0},{"x":7.0,"y":0.0,"z":76.0},{"x":-14.0,"y":0.0,"z":76.0},{"x":-7.0,"y":0.0,"z":76.0},{"x":14.0,"y":0.0,"z":106.0},{"x":7.0,"y":0.0,"z":106.0},{"x":-14.0,"y":0.0,"z":106.0},{"x":-7.0,"y":0.0,"z":106.0}]},{"name":"3337dd2d","positions":[],"positionsFlipped":[{"x":0.0,"y":0.0,"z":-128.0}]},{"name":"e5e1f05b","positions":[{"x":0.0,"y":0.0,"z":0.0},{"x":0.0,"y":0.0,"z":32.0},{"x":0.0,"y":0.0,"z":64.0},{"x":0.0,"y":0.0,"z":96.0},{"x":0.0,"y":0.0,"z":-32.0},{"x":0.0,"y":0.0,"z":-64.0},{"x":0.0,"y":0.0,"z":-96.0},{"x":0.0,"y":0.0,"z":-128.0}],"positionsFlipped":[]},{"name":"450dad89","positions":[{"x":0.0,"y":0.0,"z":64.0},{"x":0.0,"y":0.0,"z":-64.0}],"positionsFlipped":[]},{"name":"50ad0bba","positions":[{"x":0.0,"y":0.0,"z":64.0},{"x":0.0,"y":0.0,"z":-64.0}],"positionsFlipped":[{"x":0.0,"y":0.0,"z":64.0},{"x":0.0,"y":0.0,"z":-64.0}]},{"name":"317fbd85","positions":[{"x":0.0,"y":0.0,"z":64.0},{"x":0.0,"y":0.0,"z":-64.0}],"positionsFlipped":[{"x":0.0,"y":0.0,"z":64.0},{"x":0.0,"y":0.0,"z":-64.0}]},{"name":"f4c1d311","positions":[],"positionsFlipped":[{"x":0.0,"y":0.0,"z":136.0}]},{"name":"47f7c039","positions":[],"positionsFlipped":[{"x":0.0,"y":0.0,"z":136.0}]},{"name":"b3e6b86f","positions":[],"positionsFlipped":[{"x":0.0,"y":0.0,"z":136.0}]},{"name":"cd325726","positions":[{"x":0.0,"y":0.0,"z":136.0}],"positionsFlipped":[]},{"name":"6a969a44","positions":[],"positionsFlipped":[{"x":0.0,"y":0.0,"z":136.0}]},{"name":"9e838cc6","positions":[],"positionsFlipped":[{"x":0.0,"y":0.0,"z":136.0}]},{"name":"5e468d03","positions":[],"positionsFlipped":[{"x":0.0,"y":0.0,"z":136.0}]},{"name":"45a0e92e","positions":[],"positionsFlipped":[{"x":0.0,"y":0.0,"z":136.0}]},{"name":"1caaa81c","positions":[{"x":0.0,"y":0.0,"z":-110.0}],"positionsFlipped":[]}]}