{"positionDefinitions":[{"name":"b1b19774","positions":[{"x":0.0,"y":0.0,"z":0.0},{"x":0.0,"y":0.0,"z":32.0},{"x":0.0,"y":0.0,"z":-32.0},{"x":0.0,"y":0.0,"z":64.0},{"x":0.0,"y":0.0,"z":-64.0}],"positionsFlipped":[]},{"name":"888c5d9e","positions":[{"x":0.0,"y":0.0,"z":0.0},{"x":0.0,"y":0.0,"z":32.0},{"x":0.0,"y":0.0,"z":-32.0},{"x":0.0,"y":0.0,"z":64.0},{"x":0.0,"y":0.0,"z":-64.0}],"positionsFlipped":[]},{"name":"e840d300","positions":[{"x":0.0,"y":0.0,"z":0.0},{"x":0.0,"y":0.0,"z":32.0},{"x":0.0,"y":0.0,"z":-32.0},{"x":0.0,"y":0.0,"z":64.0},{"x":0.0,"y":0.0,"z":-64.0}],"positionsFlipped":[]},{"name":"c8999495","positions":[{"x":0.0,"y":0.0,"z":0.0},{"x":0.0,"y":0.0,"z":32.0},{"x":0.0,"y":0.0,"z":-32.0},{"x":0.0,"y":0.0,"z":64.0},{"x":0.0,"y":0.0,"z":-64.0},{"x":0.0,"y":0.0,"z":96.0},{"x":0.0,"y":0.0,"z":-96.0},{"x":0.0,"y":0.0,"z":128.0},{"x":0.0,"y":0.0,"z":-128.0}],"positionsFlipped":[]},{"name":"2613aff3","positions":[{"x":0.0,"y":0.0,"z":0.0}],"positionsFlipped":[{"x":0.0,"y":0.0,"z":0.0}]},{"name":"1e4f1671","positions":[{"x":0.0,"y":0.0,"z":0.0}],"positionsFlipped":[{"x":0.0,"y":0.0,"z":0.0}]},{"name":"14a9788c","positions":[{"x":0.0,"y":0.0,"z":96.0},{"x":0.0,"y":0.0,"z":-96.0}],"positionsFlipped":[]},{"name":"8acdbeba","positions":[{"x":0.0,"y":0.0,"z":96.0},{"x":0.0,"y":0.0,"z":-96.0}],"positionsFlipped":[]},{"name":"1e5650fd","positions":[{"x":0.0,"y":0.0,"z":96.0},{"x":0.0,"y":0.0,"z":-96.0}],"positionsFlipped":[]},{"name":"f39a99ce","positions":[{"x":0.0,"y":0.0,"z":96.0},{"x":0.0,"y":0.0,"z":-96.0}],"positionsFlipped":[{"x":0.0,"y":0.0,"z":96.0},{"x":0.0,"y":0.0,"z":-96.0}]},{"name":"a68a13fe","positions":[{"x":0.0,"y":0.0,"z":96.0},{"x":0.0,"y":0.0,"z":-96.0}],"positionsFlipped":[{"x":0.0,"y":0.0,"z":96.0},{"x":0.0,"y":0.0,"z":-96.0}]},{"name":"5e340e2d","positions":[{"x":0.0,"y":0.0,"z":96.0},{"x":0.0,"y":0.0,"z":-96.0}],"positionsFlipped":[{"x":0.0,"y":0.0,"z":96.0},{"x":0.0,"y":0.0,"z":-96.0}]},{"name":"5835c516","positions":[{"x":0.0,"y":0.0,"z":96.0},{"x":0.0,"y":0.0,"z":-96.0}],"positionsFlipped":[{"x":0.0,"y":0.0,"z":96.0},{"x":0.0,"y":0.0,"z":-96.0}]},{"name":"8b6e04ac","positions":[{"x":0.0,"y":0.0,"z":96.0},{"x":0.0,"y":0.0,"z":-96.0}],"positionsFlipped":[{"x":0.0,"y":0.0,"z":96.0},{"x":0.0,"y":0.0,"z":-96.0}]},{"name":"bdfa3fb4","positions":[{"x":0.0,"y":0.0,"z":0.0}],"positionsFlipped":[]},{"name":"7356643e","positions":[{"x":0.0,"y":0.0,"z":0.0}],"positionsFlipped":[{"x":0.0,"y":0.0,"z":0.0}]},{"name":"bb696d5","positions":[{"x":0.0,"y":0.0,"z":0.0}],"positionsFlipped":[{"x":0.0,"y":0.0,"z":0.0}]},{"name":"3af3b0de","positions":[{"x":18.0,"y":0.0,"z":-12.0},{"x":12.0,"y":0.0,"z":-12.0},{"x":-18.0,"y":0.0,"z":-12.0},{"x":-12.0,"y":0.0,"z":-12.0},{"x":18.0,"y":0.0,"z":-44.0},{"x":12.0,"y":0.0,"z":-44.0},{"x":-18.0,"y":0.0,"z":-44.0},{"x":-12.0,"y":0.0,"z":-44.0},{"x":18.0,"y":0.0,"z":-76.0},{"x":12.0,"y":0.0,"z":-76.0},{"x":-18.0,"y":0.0,"z":-76.0},{"x":-12.0,"y":0.0,"z":-76.0},{"x":18.0,"y":0.0,"z":20.0},{"x":12.0,"y":0.0,"z":20.0},{"x":-18.0,"y":0.0,"z":20.0},{"x":-12.0,"y":0.0,"z":20.0},{"x":18.0,"y":0.0,"z":52.0},{"x":12.0,"y":0.0,"z":52.0},{"x":-18.0,"y":0.0,"z":52.0},{"x":-12.0,"y":0.0,"z":52.0}],"positionsFlipped":[{"x":18.0,"y":0.0,"z":12.0},{"x":12.0,"y":0.0,"z":12.0},{"x":-18.0,"y":0.0,"z":12.0},{"x":-12.0,"y":0.0,"z":12.0},{"x":18.0,"y":0.0,"z":44.0},{"x":12.0,"y":0.0,"z":44.0},{"x":-18.0,"y":0.0,"z":44.0},{"x":-12.0,"y":0.0,"z":44.0},{"x":18.0,"y":0.0,"z":76.0},{"x":12.0,"y":0.0,"z":76.0},{"x":-18.0,"y":0.0,"z":76.0},{"x":-12.0,"y":0.0,"z":76.0},{"x":18.0,"y":0.0,"z":-20.0},{"x":12.0,"y":0.0,"z":-20.0},{"x":-18.0,"y":0.0,"z":-20.0},{"x":-12.0,"y":0.0,"z":-20.0},{"x":18.0,"y":0.0,"z":-52.0},{"x":12.0,"y":0.0,"z":-52.0},{"x":-18.0,"y":0.0,"z":-52.0},{"x":-12.0,"y":0.0,"z":-52.0}]},{"name":"b8adeb59","positions":[{"x":18.0,"y":0.0,"z":-12.0},{"x":12.0,"y":0.0,"z":-12.0},{"x":-18.0,"y":0.0,"z":-12.0},{"x":-12.0,"y":0.0,"z":-12.0},{"x":18.0,"y":0.0,"z":-44.0},{"x":12.0,"y":0.0,"z":-44.0},{"x":-18.0,"y":0.0,"z":-44.0},{"x":-12.0,"y":0.0,"z":-44.0},{"x":18.0,"y":0.0,"z":-76.0},{"x":12.0,"y":0.0,"z":-76.0},{"x":-18.0,"y":0.0,"z":-76.0},{"x":-12.0,"y":0.0,"z":-76.0},{"x":18.0,"y":0.0,"z":20.0},{"x":12.0,"y":0.0,"z":20.0},{"x":-18.0,"y":0.0,"z":20.0},{"x":-12.0,"y":0.0,"z":20.0},{"x":18.0,"y":0.0,"z":52.0},{"x":12.0,"y":0.0,"z":52.0},{"x":-18.0,"y":0.0,"z":52.0},{"x":-12.0,"y":0.0,"z":52.0}],"positionsFlipped":[{"x":18.0,"y":0.0,"z":12.0},{"x":12.0,"y":0.0,"z":12.0},{"x":-18.0,"y":0.0,"z":12.0},{"x":-12.0,"y":0.0,"z":12.0},{"x":18.0,"y":0.0,"z":44.0},{"x":12.0,"y":0.0,"z":44.0},{"x":-18.0,"y":0.0,"z":44.0},{"x":-12.0,"y":0.0,"z":44.0},{"x":18.0,"y":0.0,"z":76.0},{"x":12.0,"y":0.0,"z":76.0},{"x":-18.0,"y":0.0,"z":76.0},{"x":-12.0,"y":0.0,"z":76.0},{"x":18.0,"y":0.0,"z":-20.0},{"x":12.0,"y":0.0,"z":-20.0},{"x":-18.0,"y":0.0,"z":-20.0},{"x":-12.0,"y":0.0,"z":-20.0},{"x":18.0,"y":0.0,"z":-52.0},{"x":12.0,"y":0.0,"z":-52.0},{"x":-18.0,"y":0.0,"z":-52.0},{"x":-12.0,"y":0.0,"z":-52.0}]},{"name":"f23c8b9","positions":[{"x":0.0,"y":0.0,"z":-128.0}],"positionsFlipped":[{"x":0.0,"y":0.0,"z":128.0}]},{"name":"b31590a1","positions":[{"x":0.0,"y":0.0,"z":-128.0}],"positionsFlipped":[{"x":0.0,"y":0.0,"z":128.0}]},{"name":"ca1d97d4","positions":[{"x":0.0,"y":0.0,"z":-128.0}],"positionsFlipped":[{"x":0.0,"y":0.0,"z":128.0}]},{"name":"451af8ae","positions":[{"x":-18.0,"y":0.0,"z":-134.5},{"x":-18.0,"y":0.0,"z":-119.5},{"x":-18.0,"y":0.0,"z":134.5},{"x":-18.0,"y":0.0,"z":119.5}],"positionsFlipped":[{"x":-18.0,"y":0.0,"z":-134.5},{"x":-18.0,"y":0.0,"z":-119.5},{"x":-18.0,"y":0.0,"z":134.5},{"x":-18.0,"y":0.0,"z":119.5}]},{"name":"8c75c79d","positions":[{"x":-18.0,"y":0.0,"z":-134.5},{"x":-18.0,"y":0.0,"z":-119.5},{"x":-18.0,"y":0.0,"z":134.5},{"x":-18.0,"y":0.0,"z":119.5}],"positionsFlipped":[{"x":-18.0,"y":0.0,"z":-134.5},{"x":-18.0,"y":0.0,"z":-119.5},{"x":-18.0,"y":0.0,"z":134.5},{"x":-18.0,"y":0.0,"z":119.5}]}]}