{"positionDefinitions":[{"name":"4553376d","positions":[{"x":0.0,"y":0.0,"z":0.0},{"x":0.0,"y":0.0,"z":160.0},{"x":0.0,"y":0.0,"z":-160.0}],"positionsFlipped":[]},{"name":"9bd5fb09","positions":[{"x":0.0,"y":0.0,"z":0.0},{"x":0.0,"y":0.0,"z":80.0},{"x":0.0,"y":0.0,"z":-80.0},{"x":0.0,"y":0.0,"z":160.0},{"x":0.0,"y":0.0,"z":-160.0}],"positionsFlipped":[]},{"name":"d79ef9d0","positions":[{"x":0.0,"y":0.0,"z":0.0},{"x":0.0,"y":0.0,"z":80.0},{"x":0.0,"y":0.0,"z":-80.0},{"x":0.0,"y":0.0,"z":160.0},{"x":0.0,"y":0.0,"z":-160.0}],"positionsFlipped":[]},{"name":"88fc6bf5","positions":[{"x":0.0,"y":0.0,"z":0.0},{"x":0.0,"y":0.0,"z":80.0},{"x":0.0,"y":0.0,"z":-80.0},{"x":0.0,"y":0.0,"z":160.0},{"x":0.0,"y":0.0,"z":-160.0}],"positionsFlipped":[]},{"name":"d7d959b2","positions":[{"x":0.0,"y":0.0,"z":0.0},{"x":0.0,"y":0.0,"z":80.0},{"x":0.0,"y":0.0,"z":-80.0},{"x":0.0,"y":0.0,"z":160.0},{"x":0.0,"y":0.0,"z":-160.0}],"positionsFlipped":[{"x":0.0,"y":0.0,"z":0.0},{"x":0.0,"y":0.0,"z":80.0},{"x":0.0,"y":0.0,"z":-80.0},{"x":0.0,"y":0.0,"z":160.0},{"x":0.0,"y":0.0,"z":-160.0}]},{"name":"ad9dd1f0","positions":[{"x":0.0,"y":0.0,"z":0.0},{"x":0.0,"y":0.0,"z":80.0},{"x":0.0,"y":0.0,"z":-80.0},{"x":0.0,"y":0.0,"z":160.0},{"x":0.0,"y":0.0,"z":-160.0}],"positionsFlipped":[]},{"name":"2015bd1e","positions":[{"x":0.0,"y":0.0,"z":40.0},{"x":0.0,"y":0.0,"z":-40.0},{"x":0.0,"y":0.0,"z":120.0},{"x":0.0,"y":0.0,"z":-120.0}],"positionsFlipped":[]},{"name":"f577f10e","positions":[{"x":0.0,"y":0.0,"z":40.0},{"x":0.0,"y":0.0,"z":-40.0},{"x":0.0,"y":0.0,"z":120.0},{"x":0.0,"y":0.0,"z":-120.0}],"positionsFlipped":[]},{"name":"41c0cd77","positions":[{"x":0.0,"y":0.0,"z":40.0},{"x":0.0,"y":0.0,"z":-40.0},{"x":0.0,"y":0.0,"z":120.0},{"x":0.0,"y":0.0,"z":-120.0}],"positionsFlipped":[]},{"name":"7b736b16","positions":[{"x":0.0,"y":0.0,"z":40.0},{"x":0.0,"y":0.0,"z":-40.0}],"positionsFlipped":[]},{"name":"15bae0cc","positions":[{"x":0.0,"y":0.0,"z":40.0},{"x":0.0,"y":0.0,"z":-40.0}],"positionsFlipped":[]},{"name":"8badd6ec","positions":[{"x":0.0,"y":0.0,"z":40.0},{"x":0.0,"y":0.0,"z":-40.0}],"positionsFlipped":[]},{"name":"e1a34093","positions":[{"x":0.0,"y":0.0,"z":80.0},{"x":0.0,"y":0.0,"z":-80.0}],"positionsFlipped":[]},{"name":"968acb2a","positions":[{"x":0.0,"y":0.0,"z":80.0},{"x":0.0,"y":0.0,"z":-80.0}],"positionsFlipped":[{"x":0.0,"y":0.0,"z":80.0},{"x":0.0,"y":0.0,"z":-80.0}]},{"name":"e555750f","positions":[{"x":0.0,"y":0.0,"z":80.0},{"x":0.0,"y":0.0,"z":-80.0}],"positionsFlipped":[{"x":0.0,"y":0.0,"z":80.0},{"x":0.0,"y":0.0,"z":-80.0}]},{"name":"931f32fe","positions":[{"x":0.0,"y":0.0,"z":80.0},{"x":0.0,"y":0.0,"z":-80.0}],"positionsFlipped":[]},{"name":"5fc2f328","positions":[{"x":0.0,"y":0.0,"z":80.0},{"x":0.0,"y":0.0,"z":-80.0}],"positionsFlipped":[{"x":0.0,"y":0.0,"z":80.0},{"x":0.0,"y":0.0,"z":-80.0}]},{"name":"bd2bebb1","positions":[{"x":0.0,"y":0.0,"z":80.0},{"x":0.0,"y":0.0,"z":-80.0}],"positionsFlipped":[{"x":0.0,"y":0.0,"z":80.0},{"x":0.0,"y":0.0,"z":-80.0}]},{"name":"484f6672","positions":[{"x":0.0,"y":0.0,"z":80.0},{"x":0.0,"y":0.0,"z":-80.0}],"positionsFlipped":[{"x":0.0,"y":0.0,"z":80.0},{"x":0.0,"y":0.0,"z":-80.0}]},{"name":"f303fdb4","positions":[{"x":0.0,"y":0.0,"z":120.0},{"x":0.0,"y":0.0,"z":-120.0}],"positionsFlipped":[]},{"name":"5cce1695","positions":[{"x":0.0,"y":0.0,"z":120.0},{"x":0.0,"y":0.0,"z":-120.0}],"positionsFlipped":[]},{"name":"8b0c92e9","positions":[{"x":0.0,"y":0.0,"z":120.0},{"x":0.0,"y":0.0,"z":-120.0}],"positionsFlipped":[]},{"name":"ed9f10c0","positions":[{"x":0.0,"y":0.0,"z":0.0},{"x":0.0,"y":0.0,"z":32.0},{"x":0.0,"y":0.0,"z":-32.0},{"x":0.0,"y":0.0,"z":64.0},{"x":0.0,"y":0.0,"z":-64.0},{"x":0.0,"y":0.0,"z":96.0},{"x":0.0,"y":0.0,"z":-96.0},{"x":0.0,"y":0.0,"z":-128.0},{"x":0.0,"y":0.0,"z":-160.0}],"positionsFlipped":[]},{"name":"1d4c6199","positions":[],"positionsFlipped":[{"x":0.0,"y":0.0,"z":184.0}]},{"name":"95af16ee","positions":[],"positionsFlipped":[{"x":0.0,"y":0.0,"z":184.0}]},{"name":"478de93b","positions":[],"positionsFlipped":[{"x":0.0,"y":0.0,"z":184.0}]},{"name":"d5ca21c0","positions":[],"positionsFlipped":[{"x":0.0,"y":0.0,"z":184.0}]},{"name":"3f67ff10","positions":[{"x":0.0,"y":0.0,"z":0.0},{"x":0.0,"y":0.0,"z":80.0},{"x":0.0,"y":0.0,"z":-80.0},{"x":0.0,"y":0.0,"z":160.0},{"x":0.0,"y":0.0,"z":-160.0}],"positionsFlipped":[{"x":0.0,"y":0.0,"z":0.0},{"x":0.0,"y":0.0,"z":80.0},{"x":0.0,"y":0.0,"z":-80.0},{"x":0.0,"y":0.0,"z":160.0},{"x":0.0,"y":0.0,"z":-160.0}]},{"name":"6424f893","positions":[{"x":0.0,"y":0.0,"z":0.0},{"x":0.0,"y":0.0,"z":80.0},{"x":0.0,"y":0.0,"z":-80.0},{"x":0.0,"y":0.0,"z":160.0},{"x":0.0,"y":0.0,"z":-160.0}],"positionsFlipped":[{"x":0.0,"y":0.0,"z":0.0},{"x":0.0,"y":0.0,"z":80.0},{"x":0.0,"y":0.0,"z":-80.0},{"x":0.0,"y":0.0,"z":160.0},{"x":0.0,"y":0.0,"z":-160.0}]},{"name":"8a8718c2","positions":[{"x":0.0,"y":0.0,"z":0.0},{"x":0.0,"y":0.0,"z":80.0},{"x":0.0,"y":0.0,"z":-80.0},{"x":0.0,"y":0.0,"z":160.0},{"x":0.0,"y":0.0,"z":-160.0}],"positionsFlipped":[{"x":0.0,"y":0.0,"z":0.0},{"x":0.0,"y":0.0,"z":80.0},{"x":0.0,"y":0.0,"z":-80.0},{"x":0.0,"y":0.0,"z":160.0},{"x":0.0,"y":0.0,"z":-160.0}]},{"name":"971b6588","positions":[{"x":0.0,"y":0.0,"z":0.0},{"x":0.0,"y":0.0,"z":80.0},{"x":0.0,"y":0.0,"z":-80.0},{"x":0.0,"y":0.0,"z":160.0},{"x":0.0,"y":0.0,"z":-160.0}],"positionsFlipped":[{"x":0.0,"y":0.0,"z":0.0},{"x":0.0,"y":0.0,"z":80.0},{"x":0.0,"y":0.0,"z":-80.0},{"x":0.0,"y":0.0,"z":160.0},{"x":0.0,"y":0.0,"z":-160.0}]},{"name":"ec7cfa4e","positions":[{"x":0.0,"y":0.0,"z":0.0},{"x":0.0,"y":0.0,"z":80.0},{"x":0.0,"y":0.0,"z":-80.0},{"x":0.0,"y":0.0,"z":160.0},{"x":0.0,"y":0.0,"z":-160.0}],"positionsFlipped":[{"x":0.0,"y":0.0,"z":0.0},{"x":0.0,"y":0.0,"z":80.0},{"x":0.0,"y":0.0,"z":-80.0},{"x":0.0,"y":0.0,"z":160.0},{"x":0.0,"y":0.0,"z":-160.0}]},{"name":"f28ef4fa","positions":[{"x":0.0,"y":0.0,"z":0.0},{"x":0.0,"y":0.0,"z":80.0},{"x":0.0,"y":0.0,"z":-80.0},{"x":0.0,"y":0.0,"z":160.0},{"x":0.0,"y":0.0,"z":-160.0}],"positionsFlipped":[{"x":0.0,"y":0.0,"z":0.0},{"x":0.0,"y":0.0,"z":80.0},{"x":0.0,"y":0.0,"z":-80.0},{"x":0.0,"y":0.0,"z":160.0},{"x":0.0,"y":0.0,"z":-160.0}]},{"name":"a7f82456","positions":[{"x":0.0,"y":0.0,"z":0.0},{"x":0.0,"y":0.0,"z":80.0},{"x":0.0,"y":0.0,"z":-80.0},{"x":0.0,"y":0.0,"z":160.0},{"x":0.0,"y":0.0,"z":-160.0}],"positionsFlipped":[{"x":0.0,"y":0.0,"z":0.0},{"x":0.0,"y":0.0,"z":80.0},{"x":0.0,"y":0.0,"z":-80.0},{"x":0.0,"y":0.0,"z":160.0},{"x":0.0,"y":0.0,"z":-160.0}]},{"name":"428da442","positions":[{"x":0.0,"y":0.0,"z":0.0},{"x":0.0,"y":0.0,"z":80.0},{"x":0.0,"y":0.0,"z":-80.0},{"x":0.0,"y":0.0,"z":160.0},{"x":0.0,"y":0.0,"z":-160.0}],"positionsFlipped":[{"x":0.0,"y":0.0,"z":0.0},{"x":0.0,"y":0.0,"z":80.0},{"x":0.0,"y":0.0,"z":-80.0},{"x":0.0,"y":0.0,"z":160.0},{"x":0.0,"y":0.0,"z":-160.0}]},{"name":"61ae1b09","positions":[{"x":0.0,"y":0.0,"z":0.0},{"x":0.0,"y":0.0,"z":80.0},{"x":0.0,"y":0.0,"z":-80.0},{"x":0.0,"y":0.0,"z":160.0},{"x":0.0,"y":0.0,"z":-160.0}],"positionsFlipped":[{"x":0.0,"y":0.0,"z":0.0},{"x":0.0,"y":0.0,"z":80.0},{"x":0.0,"y":0.0,"z":-80.0},{"x":0.0,"y":0.0,"z":160.0},{"x":0.0,"y":0.0,"z":-160.0}]},{"name":"fefea62f","positions":[{"x":0.0,"y":0.0,"z":0.0},{"x":0.0,"y":0.0,"z":80.0},{"x":0.0,"y":0.0,"z":-80.0},{"x":0.0,"y":0.0,"z":160.0},{"x":0.0,"y":0.0,"z":-160.0}],"positionsFlipped":[{"x":0.0,"y":0.0,"z":0.0},{"x":0.0,"y":0.0,"z":80.0},{"x":0.0,"y":0.0,"z":-80.0},{"x":0.0,"y":0.0,"z":160.0},{"x":0.0,"y":0.0,"z":-160.0}]},{"name":"9ab2880c","positions":[{"x":0.0,"y":0.0,"z":128.0}],"positionsFlipped":[]},{"name":"2a0671db","positions":[],"positionsFlipped":[{"x":0.0,"y":0.0,"z":-200.0}]},{"name":"ebf9790e","positions":[],"positionsFlipped":[{"x":0.0,"y":0.0,"z":-200.0}]},{"name":"6133369c","positions":[],"positionsFlipped":[{"x":0.0,"y":0.0,"z":-200.0}]},{"name":"bc968ddc","positions":[],"positionsFlipped":[{"x":0.0,"y":0.0,"z":-200.0}]},{"name":"edbde971","positions":[],"positionsFlipped":[{"x":0.0,"y":0.0,"z":-200.0}]},{"name":"6ca681cf","positions":[],"positionsFlipped":[{"x":0.0,"y":0.0,"z":-200.0}]},{"name":"d22c89a7","positions":[],"positionsFlipped":[{"x":0.0,"y":0.0,"z":-200.0}]},{"name":"3a530407","positions":[],"positionsFlipped":[{"x":0.0,"y":0.0,"z":-200.0}]},{"name":"a7c78879","positions":[],"positionsFlipped":[{"x":0.0,"y":0.0,"z":-200.0}]},{"name":"e7dc272e","positions":[],"positionsFlipped":[{"x":0.0,"y":0.0,"z":-200.0}]}]}