{"positionDefinitions":[{"name":"62a2fbc0","positions":[{"x":0.0,"y":0.0,"z":16.0},{"x":0.0,"y":0.0,"z":-16.0},{"x":0.0,"y":0.0,"z":48.0},{"x":0.0,"y":0.0,"z":-48.0},{"x":0.0,"y":0.0,"z":80.0},{"x":0.0,"y":0.0,"z":-80.0}],"positionsFlipped":[]},{"name":"f3fca25b","positions":[{"x":0.0,"y":0.0,"z":16.0},{"x":0.0,"y":0.0,"z":-16.0},{"x":0.0,"y":0.0,"z":48.0},{"x":0.0,"y":0.0,"z":-48.0},{"x":0.0,"y":0.0,"z":80.0},{"x":0.0,"y":0.0,"z":-80.0}],"positionsFlipped":[]},{"name":"8355d753","positions":[{"x":0.0,"y":0.0,"z":16.0},{"x":0.0,"y":0.0,"z":-16.0},{"x":0.0,"y":0.0,"z":48.0},{"x":0.0,"y":0.0,"z":-48.0},{"x":0.0,"y":0.0,"z":80.0},{"x":0.0,"y":0.0,"z":-80.0}],"positionsFlipped":[]},{"name":"1d329239","positions":[{"x":0.0,"y":0.0,"z":16.0},{"x":0.0,"y":0.0,"z":-16.0},{"x":0.0,"y":0.0,"z":48.0},{"x":0.0,"y":0.0,"z":-48.0},{"x":0.0,"y":0.0,"z":80.0},{"x":0.0,"y":0.0,"z":-80.0}],"positionsFlipped":[]},{"name":"fd16fc0c","positions":[{"x":0.0,"y":0.0,"z":136.0}],"positionsFlipped":[{"x":0.0,"y":0.0,"z":-136.0}]},{"name":"fc68f3fb","positions":[{"x":0.0,"y":0.0,"z":136.0}],"positionsFlipped":[{"x":0.0,"y":0.0,"z":-136.0}]},{"name":"f6fcee0f","positions":[{"x":0.0,"y":0.0,"z":136.0}],"positionsFlipped":[{"x":0.0,"y":0.0,"z":-136.0}]},{"name":"f0b1d2c8","positions":[{"x":0.0,"y":0.0,"z":136.0}],"positionsFlipped":[{"x":0.0,"y":0.0,"z":-136.0}]},{"name":"ad16f3bd","positions":[{"x":0.0,"y":0.0,"z":136.0}],"positionsFlipped":[{"x":0.0,"y":0.0,"z":-136.0}]},{"name":"1e33ab1e","positions":[{"x":0.0,"y":0.0,"z":136.0}],"positionsFlipped":[{"x":0.0,"y":0.0,"z":-136.0}]},{"name":"64ea0e43","positions":[{"x":0.0,"y":0.0,"z":136.0},{"x":0.0,"y":0.0,"z":-136.0}],"positionsFlipped":[{"x":0.0,"y":0.0,"z":136.0},{"x":0.0,"y":0.0,"z":-136.0}]},{"name":"59ac89cb","positions":[{"x":0.0,"y":0.0,"z":136.0}],"positionsFlipped":[{"x":0.0,"y":0.0,"z":-136.0}]},{"name":"1864feca","positions":[{"x":0.0,"y":0.0,"z":168.0}],"positionsFlipped":[{"x":0.0,"y":0.0,"z":-168.0}]},{"name":"e280193d","positions":[{"x":0.0,"y":0.0,"z":-136.0}],"positionsFlipped":[{"x":0.0,"y":0.0,"z":136.0}]},{"name":"d0e7811e","positions":[{"x":0.0,"y":0.0,"z":-104.0}],"positionsFlipped":[{"x":0.0,"y":0.0,"z":104.0}]},{"name":"86cdb4fc","positions":[{"x":0.0,"y":0.0,"z":0.0}],"positionsFlipped":[{"x":0.0,"y":0.0,"z":0.0}]},{"name":"6386aab1","positions":[{"x":16.0,"y":0.0,"z":4.0},{"x":10.0,"y":0.0,"z":4.0},{"x":-16.0,"y":0.0,"z":4.0},{"x":-10.0,"y":0.0,"z":4.0},{"x":16.0,"y":0.0,"z":36.0},{"x":10.0,"y":0.0,"z":36.0},{"x":-16.0,"y":0.0,"z":36.0},{"x":-10.0,"y":0.0,"z":36.0},{"x":16.0,"y":0.0,"z":68.0},{"x":10.0,"y":0.0,"z":68.0},{"x":-16.0,"y":0.0,"z":68.0},{"x":-10.0,"y":0.0,"z":68.0},{"x":16.0,"y":0.0,"z":-28.0},{"x":10.0,"y":0.0,"z":-28.0},{"x":-16.0,"y":0.0,"z":-28.0},{"x":-10.0,"y":0.0,"z":-28.0},{"x":16.0,"y":0.0,"z":-60.0},{"x":10.0,"y":0.0,"z":-60.0},{"x":-16.0,"y":0.0,"z":-60.0},{"x":-10.0,"y":0.0,"z":-60.0},{"x":16.0,"y":0.0,"z":-92.0},{"x":10.0,"y":0.0,"z":-92.0},{"x":-16.0,"y":0.0,"z":-92.0},{"x":-10.0,"y":0.0,"z":-92.0}],"positionsFlipped":[{"x":16.0,"y":0.0,"z":-4.0},{"x":10.0,"y":0.0,"z":-4.0},{"x":-16.0,"y":0.0,"z":-4.0},{"x":-10.0,"y":0.0,"z":-4.0},{"x":16.0,"y":0.0,"z":-36.0},{"x":10.0,"y":0.0,"z":-36.0},{"x":-16.0,"y":0.0,"z":-36.0},{"x":-10.0,"y":0.0,"z":-36.0},{"x":16.0,"y":0.0,"z":-68.0},{"x":10.0,"y":0.0,"z":-68.0},{"x":-16.0,"y":0.0,"z":-68.0},{"x":-10.0,"y":0.0,"z":-68.0},{"x":16.0,"y":0.0,"z":28.0},{"x":10.0,"y":0.0,"z":28.0},{"x":-16.0,"y":0.0,"z":28.0},{"x":-10.0,"y":0.0,"z":28.0},{"x":16.0,"y":0.0,"z":60.0},{"x":10.0,"y":0.0,"z":60.0},{"x":-16.0,"y":0.0,"z":60.0},{"x":-10.0,"y":0.0,"z":60.0},{"x":16.0,"y":0.0,"z":92.0},{"x":10.0,"y":0.0,"z":92.0},{"x":-16.0,"y":0.0,"z":92.0},{"x":-10.0,"y":0.0,"z":92.0}]},{"name":"62302c21","positions":[{"x":16.0,"y":0.0,"z":4.0},{"x":10.0,"y":0.0,"z":4.0},{"x":-16.0,"y":0.0,"z":4.0},{"x":-10.0,"y":0.0,"z":4.0},{"x":16.0,"y":0.0,"z":36.0},{"x":10.0,"y":0.0,"z":36.0},{"x":-16.0,"y":0.0,"z":36.0},{"x":-10.0,"y":0.0,"z":36.0},{"x":16.0,"y":0.0,"z":68.0},{"x":10.0,"y":0.0,"z":68.0},{"x":-16.0,"y":0.0,"z":68.0},{"x":-10.0,"y":0.0,"z":68.0},{"x":16.0,"y":0.0,"z":-28.0},{"x":10.0,"y":0.0,"z":-28.0},{"x":-16.0,"y":0.0,"z":-28.0},{"x":-10.0,"y":0.0,"z":-28.0},{"x":16.0,"y":0.0,"z":-60.0},{"x":10.0,"y":0.0,"z":-60.0},{"x":-16.0,"y":0.0,"z":-60.0},{"x":-10.0,"y":0.0,"z":-60.0},{"x":16.0,"y":0.0,"z":-92.0},{"x":10.0,"y":0.0,"z":-92.0},{"x":-16.0,"y":0.0,"z":-92.0},{"x":-10.0,"y":0.0,"z":-92.0}],"positionsFlipped":[{"x":16.0,"y":0.0,"z":-4.0},{"x":10.0,"y":0.0,"z":-4.0},{"x":-16.0,"y":0.0,"z":-4.0},{"x":-10.0,"y":0.0,"z":-4.0},{"x":16.0,"y":0.0,"z":-36.0},{"x":10.0,"y":0.0,"z":-36.0},{"x":-16.0,"y":0.0,"z":-36.0},{"x":-10.0,"y":0.0,"z":-36.0},{"x":16.0,"y":0.0,"z":-68.0},{"x":10.0,"y":0.0,"z":-68.0},{"x":-16.0,"y":0.0,"z":-68.0},{"x":-10.0,"y":0.0,"z":-68.0},{"x":16.0,"y":0.0,"z":28.0},{"x":10.0,"y":0.0,"z":28.0},{"x":-16.0,"y":0.0,"z":28.0},{"x":-10.0,"y":0.0,"z":28.0},{"x":16.0,"y":0.0,"z":60.0},{"x":10.0,"y":0.0,"z":60.0},{"x":-16.0,"y":0.0,"z":60.0},{"x":-10.0,"y":0.0,"z":60.0},{"x":16.0,"y":0.0,"z":92.0},{"x":10.0,"y":0.0,"z":92.0},{"x":-16.0,"y":0.0,"z":92.0},{"x":-10.0,"y":0.0,"z":92.0}]},{"name":"2139a524","positions":[{"x":0.0,"y":0.0,"z":-184.0}],"positionsFlipped":[]},{"name":"2e99c933","positions":[{"x":0.0,"y":0.0,"z":-184.0}],"positionsFlipped":[]},{"name":"9d3bd2d6","positions":[{"x":0.0,"y":0.0,"z":-184.0}],"positionsFlipped":[]},{"name":"8bdbb4f3","positions":[{"x":0.0,"y":0.0,"z":-184.0}],"positionsFlipped":[]},{"name":"a1906ef8","positions":[],"positionsFlipped":[{"x":0.0,"y":0.0,"z":184.0}]},{"name":"952a3b61","positions":[],"positionsFlipped":[{"x":0.0,"y":0.0,"z":184.0}]},{"name":"c0abb7b2","positions":[],"positionsFlipped":[{"x":0.0,"y":0.0,"z":184.0}]},{"name":"f0fce672","positions":[],"positionsFlipped":[{"x":0.0,"y":0.0,"z":184.0}]},{"name":"eb3bb0a","positions":[],"positionsFlipped":[{"x":0.0,"y":0.0,"z":184.0}]},{"name":"bb79b067","positions":[],"positionsFlipped":[{"x":0.0,"y":0.0,"z":184.0}]},{"name":"cb54dba5","positions":[],"positionsFlipped":[{"x":0.0,"y":0.0,"z":184.0}]}]}