{"positionDefinitions":[{"name":"1611bd3d","positions":[{"x":0.0,"y":0.0,"z":0.0},{"x":0.0,"y":0.0,"z":32.0}],"positionsFlipped":[]},{"name":"9c592514","positions":[{"x":0.0,"y":0.0,"z":0.0},{"x":0.0,"y":0.0,"z":32.0}],"positionsFlipped":[]},{"name":"86b2e8d8","positions":[{"x":0.0,"y":0.0,"z":-32.0}],"positionsFlipped":[]},{"name":"1520c627","positions":[{"x":0.0,"y":0.0,"z":-32.0}],"positionsFlipped":[]},{"name":"8f8d9512","positions":[{"x":0.0,"y":0.0,"z":-32.0},{"x":0.0,"y":0.0,"z":32.0},{"x":0.0,"y":0.0,"z":0.0},{"x":0.0,"y":0.0,"z":-96.0},{"x":0.0,"y":0.0,"z":96.0}],"positionsFlipped":[]},{"name":"6471184e","positions":[{"x":0.0,"y":0.0,"z":64.0},{"x":0.0,"y":0.0,"z":-64.0}],"positionsFlipped":[]},{"name":"d2e560ef","positions":[{"x":0.0,"y":0.0,"z":64.0},{"x":0.0,"y":0.0,"z":-64.0}],"positionsFlipped":[]},{"name":"e9926edb","positions":[{"x":0.0,"y":0.0,"z":64.0},{"x":0.0,"y":0.0,"z":-64.0}],"positionsFlipped":[]},{"name":"33a2aa1d","positions":[{"x":0.0,"y":0.0,"z":64.0},{"x":0.0,"y":0.0,"z":-64.0}],"positionsFlipped":[{"x":0.0,"y":0.0,"z":64.0},{"x":0.0,"y":0.0,"z":-64.0}]},{"name":"493d8d74","positions":[{"x":0.0,"y":0.0,"z":64.0},{"x":0.0,"y":0.0,"z":-64.0}],"positionsFlipped":[{"x":0.0,"y":0.0,"z":64.0},{"x":0.0,"y":0.0,"z":-64.0}]},{"name":"c001e97","positions":[{"x":0.0,"y":0.0,"z":64.0},{"x":0.0,"y":0.0,"z":-64.0}],"positionsFlipped":[{"x":0.0,"y":0.0,"z":64.0},{"x":0.0,"y":0.0,"z":-64.0}]},{"name":"be1cfc78","positions":[{"x":0.0,"y":0.0,"z":64.0},{"x":0.0,"y":0.0,"z":-64.0}],"positionsFlipped":[{"x":0.0,"y":0.0,"z":64.0},{"x":0.0,"y":0.0,"z":-64.0}]},{"name":"58c0d55b","positions":[{"x":0.0,"y":0.0,"z":64.0},{"x":0.0,"y":0.0,"z":-64.0}],"positionsFlipped":[{"x":0.0,"y":0.0,"z":64.0},{"x":0.0,"y":0.0,"z":-64.0}]},{"name":"162d9171","positions":[{"x":0.0,"y":0.0,"z":64.0},{"x":0.0,"y":0.0,"z":-64.0}],"positionsFlipped":[{"x":0.0,"y":0.0,"z":64.0},{"x":0.0,"y":0.0,"z":-64.0}]},{"name":"8b38706e","positions":[{"x":0.0,"y":0.0,"z":64.0},{"x":0.0,"y":0.0,"z":-64.0}],"positionsFlipped":[]},{"name":"e07a7fc6","positions":[{"x":0.0,"y":0.0,"z":64.0},{"x":0.0,"y":0.0,"z":-64.0}],"positionsFlipped":[{"x":0.0,"y":0.0,"z":64.0},{"x":0.0,"y":0.0,"z":-64.0}]},{"name":"fdf4d0ea","positions":[{"x":0.0,"y":0.0,"z":96.0}],"positionsFlipped":[{"x":0.0,"y":0.0,"z":-96.0}]},{"name":"b54af744","positions":[{"x":0.0,"y":0.0,"z":96.0}],"positionsFlipped":[{"x":0.0,"y":0.0,"z":-96.0}]},{"name":"f03a761d","positions":[{"x":0.0,"y":0.0,"z":96.0}],"positionsFlipped":[{"x":0.0,"y":0.0,"z":-96.0}]},{"name":"9cf9bc9d","positions":[{"x":0.0,"y":0.0,"z":96.0},{"x":0.0,"y":0.0,"z":-96.0},{"x":0.0,"y":0.0,"z":64.0},{"x":0.0,"y":0.0,"z":-64.0},{"x":0.0,"y":0.0,"z":32.0},{"x":0.0,"y":0.0,"z":-32.0},{"x":0.0,"y":0.0,"z":0.0}],"positionsFlipped":[]},{"name":"ed334553","positions":[{"x":0.0,"y":0.0,"z":64.0},{"x":0.0,"y":0.0,"z":-64.0}],"positionsFlipped":[{"x":0.0,"y":0.0,"z":64.0},{"x":0.0,"y":0.0,"z":-64.0}]},{"name":"7f4186c7","positions":[{"x":16.0,"y":0.0,"z":-10.0},{"x":10.0,"y":0.0,"z":-10.0},{"x":-16.0,"y":0.0,"z":-10.0},{"x":-10.0,"y":0.0,"z":-10.0},{"x":16.0,"y":0.0,"z":22.0},{"x":10.0,"y":0.0,"z":22.0},{"x":-16.0,"y":0.0,"z":22.0},{"x":-10.0,"y":0.0,"z":22.0},{"x":16.0,"y":0.0,"z":38.0},{"x":10.0,"y":0.0,"z":38.0},{"x":-16.0,"y":0.0,"z":38.0},{"x":-10.0,"y":0.0,"z":38.0},{"x":16.0,"y":0.0,"z":86.0},{"x":10.0,"y":0.0,"z":86.0},{"x":-16.0,"y":0.0,"z":86.0},{"x":-10.0,"y":0.0,"z":86.0},{"x":16.0,"y":0.0,"z":-102.0},{"x":10.0,"y":0.0,"z":-102.0},{"x":-16.0,"y":0.0,"z":-102.0},{"x":-10.0,"y":0.0,"z":-102.0}],"positionsFlipped":[{"x":16.0,"y":0.0,"z":10.0},{"x":10.0,"y":0.0,"z":10.0},{"x":-16.0,"y":0.0,"z":10.0},{"x":-10.0,"y":0.0,"z":10.0},{"x":16.0,"y":0.0,"z":-22.0},{"x":10.0,"y":0.0,"z":-22.0},{"x":-16.0,"y":0.0,"z":-22.0},{"x":-10.0,"y":0.0,"z":-22.0},{"x":16.0,"y":0.0,"z":-38.0},{"x":10.0,"y":0.0,"z":-38.0},{"x":-16.0,"y":0.0,"z":-38.0},{"x":-10.0,"y":0.0,"z":-38.0},{"x":16.0,"y":0.0,"z":-86.0},{"x":10.0,"y":0.0,"z":-86.0},{"x":-16.0,"y":0.0,"z":-86.0},{"x":-10.0,"y":0.0,"z":-86.0},{"x":16.0,"y":0.0,"z":102.0},{"x":10.0,"y":0.0,"z":102.0},{"x":-16.0,"y":0.0,"z":102.0},{"x":-10.0,"y":0.0,"z":102.0}]},{"name":"4013ad12","positions":[{"x":16.0,"y":0.0,"z":-10.0},{"x":10.0,"y":0.0,"z":-10.0},{"x":-16.0,"y":0.0,"z":-10.0},{"x":-10.0,"y":0.0,"z":-10.0},{"x":16.0,"y":0.0,"z":22.0},{"x":10.0,"y":0.0,"z":22.0},{"x":-16.0,"y":0.0,"z":22.0},{"x":-10.0,"y":0.0,"z":22.0},{"x":16.0,"y":0.0,"z":38.0},{"x":10.0,"y":0.0,"z":38.0},{"x":-16.0,"y":0.0,"z":38.0},{"x":-10.0,"y":0.0,"z":38.0},{"x":16.0,"y":0.0,"z":86.0},{"x":10.0,"y":0.0,"z":86.0},{"x":-16.0,"y":0.0,"z":86.0},{"x":-10.0,"y":0.0,"z":86.0},{"x":16.0,"y":0.0,"z":-102.0},{"x":10.0,"y":0.0,"z":-102.0},{"x":-16.0,"y":0.0,"z":-102.0},{"x":-10.0,"y":0.0,"z":-102.0}],"positionsFlipped":[{"x":16.0,"y":0.0,"z":10.0},{"x":10.0,"y":0.0,"z":10.0},{"x":-16.0,"y":0.0,"z":10.0},{"x":-10.0,"y":0.0,"z":10.0},{"x":16.0,"y":0.0,"z":-22.0},{"x":10.0,"y":0.0,"z":-22.0},{"x":-16.0,"y":0.0,"z":-22.0},{"x":-10.0,"y":0.0,"z":-22.0},{"x":16.0,"y":0.0,"z":-38.0},{"x":10.0,"y":0.0,"z":-38.0},{"x":-16.0,"y":0.0,"z":-38.0},{"x":-10.0,"y":0.0,"z":-38.0},{"x":16.0,"y":0.0,"z":-86.0},{"x":10.0,"y":0.0,"z":-86.0},{"x":-16.0,"y":0.0,"z":-86.0},{"x":-10.0,"y":0.0,"z":-86.0},{"x":16.0,"y":0.0,"z":102.0},{"x":10.0,"y":0.0,"z":102.0},{"x":-16.0,"y":0.0,"z":102.0},{"x":-10.0,"y":0.0,"z":102.0}]}]}