{"positionDefinitions":[{"name":"5dc481f9","positions":[{"x":0.0,"y":0.0,"z":0.0}],"positionsFlipped":[]},{"name":"b170a115","positions":[{"x":0.0,"y":0.0,"z":0.0}],"positionsFlipped":[]},{"name":"5f41aba5","positions":[{"x":0.0,"y":0.0,"z":0.0}],"positionsFlipped":[]},{"name":"55be7deb","positions":[{"x":0.0,"y":0.0,"z":0.0}],"positionsFlipped":[{"x":0.0,"y":0.0,"z":0.0}]},{"name":"a5560990","positions":[{"x":0.0,"y":0.0,"z":0.0}],"positionsFlipped":[{"x":0.0,"y":0.0,"z":0.0}]},{"name":"824da548","positions":[{"x":0.0,"y":0.0,"z":0.0}],"positionsFlipped":[{"x":0.0,"y":0.0,"z":0.0}]},{"name":"1f23d06d","positions":[{"x":0.0,"y":0.0,"z":0.0}],"positionsFlipped":[{"x":0.0,"y":0.0,"z":0.0}]},{"name":"8c111489","positions":[{"x":0.0,"y":0.0,"z":0.0}],"positionsFlipped":[{"x":0.0,"y":0.0,"z":0.0}]},{"name":"46f023bd","positions":[{"x":0.0,"y":0.0,"z":0.0}],"positionsFlipped":[{"x":0.0,"y":0.0,"z":0.0}]},{"name":"b4fa4369","positions":[{"x":0.0,"y":0.0,"z":0.0}],"positionsFlipped":[{"x":0.0,"y":0.0,"z":0.0}]},{"name":"a681a853","positions":[{"x":0.0,"y":0.0,"z":0.0}],"positionsFlipped":[{"x":0.0,"y":0.0,"z":0.0}]},{"name":"3a184485","positions":[{"x":0.0,"y":0.0,"z":0.0}],"positionsFlipped":[{"x":0.0,"y":0.0,"z":0.0}]},{"name":"f9f30c7e","positions":[{"x":0.0,"y":0.0,"z":0.0}],"positionsFlipped":[{"x":0.0,"y":0.0,"z":0.0}]},{"name":"9d56a1ac","positions":[{"x":0.0,"y":0.0,"z":0.0}],"positionsFlipped":[{"x":0.0,"y":0.0,"z":0.0}]},{"name":"a7332846","positions":[{"x":0.0,"y":0.0,"z":32.0},{"x":0.0,"y":0.0,"z":-32.0},{"x":0.0,"y":0.0,"z":64.0},{"x":0.0,"y":0.0,"z":-64.0},{"x":0.0,"y":0.0,"z":96.0},{"x":0.0,"y":0.0,"z":-96.0}],"positionsFlipped":[]},{"name":"bc4e44cd","positions":[{"x":0.0,"y":0.0,"z":32.0},{"x":0.0,"y":0.0,"z":-32.0},{"x":0.0,"y":0.0,"z":64.0},{"x":0.0,"y":0.0,"z":-64.0},{"x":0.0,"y":0.0,"z":96.0},{"x":0.0,"y":0.0,"z":-96.0}],"positionsFlipped":[{"x":0.0,"y":0.0,"z":32.0},{"x":0.0,"y":0.0,"z":-32.0},{"x":0.0,"y":0.0,"z":64.0},{"x":0.0,"y":0.0,"z":-64.0},{"x":0.0,"y":0.0,"z":96.0},{"x":0.0,"y":0.0,"z":-96.0}]},{"name":"2d204e82","positions":[{"x":0.0,"y":0.0,"z":0.0},{"x":0.0,"y":0.0,"z":32.0},{"x":0.0,"y":0.0,"z":-32.0},{"x":0.0,"y":0.0,"z":64.0},{"x":0.0,"y":0.0,"z":-64.0},{"x":0.0,"y":0.0,"z":96.0},{"x":0.0,"y":0.0,"z":-96.0},{"x":0.0,"y":0.0,"z":-128.0}],"positionsFlipped":[]},{"name":"119b60b3","positions":[{"x":0.0,"y":0.0,"z":32.0},{"x":0.0,"y":0.0,"z":-32.0},{"x":0.0,"y":0.0,"z":64.0},{"x":0.0,"y":0.0,"z":-64.0},{"x":0.0,"y":0.0,"z":96.0},{"x":0.0,"y":0.0,"z":-96.0}],"positionsFlipped":[{"x":0.0,"y":0.0,"z":32.0},{"x":0.0,"y":0.0,"z":-32.0},{"x":0.0,"y":0.0,"z":64.0},{"x":0.0,"y":0.0,"z":-64.0},{"x":0.0,"y":0.0,"z":96.0},{"x":0.0,"y":0.0,"z":-96.0}]},{"name":"80ceedbb","positions":[{"x":0.0,"y":0.0,"z":32.0},{"x":0.0,"y":0.0,"z":-32.0},{"x":0.0,"y":0.0,"z":64.0},{"x":0.0,"y":0.0,"z":-64.0},{"x":0.0,"y":0.0,"z":96.0},{"x":0.0,"y":0.0,"z":-96.0}],"positionsFlipped":[{"x":0.0,"y":0.0,"z":32.0},{"x":0.0,"y":0.0,"z":-32.0},{"x":0.0,"y":0.0,"z":64.0},{"x":0.0,"y":0.0,"z":-64.0},{"x":0.0,"y":0.0,"z":96.0},{"x":0.0,"y":0.0,"z":-96.0}]},{"name":"2775b004","positions":[{"x":0.0,"y":0.0,"z":64.0},{"x":0.0,"y":0.0,"z":-64.0}],"positionsFlipped":[{"x":0.0,"y":0.0,"z":64.0},{"x":0.0,"y":0.0,"z":-64.0}]},{"name":"e200b8ec","positions":[{"x":0.0,"y":0.0,"z":64.0},{"x":0.0,"y":0.0,"z":-64.0}],"positionsFlipped":[]},{"name":"ed1fd563","positions":[{"x":0.0,"y":0.0,"z":64.0},{"x":0.0,"y":0.0,"z":-64.0}],"positionsFlipped":[{"x":0.0,"y":0.0,"z":64.0},{"x":0.0,"y":0.0,"z":-64.0}]},{"name":"d511ca0d","positions":[{"x":0.0,"y":0.0,"z":64.0},{"x":0.0,"y":0.0,"z":-64.0}],"positionsFlipped":[{"x":0.0,"y":0.0,"z":64.0},{"x":0.0,"y":0.0,"z":-64.0}]},{"name":"55917be6","positions":[{"x":0.0,"y":0.0,"z":64.0},{"x":0.0,"y":0.0,"z":-64.0}],"positionsFlipped":[{"x":0.0,"y":0.0,"z":64.0},{"x":0.0,"y":0.0,"z":-64.0}]},{"name":"5be4f34e","positions":[],"positionsFlipped":[{"x":0.0,"y":0.0,"z":-128.0}]},{"name":"3a72a52","positions":[],"positionsFlipped":[{"x":0.0,"y":0.0,"z":-128.0}]},{"name":"1505435f","positions":[],"positionsFlipped":[{"x":0.0,"y":0.0,"z":-128.0}]},{"name":"643149ae","positions":[],"positionsFlipped":[{"x":0.0,"y":0.0,"z":-128.0}]},{"name":"9f17e03b","positions":[{"x":18.0,"y":0.0,"z":20.0},{"x":12.0,"y":0.0,"z":20.0},{"x":-18.0,"y":0.0,"z":20.0},{"x":-12.0,"y":0.0,"z":20.0},{"x":18.0,"y":0.0,"z":52.0},{"x":12.0,"y":0.0,"z":52.0},{"x":-18.0,"y":0.0,"z":52.0},{"x":-12.0,"y":0.0,"z":52.0},{"x":18.0,"y":0.0,"z":84.0},{"x":12.0,"y":0.0,"z":84.0},{"x":-18.0,"y":0.0,"z":84.0},{"x":-12.0,"y":0.0,"z":84.0},{"x":18.0,"y":0.0,"z":-44.0},{"x":12.0,"y":0.0,"z":-44.0},{"x":-18.0,"y":0.0,"z":-44.0},{"x":-12.0,"y":0.0,"z":-44.0},{"x":18.0,"y":0.0,"z":-76.0},{"x":12.0,"y":0.0,"z":-76.0},{"x":-18.0,"y":0.0,"z":-76.0},{"x":-12.0,"y":0.0,"z":-76.0},{"x":18.0,"y":0.0,"z":-108.0},{"x":12.0,"y":0.0,"z":-108.0},{"x":-18.0,"y":0.0,"z":-108.0},{"x":-12.0,"y":0.0,"z":-108.0},{"x":18.0,"y":0.0,"z":-137.0},{"x":12.0,"y":0.0,"z":-137.0},{"x":-18.0,"y":0.0,"z":-137.0},{"x":-12.0,"y":0.0,"z":-137.0}],"positionsFlipped":[{"x":18.0,"y":0.0,"z":-20.0},{"x":12.0,"y":0.0,"z":-20.0},{"x":-18.0,"y":0.0,"z":-20.0},{"x":-12.0,"y":0.0,"z":-20.0},{"x":18.0,"y":0.0,"z":-52.0},{"x":12.0,"y":0.0,"z":-52.0},{"x":-18.0,"y":0.0,"z":-52.0},{"x":-12.0,"y":0.0,"z":-52.0},{"x":18.0,"y":0.0,"z":-84.0},{"x":12.0,"y":0.0,"z":-84.0},{"x":-18.0,"y":0.0,"z":-84.0},{"x":-12.0,"y":0.0,"z":-84.0},{"x":18.0,"y":0.0,"z":-116.0},{"x":12.0,"y":0.0,"z":-116.0},{"x":-18.0,"y":0.0,"z":-116.0},{"x":-12.0,"y":0.0,"z":-116.0},{"x":18.0,"y":0.0,"z":44.0},{"x":12.0,"y":0.0,"z":44.0},{"x":-18.0,"y":0.0,"z":44.0},{"x":-12.0,"y":0.0,"z":44.0},{"x":18.0,"y":0.0,"z":76.0},{"x":12.0,"y":0.0,"z":76.0},{"x":-18.0,"y":0.0,"z":76.0},{"x":-12.0,"y":0.0,"z":76.0},{"x":18.0,"y":0.0,"z":108.0},{"x":12.0,"y":0.0,"z":108.0},{"x":-18.0,"y":0.0,"z":108.0},{"x":-12.0,"y":0.0,"z":108.0}]},{"name":"483a4430","positions":[{"x":18.0,"y":0.0,"z":20.0},{"x":12.0,"y":0.0,"z":20.0},{"x":-18.0,"y":0.0,"z":20.0},{"x":-12.0,"y":0.0,"z":20.0},{"x":18.0,"y":0.0,"z":52.0},{"x":12.0,"y":0.0,"z":52.0},{"x":-18.0,"y":0.0,"z":52.0},{"x":-12.0,"y":0.0,"z":52.0},{"x":18.0,"y":0.0,"z":84.0},{"x":12.0,"y":0.0,"z":84.0},{"x":-18.0,"y":0.0,"z":84.0},{"x":-12.0,"y":0.0,"z":84.0},{"x":18.0,"y":0.0,"z":-44.0},{"x":12.0,"y":0.0,"z":-44.0},{"x":-18.0,"y":0.0,"z":-44.0},{"x":-12.0,"y":0.0,"z":-44.0},{"x":18.0,"y":0.0,"z":-76.0},{"x":12.0,"y":0.0,"z":-76.0},{"x":-18.0,"y":0.0,"z":-76.0},{"x":-12.0,"y":0.0,"z":-76.0},{"x":18.0,"y":0.0,"z":-108.0},{"x":12.0,"y":0.0,"z":-108.0},{"x":-18.0,"y":0.0,"z":-108.0},{"x":-12.0,"y":0.0,"z":-108.0},{"x":18.0,"y":0.0,"z":-137.0},{"x":12.0,"y":0.0,"z":-137.0},{"x":-18.0,"y":0.0,"z":-137.0},{"x":-12.0,"y":0.0,"z":-137.0}],"positionsFlipped":[{"x":18.0,"y":0.0,"z":-20.0},{"x":12.0,"y":0.0,"z":-20.0},{"x":-18.0,"y":0.0,"z":-20.0},{"x":-12.0,"y":0.0,"z":-20.0},{"x":18.0,"y":0.0,"z":-52.0},{"x":12.0,"y":0.0,"z":-52.0},{"x":-18.0,"y":0.0,"z":-52.0},{"x":-12.0,"y":0.0,"z":-52.0},{"x":18.0,"y":0.0,"z":-84.0},{"x":12.0,"y":0.0,"z":-84.0},{"x":-18.0,"y":0.0,"z":-84.0},{"x":-12.0,"y":0.0,"z":-84.0},{"x":18.0,"y":0.0,"z":-116.0},{"x":12.0,"y":0.0,"z":-116.0},{"x":-18.0,"y":0.0,"z":-116.0},{"x":-12.0,"y":0.0,"z":-116.0},{"x":18.0,"y":0.0,"z":44.0},{"x":12.0,"y":0.0,"z":44.0},{"x":-18.0,"y":0.0,"z":44.0},{"x":-12.0,"y":0.0,"z":44.0},{"x":18.0,"y":0.0,"z":76.0},{"x":12.0,"y":0.0,"z":76.0},{"x":-18.0,"y":0.0,"z":76.0},{"x":-12.0,"y":0.0,"z":76.0},{"x":18.0,"y":0.0,"z":108.0},{"x":12.0,"y":0.0,"z":108.0},{"x":-18.0,"y":0.0,"z":108.0},{"x":-12.0,"y":0.0,"z":108.0}]},{"name":"cc2d530b","positions":[],"positionsFlipped":[{"x":0.0,"y":0.0,"z":136.0}]},{"name":"1ddf283c","positions":[],"positionsFlipped":[{"x":0.0,"y":0.0,"z":136.0}]},{"name":"5e0c0361","positions":[],"positionsFlipped":[{"x":0.0,"y":0.0,"z":136.0}]},{"name":"9bad94c6","positions":[],"positionsFlipped":[{"x":0.0,"y":0.0,"z":136.0}]},{"name":"39c15765","positions":[],"positionsFlipped":[{"x":0.0,"y":0.0,"z":136.0}]},{"name":"c0adfd38","positions":[],"positionsFlipped":[{"x":0.0,"y":0.0,"z":136.0}]},{"name":"6ba317bc","positions":[],"positionsFlipped":[{"x":0.0,"y":0.0,"z":136.0}]},{"name":"8f5cd633","positions":[],"positionsFlipped":[{"x":0.0,"y":0.0,"z":136.0}]},{"name":"6f0e84a6","positions":[],"positionsFlipped":[{"x":0.0,"y":0.0,"z":136.0}]},{"name":"f64e6fc1","positions":[],"positionsFlipped":[{"x":0.0,"y":0.0,"z":136.0}]}]}