{"positionDefinitions":[{"name":"f49ad63b","positions":[{"x":0.0,"y":0.0,"z":0.0},{"x":0.0,"y":0.0,"z":64.0},{"x":0.0,"y":0.0,"z":-64.0}],"positionsFlipped":[]},{"name":"d03a8786","positions":[{"x":0.0,"y":0.0,"z":0.0},{"x":0.0,"y":0.0,"z":64.0},{"x":0.0,"y":0.0,"z":-64.0}],"positionsFlipped":[]},{"name":"b103ba56","positions":[{"x":0.0,"y":0.0,"z":0.0},{"x":0.0,"y":0.0,"z":64.0},{"x":0.0,"y":0.0,"z":-64.0}],"positionsFlipped":[]},{"name":"aac5d321","positions":[{"x":0.0,"y":0.0,"z":0.0},{"x":0.0,"y":0.0,"z":64.0},{"x":0.0,"y":0.0,"z":-64.0}],"positionsFlipped":[{"x":0.0,"y":0.0,"z":0.0},{"x":0.0,"y":0.0,"z":64.0},{"x":0.0,"y":0.0,"z":-64.0}]},{"name":"6dcc5248","positions":[{"x":0.0,"y":0.0,"z":0.0},{"x":0.0,"y":0.0,"z":64.0},{"x":0.0,"y":0.0,"z":-64.0}],"positionsFlipped":[{"x":0.0,"y":0.0,"z":0.0},{"x":0.0,"y":0.0,"z":64.0},{"x":0.0,"y":0.0,"z":-64.0}]},{"name":"d275e443","positions":[{"x":0.0,"y":0.0,"z":0.0},{"x":0.0,"y":0.0,"z":64.0},{"x":0.0,"y":0.0,"z":-64.0}],"positionsFlipped":[{"x":0.0,"y":0.0,"z":0.0},{"x":0.0,"y":0.0,"z":64.0},{"x":0.0,"y":0.0,"z":-64.0}]},{"name":"20f1f632","positions":[{"x":0.0,"y":0.0,"z":0.0},{"x":0.0,"y":0.0,"z":64.0},{"x":0.0,"y":0.0,"z":-64.0}],"positionsFlipped":[{"x":0.0,"y":0.0,"z":0.0},{"x":0.0,"y":0.0,"z":64.0},{"x":0.0,"y":0.0,"z":-64.0}]},{"name":"28a603a5","positions":[{"x":0.0,"y":0.0,"z":0.0},{"x":0.0,"y":0.0,"z":64.0},{"x":0.0,"y":0.0,"z":-64.0}],"positionsFlipped":[{"x":0.0,"y":0.0,"z":0.0},{"x":0.0,"y":0.0,"z":64.0},{"x":0.0,"y":0.0,"z":-64.0}]},{"name":"e996a7df","positions":[{"x":0.0,"y":0.0,"z":0.0},{"x":0.0,"y":0.0,"z":64.0},{"x":0.0,"y":0.0,"z":-64.0}],"positionsFlipped":[{"x":0.0,"y":0.0,"z":0.0},{"x":0.0,"y":0.0,"z":64.0},{"x":0.0,"y":0.0,"z":-64.0}]},{"name":"419548e9","positions":[{"x":0.0,"y":0.0,"z":0.0},{"x":0.0,"y":0.0,"z":64.0},{"x":0.0,"y":0.0,"z":-64.0}],"positionsFlipped":[{"x":0.0,"y":0.0,"z":0.0},{"x":0.0,"y":0.0,"z":64.0},{"x":0.0,"y":0.0,"z":-64.0}]},{"name":"762c4e88","positions":[{"x":0.0,"y":0.0,"z":0.0},{"x":0.0,"y":0.0,"z":64.0},{"x":0.0,"y":0.0,"z":-64.0}],"positionsFlipped":[{"x":0.0,"y":0.0,"z":0.0},{"x":0.0,"y":0.0,"z":64.0},{"x":0.0,"y":0.0,"z":-64.0}]},{"name":"3bcbc746","positions":[{"x":0.0,"y":0.0,"z":32.0},{"x":0.0,"y":0.0,"z":-32.0}],"positionsFlipped":[]},{"name":"af8c2e28","positions":[{"x":0.0,"y":0.0,"z":32.0},{"x":0.0,"y":0.0,"z":-32.0}],"positionsFlipped":[]},{"name":"de05754b","positions":[{"x":0.0,"y":0.0,"z":32.0},{"x":0.0,"y":0.0,"z":-32.0}],"positionsFlipped":[]},{"name":"37b395a","positions":[{"x":0.0,"y":0.0,"z":0.0},{"x":0.0,"y":0.0,"z":32.0},{"x":0.0,"y":0.0,"z":-32.0},{"x":0.0,"y":0.0,"z":64.0},{"x":0.0,"y":0.0,"z":-64.0}],"positionsFlipped":[]},{"name":"696a8948","positions":[{"x":0.0,"y":0.0,"z":32.0},{"x":0.0,"y":0.0,"z":-32.0}],"positionsFlipped":[{"x":0.0,"y":0.0,"z":32.0},{"x":0.0,"y":0.0,"z":-32.0}]},{"name":"a237dac6","positions":[{"x":0.0,"y":0.0,"z":96.0}],"positionsFlipped":[]},{"name":"3127fdba","positions":[{"x":0.0,"y":0.0,"z":96.0}],"positionsFlipped":[]},{"name":"9e868835","positions":[{"x":0.0,"y":0.0,"z":96.0}],"positionsFlipped":[]},{"name":"60e5e3b3","positions":[{"x":18.0,"y":-2.0,"z":20.0},{"x":12.0,"y":-2.0,"z":20.0},{"x":-18.0,"y":-2.0,"z":20.0},{"x":-12.0,"y":-2.0,"z":20.0},{"x":18.0,"y":-2.0,"z":-44.0},{"x":12.0,"y":-2.0,"z":-44.0},{"x":-18.0,"y":-2.0,"z":-44.0},{"x":-12.0,"y":-2.0,"z":-44.0},{"x":18.0,"y":-2.0,"z":84.0},{"x":12.0,"y":-2.0,"z":84.0},{"x":-18.0,"y":-2.0,"z":84.0},{"x":-12.0,"y":-2.0,"z":84.0}],"positionsFlipped":[{"x":18.0,"y":-2.0,"z":-20.0},{"x":12.0,"y":-2.0,"z":-20.0},{"x":-18.0,"y":-2.0,"z":-20.0},{"x":-12.0,"y":-2.0,"z":-20.0},{"x":18.0,"y":-2.0,"z":44.0},{"x":12.0,"y":-2.0,"z":44.0},{"x":-18.0,"y":-2.0,"z":44.0},{"x":-12.0,"y":-2.0,"z":44.0}]},{"name":"d08b4912","positions":[{"x":18.0,"y":-2.0,"z":20.0},{"x":12.0,"y":-2.0,"z":20.0},{"x":-18.0,"y":-2.0,"z":20.0},{"x":-12.0,"y":-2.0,"z":20.0},{"x":18.0,"y":-2.0,"z":-44.0},{"x":12.0,"y":-2.0,"z":-44.0},{"x":-18.0,"y":-2.0,"z":-44.0},{"x":-12.0,"y":-2.0,"z":-44.0},{"x":18.0,"y":-2.0,"z":84.0},{"x":12.0,"y":-2.0,"z":84.0},{"x":-18.0,"y":-2.0,"z":84.0},{"x":-12.0,"y":-2.0,"z":84.0}],"positionsFlipped":[{"x":18.0,"y":-2.0,"z":-20.0},{"x":12.0,"y":-2.0,"z":-20.0},{"x":-18.0,"y":-2.0,"z":-20.0},{"x":-12.0,"y":-2.0,"z":-20.0},{"x":18.0,"y":-2.0,"z":44.0},{"x":12.0,"y":-2.0,"z":44.0},{"x":-18.0,"y":-2.0,"z":44.0},{"x":-12.0,"y":-2.0,"z":44.0}]},{"name":"8477a728","positions":[{"x":0.0,"y":0.0,"z":-104.0}],"positionsFlipped":[]},{"name":"b93a4fcf","positions":[{"x":0.0,"y":0.0,"z":-104.0}],"positionsFlipped":[]},{"name":"4f0039bd","positions":[{"x":0.0,"y":0.0,"z":-104.0}],"positionsFlipped":[]},{"name":"64d4c9d","positions":[{"x":0.0,"y":0.0,"z":-104.0}],"positionsFlipped":[]},{"name":"520257cc","positions":[{"x":0.0,"y":0.0,"z":-104.0}],"positionsFlipped":[]},{"name":"8062fc42","positions":[{"x":0.0,"y":0.0,"z":-104.0}],"positionsFlipped":[]},{"name":"4e07eb27","positions":[{"x":0.0,"y":0.0,"z":-112.0}],"positionsFlipped":[]}]}