{"positionDefinitions":[{"name":"18adec96","positions":[{"x":0.0,"y":0.0,"z":16.0},{"x":0.0,"y":0.0,"z":-16.0},{"x":0.0,"y":0.0,"z":48.0},{"x":0.0,"y":0.0,"z":-48.0},{"x":0.0,"y":0.0,"z":80.0},{"x":0.0,"y":0.0,"z":-80.0}],"positionsFlipped":[]},{"name":"3b30680","positions":[{"x":0.0,"y":0.0,"z":16.0},{"x":0.0,"y":0.0,"z":-16.0},{"x":0.0,"y":0.0,"z":48.0},{"x":0.0,"y":0.0,"z":-48.0},{"x":0.0,"y":0.0,"z":80.0},{"x":0.0,"y":0.0,"z":-80.0}],"positionsFlipped":[]},{"name":"346e486f","positions":[{"x":0.0,"y":0.0,"z":16.0},{"x":0.0,"y":0.0,"z":-16.0},{"x":0.0,"y":0.0,"z":48.0},{"x":0.0,"y":0.0,"z":-48.0},{"x":0.0,"y":0.0,"z":80.0},{"x":0.0,"y":0.0,"z":-80.0}],"positionsFlipped":[]},{"name":"2ef69d13","positions":[{"x":0.0,"y":0.0,"z":16.0},{"x":0.0,"y":0.0,"z":-16.0},{"x":0.0,"y":0.0,"z":48.0},{"x":0.0,"y":0.0,"z":-48.0},{"x":0.0,"y":0.0,"z":80.0},{"x":0.0,"y":0.0,"z":-80.0}],"positionsFlipped":[]},{"name":"e6531e7a","positions":[{"x":0.0,"y":0.0,"z":136.0}],"positionsFlipped":[{"x":0.0,"y":0.0,"z":-136.0}]},{"name":"2d3d9869","positions":[{"x":0.0,"y":0.0,"z":136.0}],"positionsFlipped":[{"x":0.0,"y":0.0,"z":-136.0}]},{"name":"eade3c0","positions":[{"x":0.0,"y":0.0,"z":136.0}],"positionsFlipped":[{"x":0.0,"y":0.0,"z":-136.0}]},{"name":"38d9a8cb","positions":[{"x":0.0,"y":0.0,"z":136.0}],"positionsFlipped":[{"x":0.0,"y":0.0,"z":-136.0}]},{"name":"ee07a890","positions":[{"x":0.0,"y":0.0,"z":136.0}],"positionsFlipped":[{"x":0.0,"y":0.0,"z":-136.0}]},{"name":"8f0d1417","positions":[{"x":0.0,"y":0.0,"z":136.0}],"positionsFlipped":[{"x":0.0,"y":0.0,"z":-136.0}]},{"name":"fb5e215c","positions":[{"x":0.0,"y":0.0,"z":136.0},{"x":0.0,"y":0.0,"z":-136.0}],"positionsFlipped":[{"x":0.0,"y":0.0,"z":136.0},{"x":0.0,"y":0.0,"z":-136.0}]},{"name":"1e65001b","positions":[{"x":0.0,"y":0.0,"z":136.0}],"positionsFlipped":[{"x":0.0,"y":0.0,"z":-136.0}]},{"name":"8b1c4e25","positions":[{"x":0.0,"y":0.0,"z":168.0}],"positionsFlipped":[{"x":0.0,"y":0.0,"z":-168.0}]},{"name":"7281eb69","positions":[{"x":0.0,"y":0.0,"z":-136.0}],"positionsFlipped":[{"x":0.0,"y":0.0,"z":136.0}]},{"name":"258a3b56","positions":[{"x":0.0,"y":0.0,"z":-104.0}],"positionsFlipped":[{"x":0.0,"y":0.0,"z":104.0}]},{"name":"e3eb8cae","positions":[{"x":0.0,"y":0.0,"z":0.0}],"positionsFlipped":[{"x":0.0,"y":0.0,"z":0.0}]},{"name":"be3d54a1","positions":[{"x":16.0,"y":0.0,"z":-28.0},{"x":10.0,"y":0.0,"z":-28.0},{"x":-16.0,"y":0.0,"z":-28.0},{"x":-10.0,"y":0.0,"z":-28.0},{"x":16.0,"y":0.0,"z":-60.0},{"x":10.0,"y":0.0,"z":-60.0},{"x":-16.0,"y":0.0,"z":-60.0},{"x":-10.0,"y":0.0,"z":-60.0},{"x":16.0,"y":0.0,"z":-92.0},{"x":10.0,"y":0.0,"z":-92.0},{"x":-16.0,"y":0.0,"z":-92.0},{"x":-10.0,"y":0.0,"z":-92.0}],"positionsFlipped":[{"x":16.0,"y":0.0,"z":-4.0},{"x":10.0,"y":0.0,"z":-4.0},{"x":-16.0,"y":0.0,"z":-4.0},{"x":-10.0,"y":0.0,"z":-4.0},{"x":16.0,"y":0.0,"z":-36.0},{"x":10.0,"y":0.0,"z":-36.0},{"x":-16.0,"y":0.0,"z":-36.0},{"x":-10.0,"y":0.0,"z":-36.0},{"x":16.0,"y":0.0,"z":-68.0},{"x":10.0,"y":0.0,"z":-68.0},{"x":-16.0,"y":0.0,"z":-68.0},{"x":-10.0,"y":0.0,"z":-68.0}]},{"name":"b4373dd","positions":[{"x":16.0,"y":0.0,"z":-28.0},{"x":10.0,"y":0.0,"z":-28.0},{"x":-16.0,"y":0.0,"z":-28.0},{"x":-10.0,"y":0.0,"z":-28.0},{"x":16.0,"y":0.0,"z":-60.0},{"x":10.0,"y":0.0,"z":-60.0},{"x":-16.0,"y":0.0,"z":-60.0},{"x":-10.0,"y":0.0,"z":-60.0},{"x":16.0,"y":0.0,"z":-92.0},{"x":10.0,"y":0.0,"z":-92.0},{"x":-16.0,"y":0.0,"z":-92.0},{"x":-10.0,"y":0.0,"z":-92.0}],"positionsFlipped":[{"x":16.0,"y":0.0,"z":-4.0},{"x":10.0,"y":0.0,"z":-4.0},{"x":-16.0,"y":0.0,"z":-4.0},{"x":-10.0,"y":0.0,"z":-4.0},{"x":16.0,"y":0.0,"z":-36.0},{"x":10.0,"y":0.0,"z":-36.0},{"x":-16.0,"y":0.0,"z":-36.0},{"x":-10.0,"y":0.0,"z":-36.0},{"x":16.0,"y":0.0,"z":-68.0},{"x":10.0,"y":0.0,"z":-68.0},{"x":-16.0,"y":0.0,"z":-68.0},{"x":-10.0,"y":0.0,"z":-68.0}]},{"name":"a318f969","positions":[{"x":0.0,"y":0.0,"z":-184.0}],"positionsFlipped":[{"x":0.0,"y":0.0,"z":184.0}]},{"name":"e4204d2a","positions":[{"x":0.0,"y":0.0,"z":-184.0}],"positionsFlipped":[{"x":0.0,"y":0.0,"z":184.0}]},{"name":"8979ed02","positions":[{"x":0.0,"y":0.0,"z":-184.0}],"positionsFlipped":[{"x":0.0,"y":0.0,"z":184.0}]},{"name":"7f854c55","positions":[{"x":0.0,"y":0.0,"z":-184.0}],"positionsFlipped":[{"x":0.0,"y":0.0,"z":184.0}]},{"name":"ea2681d5","positions":[{"x":0.0,"y":0.0,"z":48.0}],"positionsFlipped":[]},{"name":"fe4c4493","positions":[{"x":0.0,"y":0.0,"z":48.0}],"positionsFlipped":[]},{"name":"c1aa7b5a","positions":[{"x":0.0,"y":0.0,"z":-16.0},{"x":0.0,"y":0.0,"z":-48.0},{"x":0.0,"y":0.0,"z":-80.0}],"positionsFlipped":[]},{"name":"5e03cdcd","positions":[{"x":0.0,"y":0.0,"z":-120.0}],"positionsFlipped":[]}]}