{"positionDefinitions":[{"name":"b07c5ad8","positions":[{"x":0.0,"y":0.0,"z":0.0}],"positionsFlipped":[]},{"name":"1162c8dc","positions":[{"x":0.0,"y":0.0,"z":0.0}],"positionsFlipped":[]},{"name":"7b7dbc9","positions":[{"x":0.0,"y":0.0,"z":0.0}],"positionsFlipped":[]},{"name":"42f31970","positions":[{"x":0.0,"y":0.0,"z":0.0}],"positionsFlipped":[{"x":0.0,"y":0.0,"z":0.0}]},{"name":"5c68eca4","positions":[{"x":0.0,"y":0.0,"z":0.0}],"positionsFlipped":[{"x":0.0,"y":0.0,"z":0.0}]},{"name":"ae428a46","positions":[{"x":0.0,"y":0.0,"z":0.0}],"positionsFlipped":[{"x":0.0,"y":0.0,"z":0.0}]},{"name":"45d49e2e","positions":[{"x":0.0,"y":0.0,"z":0.0}],"positionsFlipped":[{"x":0.0,"y":0.0,"z":0.0}]},{"name":"bad87c6c","positions":[{"x":0.0,"y":0.0,"z":0.0}],"positionsFlipped":[{"x":0.0,"y":0.0,"z":0.0}]},{"name":"fd0a414e","positions":[{"x":0.0,"y":0.0,"z":0.0}],"positionsFlipped":[{"x":0.0,"y":0.0,"z":0.0}]},{"name":"129a697d","positions":[{"x":0.0,"y":0.0,"z":0.0}],"positionsFlipped":[{"x":0.0,"y":0.0,"z":0.0}]},{"name":"4502abef","positions":[{"x":0.0,"y":0.0,"z":0.0}],"positionsFlipped":[{"x":0.0,"y":0.0,"z":0.0}]},{"name":"41949248","positions":[{"x":0.0,"y":0.0,"z":0.0}],"positionsFlipped":[{"x":0.0,"y":0.0,"z":0.0}]},{"name":"ceefb4ed","positions":[{"x":0.0,"y":0.0,"z":0.0}],"positionsFlipped":[{"x":0.0,"y":0.0,"z":0.0}]},{"name":"c6bee88","positions":[{"x":0.0,"y":0.0,"z":0.0}],"positionsFlipped":[{"x":0.0,"y":0.0,"z":0.0}]},{"name":"d86585e6","positions":[{"x":0.0,"y":0.0,"z":32.0},{"x":0.0,"y":0.0,"z":-32.0},{"x":0.0,"y":0.0,"z":64.0},{"x":0.0,"y":0.0,"z":-64.0},{"x":0.0,"y":0.0,"z":96.0},{"x":0.0,"y":0.0,"z":-96.0}],"positionsFlipped":[]},{"name":"c6f44b4c","positions":[{"x":0.0,"y":0.0,"z":32.0},{"x":0.0,"y":0.0,"z":-32.0},{"x":0.0,"y":0.0,"z":64.0},{"x":0.0,"y":0.0,"z":-64.0},{"x":0.0,"y":0.0,"z":96.0},{"x":0.0,"y":0.0,"z":-96.0}],"positionsFlipped":[{"x":0.0,"y":0.0,"z":32.0},{"x":0.0,"y":0.0,"z":-32.0},{"x":0.0,"y":0.0,"z":64.0},{"x":0.0,"y":0.0,"z":-64.0},{"x":0.0,"y":0.0,"z":96.0},{"x":0.0,"y":0.0,"z":-96.0}]},{"name":"961dfbd1","positions":[{"x":0.0,"y":0.0,"z":0.0},{"x":0.0,"y":0.0,"z":32.0},{"x":0.0,"y":0.0,"z":-32.0},{"x":0.0,"y":0.0,"z":64.0},{"x":0.0,"y":0.0,"z":-64.0},{"x":0.0,"y":0.0,"z":96.0},{"x":0.0,"y":0.0,"z":-96.0},{"x":0.0,"y":0.0,"z":-128.0},{"x":0.0,"y":0.0,"z":128.0}],"positionsFlipped":[]},{"name":"8fc21321","positions":[{"x":0.0,"y":0.0,"z":32.0},{"x":0.0,"y":0.0,"z":-32.0},{"x":0.0,"y":0.0,"z":64.0},{"x":0.0,"y":0.0,"z":-64.0},{"x":0.0,"y":0.0,"z":96.0},{"x":0.0,"y":0.0,"z":-96.0}],"positionsFlipped":[{"x":0.0,"y":0.0,"z":32.0},{"x":0.0,"y":0.0,"z":-32.0},{"x":0.0,"y":0.0,"z":64.0},{"x":0.0,"y":0.0,"z":-64.0},{"x":0.0,"y":0.0,"z":96.0},{"x":0.0,"y":0.0,"z":-96.0}]},{"name":"e2fa6ea3","positions":[{"x":0.0,"y":0.0,"z":32.0},{"x":0.0,"y":0.0,"z":-32.0},{"x":0.0,"y":0.0,"z":64.0},{"x":0.0,"y":0.0,"z":-64.0},{"x":0.0,"y":0.0,"z":96.0},{"x":0.0,"y":0.0,"z":-96.0}],"positionsFlipped":[{"x":0.0,"y":0.0,"z":32.0},{"x":0.0,"y":0.0,"z":-32.0},{"x":0.0,"y":0.0,"z":64.0},{"x":0.0,"y":0.0,"z":-64.0},{"x":0.0,"y":0.0,"z":96.0},{"x":0.0,"y":0.0,"z":-96.0}]},{"name":"f4fa792","positions":[{"x":0.0,"y":0.0,"z":64.0},{"x":0.0,"y":0.0,"z":-64.0}],"positionsFlipped":[{"x":0.0,"y":0.0,"z":64.0},{"x":0.0,"y":0.0,"z":-64.0}]},{"name":"ed5d8f2e","positions":[{"x":0.0,"y":0.0,"z":64.0},{"x":0.0,"y":0.0,"z":-64.0}],"positionsFlipped":[]},{"name":"7331f197","positions":[{"x":0.0,"y":0.0,"z":64.0},{"x":0.0,"y":0.0,"z":-64.0}],"positionsFlipped":[{"x":0.0,"y":0.0,"z":64.0},{"x":0.0,"y":0.0,"z":-64.0}]},{"name":"df15ca38","positions":[{"x":0.0,"y":0.0,"z":64.0},{"x":0.0,"y":0.0,"z":-64.0}],"positionsFlipped":[{"x":0.0,"y":0.0,"z":64.0},{"x":0.0,"y":0.0,"z":-64.0}]},{"name":"e85d35cb","positions":[{"x":0.0,"y":0.0,"z":64.0},{"x":0.0,"y":0.0,"z":-64.0}],"positionsFlipped":[{"x":0.0,"y":0.0,"z":64.0},{"x":0.0,"y":0.0,"z":-64.0}]},{"name":"80f8ca0","positions":[{"x":0.0,"y":0.0,"z":128.0}],"positionsFlipped":[{"x":0.0,"y":0.0,"z":-128.0}]},{"name":"cd77c3f3","positions":[{"x":0.0,"y":0.0,"z":128.0}],"positionsFlipped":[{"x":0.0,"y":0.0,"z":-128.0}]},{"name":"f141dbd9","positions":[{"x":0.0,"y":0.0,"z":128.0}],"positionsFlipped":[{"x":0.0,"y":0.0,"z":-128.0}]},{"name":"71bc936f","positions":[{"x":0.0,"y":0.0,"z":128.0}],"positionsFlipped":[{"x":0.0,"y":0.0,"z":-128.0}]},{"name":"7f04b64d","positions":[{"x":18.0,"y":0.0,"z":20.0},{"x":12.0,"y":0.0,"z":20.0},{"x":-18.0,"y":0.0,"z":20.0},{"x":-12.0,"y":0.0,"z":20.0},{"x":18.0,"y":0.0,"z":52.0},{"x":12.0,"y":0.0,"z":52.0},{"x":-18.0,"y":0.0,"z":52.0},{"x":-12.0,"y":0.0,"z":52.0},{"x":18.0,"y":0.0,"z":84.0},{"x":12.0,"y":0.0,"z":84.0},{"x":-18.0,"y":0.0,"z":84.0},{"x":-12.0,"y":0.0,"z":84.0},{"x":18.0,"y":0.0,"z":116.0},{"x":12.0,"y":0.0,"z":116.0},{"x":-18.0,"y":0.0,"z":116.0},{"x":-12.0,"y":0.0,"z":116.0},{"x":18.0,"y":0.0,"z":-44.0},{"x":12.0,"y":0.0,"z":-44.0},{"x":-18.0,"y":0.0,"z":-44.0},{"x":-12.0,"y":0.0,"z":-44.0},{"x":18.0,"y":0.0,"z":-76.0},{"x":12.0,"y":0.0,"z":-76.0},{"x":-18.0,"y":0.0,"z":-76.0},{"x":-12.0,"y":0.0,"z":-76.0},{"x":18.0,"y":0.0,"z":-108.0},{"x":12.0,"y":0.0,"z":-108.0},{"x":-18.0,"y":0.0,"z":-108.0},{"x":-12.0,"y":0.0,"z":-108.0},{"x":18.0,"y":0.0,"z":-137.0},{"x":12.0,"y":0.0,"z":-137.0},{"x":-18.0,"y":0.0,"z":-137.0},{"x":-12.0,"y":0.0,"z":-137.0}],"positionsFlipped":[{"x":18.0,"y":0.0,"z":-20.0},{"x":12.0,"y":0.0,"z":-20.0},{"x":-18.0,"y":0.0,"z":-20.0},{"x":-12.0,"y":0.0,"z":-20.0},{"x":18.0,"y":0.0,"z":-52.0},{"x":12.0,"y":0.0,"z":-52.0},{"x":-18.0,"y":0.0,"z":-52.0},{"x":-12.0,"y":0.0,"z":-52.0},{"x":18.0,"y":0.0,"z":-84.0},{"x":12.0,"y":0.0,"z":-84.0},{"x":-18.0,"y":0.0,"z":-84.0},{"x":-12.0,"y":0.0,"z":-84.0},{"x":18.0,"y":0.0,"z":-116.0},{"x":12.0,"y":0.0,"z":-116.0},{"x":-18.0,"y":0.0,"z":-116.0},{"x":-12.0,"y":0.0,"z":-116.0},{"x":18.0,"y":0.0,"z":44.0},{"x":12.0,"y":0.0,"z":44.0},{"x":-18.0,"y":0.0,"z":44.0},{"x":-12.0,"y":0.0,"z":44.0},{"x":18.0,"y":0.0,"z":76.0},{"x":12.0,"y":0.0,"z":76.0},{"x":-18.0,"y":0.0,"z":76.0},{"x":-12.0,"y":0.0,"z":76.0},{"x":18.0,"y":0.0,"z":108.0},{"x":12.0,"y":0.0,"z":108.0},{"x":-18.0,"y":0.0,"z":108.0},{"x":-12.0,"y":0.0,"z":108.0},{"x":18.0,"y":0.0,"z":137.0},{"x":12.0,"y":0.0,"z":137.0},{"x":-18.0,"y":0.0,"z":137.0},{"x":-12.0,"y":0.0,"z":137.0}]},{"name":"24fcb8eb","positions":[{"x":18.0,"y":0.0,"z":20.0},{"x":12.0,"y":0.0,"z":20.0},{"x":-18.0,"y":0.0,"z":20.0},{"x":-12.0,"y":0.0,"z":20.0},{"x":18.0,"y":0.0,"z":52.0},{"x":12.0,"y":0.0,"z":52.0},{"x":-18.0,"y":0.0,"z":52.0},{"x":-12.0,"y":0.0,"z":52.0},{"x":18.0,"y":0.0,"z":84.0},{"x":12.0,"y":0.0,"z":84.0},{"x":-18.0,"y":0.0,"z":84.0},{"x":-12.0,"y":0.0,"z":84.0},{"x":18.0,"y":0.0,"z":116.0},{"x":12.0,"y":0.0,"z":116.0},{"x":-18.0,"y":0.0,"z":116.0},{"x":-12.0,"y":0.0,"z":116.0},{"x":18.0,"y":0.0,"z":-44.0},{"x":12.0,"y":0.0,"z":-44.0},{"x":-18.0,"y":0.0,"z":-44.0},{"x":-12.0,"y":0.0,"z":-44.0},{"x":18.0,"y":0.0,"z":-76.0},{"x":12.0,"y":0.0,"z":-76.0},{"x":-18.0,"y":0.0,"z":-76.0},{"x":-12.0,"y":0.0,"z":-76.0},{"x":18.0,"y":0.0,"z":-108.0},{"x":12.0,"y":0.0,"z":-108.0},{"x":-18.0,"y":0.0,"z":-108.0},{"x":-12.0,"y":0.0,"z":-108.0},{"x":18.0,"y":0.0,"z":-137.0},{"x":12.0,"y":0.0,"z":-137.0},{"x":-18.0,"y":0.0,"z":-137.0},{"x":-12.0,"y":0.0,"z":-137.0}],"positionsFlipped":[{"x":18.0,"y":0.0,"z":-20.0},{"x":12.0,"y":0.0,"z":-20.0},{"x":-18.0,"y":0.0,"z":-20.0},{"x":-12.0,"y":0.0,"z":-20.0},{"x":18.0,"y":0.0,"z":-52.0},{"x":12.0,"y":0.0,"z":-52.0},{"x":-18.0,"y":0.0,"z":-52.0},{"x":-12.0,"y":0.0,"z":-52.0},{"x":18.0,"y":0.0,"z":-84.0},{"x":12.0,"y":0.0,"z":-84.0},{"x":-18.0,"y":0.0,"z":-84.0},{"x":-12.0,"y":0.0,"z":-84.0},{"x":18.0,"y":0.0,"z":-116.0},{"x":12.0,"y":0.0,"z":-116.0},{"x":-18.0,"y":0.0,"z":-116.0},{"x":-12.0,"y":0.0,"z":-116.0},{"x":18.0,"y":0.0,"z":44.0},{"x":12.0,"y":0.0,"z":44.0},{"x":-18.0,"y":0.0,"z":44.0},{"x":-12.0,"y":0.0,"z":44.0},{"x":18.0,"y":0.0,"z":76.0},{"x":12.0,"y":0.0,"z":76.0},{"x":-18.0,"y":0.0,"z":76.0},{"x":-12.0,"y":0.0,"z":76.0},{"x":18.0,"y":0.0,"z":108.0},{"x":12.0,"y":0.0,"z":108.0},{"x":-18.0,"y":0.0,"z":108.0},{"x":-12.0,"y":0.0,"z":108.0},{"x":18.0,"y":0.0,"z":137.0},{"x":12.0,"y":0.0,"z":137.0},{"x":-18.0,"y":0.0,"z":137.0},{"x":-12.0,"y":0.0,"z":137.0}]}]}