{"positionDefinitions":[{"name":"20a7bd76","positions":[{"x":0.0,"y":0.0,"z":0.0},{"x":0.0,"y":0.0,"z":64.0},{"x":0.0,"y":0.0,"z":-64.0}],"positionsFlipped":[]},{"name":"d3589b0e","positions":[{"x":0.0,"y":0.0,"z":0.0},{"x":0.0,"y":0.0,"z":64.0},{"x":0.0,"y":0.0,"z":-64.0}],"positionsFlipped":[]},{"name":"798fffeb","positions":[{"x":0.0,"y":0.0,"z":0.0},{"x":0.0,"y":0.0,"z":64.0},{"x":0.0,"y":0.0,"z":-64.0}],"positionsFlipped":[]},{"name":"67bb7752","positions":[{"x":0.0,"y":0.0,"z":0.0},{"x":0.0,"y":0.0,"z":64.0},{"x":0.0,"y":0.0,"z":-64.0}],"positionsFlipped":[{"x":0.0,"y":0.0,"z":0.0},{"x":0.0,"y":0.0,"z":64.0},{"x":0.0,"y":0.0,"z":-64.0}]},{"name":"eadc457d","positions":[{"x":0.0,"y":0.0,"z":0.0},{"x":0.0,"y":0.0,"z":64.0},{"x":0.0,"y":0.0,"z":-64.0}],"positionsFlipped":[{"x":0.0,"y":0.0,"z":0.0},{"x":0.0,"y":0.0,"z":64.0},{"x":0.0,"y":0.0,"z":-64.0}]},{"name":"c9d71055","positions":[{"x":0.0,"y":0.0,"z":0.0},{"x":0.0,"y":0.0,"z":64.0},{"x":0.0,"y":0.0,"z":-64.0}],"positionsFlipped":[{"x":0.0,"y":0.0,"z":0.0},{"x":0.0,"y":0.0,"z":64.0},{"x":0.0,"y":0.0,"z":-64.0}]},{"name":"ae5911ea","positions":[{"x":0.0,"y":0.0,"z":0.0},{"x":0.0,"y":0.0,"z":64.0},{"x":0.0,"y":0.0,"z":-64.0}],"positionsFlipped":[{"x":0.0,"y":0.0,"z":0.0},{"x":0.0,"y":0.0,"z":64.0},{"x":0.0,"y":0.0,"z":-64.0}]},{"name":"c5f3b997","positions":[{"x":0.0,"y":0.0,"z":0.0},{"x":0.0,"y":0.0,"z":64.0},{"x":0.0,"y":0.0,"z":-64.0}],"positionsFlipped":[{"x":0.0,"y":0.0,"z":0.0},{"x":0.0,"y":0.0,"z":64.0},{"x":0.0,"y":0.0,"z":-64.0}]},{"name":"7ca2a86e","positions":[{"x":0.0,"y":0.0,"z":0.0},{"x":0.0,"y":0.0,"z":64.0},{"x":0.0,"y":0.0,"z":-64.0}],"positionsFlipped":[{"x":0.0,"y":0.0,"z":0.0},{"x":0.0,"y":0.0,"z":64.0},{"x":0.0,"y":0.0,"z":-64.0}]},{"name":"5cd77c12","positions":[{"x":0.0,"y":0.0,"z":0.0},{"x":0.0,"y":0.0,"z":64.0},{"x":0.0,"y":0.0,"z":-64.0}],"positionsFlipped":[{"x":0.0,"y":0.0,"z":0.0},{"x":0.0,"y":0.0,"z":64.0},{"x":0.0,"y":0.0,"z":-64.0}]},{"name":"f9c327de","positions":[{"x":0.0,"y":0.0,"z":0.0},{"x":0.0,"y":0.0,"z":64.0},{"x":0.0,"y":0.0,"z":-64.0}],"positionsFlipped":[{"x":0.0,"y":0.0,"z":0.0},{"x":0.0,"y":0.0,"z":64.0},{"x":0.0,"y":0.0,"z":-64.0}]},{"name":"4f3c453","positions":[{"x":0.0,"y":0.0,"z":32.0},{"x":0.0,"y":0.0,"z":-32.0}],"positionsFlipped":[]},{"name":"a09c0bb3","positions":[{"x":0.0,"y":0.0,"z":32.0},{"x":0.0,"y":0.0,"z":-32.0}],"positionsFlipped":[]},{"name":"6792a833","positions":[{"x":0.0,"y":0.0,"z":32.0},{"x":0.0,"y":0.0,"z":-32.0}],"positionsFlipped":[]},{"name":"1baed0f6","positions":[{"x":0.0,"y":0.0,"z":0.0},{"x":0.0,"y":0.0,"z":32.0},{"x":0.0,"y":0.0,"z":-32.0},{"x":0.0,"y":0.0,"z":64.0},{"x":0.0,"y":0.0,"z":-64.0}],"positionsFlipped":[]},{"name":"e9f04b1","positions":[{"x":0.0,"y":0.0,"z":32.0},{"x":0.0,"y":0.0,"z":-32.0}],"positionsFlipped":[{"x":0.0,"y":0.0,"z":32.0},{"x":0.0,"y":0.0,"z":-32.0}]},{"name":"49b75705","positions":[],"positionsFlipped":[{"x":0.0,"y":0.0,"z":-96.0}]},{"name":"9e2291cb","positions":[],"positionsFlipped":[{"x":0.0,"y":0.0,"z":-96.0}]},{"name":"de2fe9fc","positions":[],"positionsFlipped":[{"x":0.0,"y":0.0,"z":-96.0}]},{"name":"d738255e","positions":[{"x":18.0,"y":-2.0,"z":20.0},{"x":12.0,"y":-2.0,"z":20.0},{"x":-18.0,"y":-2.0,"z":20.0},{"x":-12.0,"y":-2.0,"z":20.0},{"x":18.0,"y":-2.0,"z":-44.0},{"x":12.0,"y":-2.0,"z":-44.0},{"x":-18.0,"y":-2.0,"z":-44.0},{"x":-12.0,"y":-2.0,"z":-44.0}],"positionsFlipped":[{"x":18.0,"y":-2.0,"z":-20.0},{"x":12.0,"y":-2.0,"z":-20.0},{"x":-18.0,"y":-2.0,"z":-20.0},{"x":-12.0,"y":-2.0,"z":-20.0},{"x":18.0,"y":-2.0,"z":44.0},{"x":12.0,"y":-2.0,"z":44.0},{"x":-18.0,"y":-2.0,"z":44.0},{"x":-12.0,"y":-2.0,"z":44.0},{"x":18.0,"y":-2.0,"z":-84.0},{"x":12.0,"y":-2.0,"z":-84.0},{"x":-18.0,"y":-2.0,"z":-84.0},{"x":-12.0,"y":-2.0,"z":-84.0}]},{"name":"93e5b156","positions":[{"x":18.0,"y":-2.0,"z":20.0},{"x":12.0,"y":-2.0,"z":20.0},{"x":-18.0,"y":-2.0,"z":20.0},{"x":-12.0,"y":-2.0,"z":20.0},{"x":18.0,"y":-2.0,"z":-44.0},{"x":12.0,"y":-2.0,"z":-44.0},{"x":-18.0,"y":-2.0,"z":-44.0},{"x":-12.0,"y":-2.0,"z":-44.0}],"positionsFlipped":[{"x":18.0,"y":-2.0,"z":-20.0},{"x":12.0,"y":-2.0,"z":-20.0},{"x":-18.0,"y":-2.0,"z":-20.0},{"x":-12.0,"y":-2.0,"z":-20.0},{"x":18.0,"y":-2.0,"z":44.0},{"x":12.0,"y":-2.0,"z":44.0},{"x":-18.0,"y":-2.0,"z":44.0},{"x":-12.0,"y":-2.0,"z":44.0},{"x":18.0,"y":-2.0,"z":-84.0},{"x":12.0,"y":-2.0,"z":-84.0},{"x":-18.0,"y":-2.0,"z":-84.0},{"x":-12.0,"y":-2.0,"z":-84.0}]},{"name":"eaa0065b","positions":[],"positionsFlipped":[{"x":0.0,"y":0.0,"z":104.0}]},{"name":"b8382dfa","positions":[],"positionsFlipped":[{"x":0.0,"y":0.0,"z":104.0}]},{"name":"88a36840","positions":[],"positionsFlipped":[{"x":0.0,"y":0.0,"z":104.0}]},{"name":"a28924d9","positions":[],"positionsFlipped":[{"x":0.0,"y":0.0,"z":104.0}]},{"name":"a1d3566f","positions":[],"positionsFlipped":[{"x":0.0,"y":0.0,"z":104.0}]},{"name":"2ae9e810","positions":[],"positionsFlipped":[{"x":0.0,"y":0.0,"z":104.0}]},{"name":"5809ac23","positions":[],"positionsFlipped":[{"x":0.0,"y":0.0,"z":112.0}]}]}