{"positionDefinitions":[{"name":"fb2893dc","positions":[{"x":0.0,"y":0.0,"z":0.0},{"x":0.0,"y":0.0,"z":32.0},{"x":0.0,"y":0.0,"z":-32.0},{"x":0.0,"y":0.0,"z":64.0},{"x":0.0,"y":0.0,"z":-64.0}],"positionsFlipped":[]},{"name":"f399cd4b","positions":[{"x":0.0,"y":0.0,"z":0.0},{"x":0.0,"y":0.0,"z":32.0},{"x":0.0,"y":0.0,"z":-32.0},{"x":0.0,"y":0.0,"z":64.0},{"x":0.0,"y":0.0,"z":-64.0}],"positionsFlipped":[]},{"name":"7c98516b","positions":[{"x":0.0,"y":0.0,"z":0.0},{"x":0.0,"y":0.0,"z":32.0},{"x":0.0,"y":0.0,"z":-32.0},{"x":0.0,"y":0.0,"z":64.0},{"x":0.0,"y":0.0,"z":-64.0}],"positionsFlipped":[]},{"name":"b5a5612a","positions":[{"x":0.0,"y":0.0,"z":0.0},{"x":0.0,"y":0.0,"z":32.0},{"x":0.0,"y":0.0,"z":-32.0},{"x":0.0,"y":0.0,"z":64.0},{"x":0.0,"y":0.0,"z":-64.0},{"x":0.0,"y":0.0,"z":96.0},{"x":0.0,"y":0.0,"z":-96.0},{"x":0.0,"y":0.0,"z":128.0},{"x":0.0,"y":0.0,"z":-128.0}],"positionsFlipped":[]},{"name":"240353c5","positions":[{"x":0.0,"y":0.0,"z":0.0}],"positionsFlipped":[{"x":0.0,"y":0.0,"z":0.0}]},{"name":"3b804fd9","positions":[{"x":0.0,"y":0.0,"z":0.0}],"positionsFlipped":[{"x":0.0,"y":0.0,"z":0.0}]},{"name":"ccdc0c86","positions":[{"x":0.0,"y":0.0,"z":96.0},{"x":0.0,"y":0.0,"z":-96.0}],"positionsFlipped":[]},{"name":"21ed6e7c","positions":[{"x":0.0,"y":0.0,"z":96.0},{"x":0.0,"y":0.0,"z":-96.0}],"positionsFlipped":[]},{"name":"ff6214f6","positions":[{"x":0.0,"y":0.0,"z":96.0},{"x":0.0,"y":0.0,"z":-96.0}],"positionsFlipped":[]},{"name":"e4d99d0","positions":[{"x":0.0,"y":0.0,"z":96.0},{"x":0.0,"y":0.0,"z":-96.0}],"positionsFlipped":[{"x":0.0,"y":0.0,"z":96.0},{"x":0.0,"y":0.0,"z":-96.0}]},{"name":"4e75cc1e","positions":[{"x":0.0,"y":0.0,"z":96.0},{"x":0.0,"y":0.0,"z":-96.0}],"positionsFlipped":[{"x":0.0,"y":0.0,"z":96.0},{"x":0.0,"y":0.0,"z":-96.0}]},{"name":"b4e7cde3","positions":[{"x":0.0,"y":0.0,"z":96.0},{"x":0.0,"y":0.0,"z":-96.0}],"positionsFlipped":[{"x":0.0,"y":0.0,"z":96.0},{"x":0.0,"y":0.0,"z":-96.0}]},{"name":"65e14a63","positions":[{"x":0.0,"y":0.0,"z":96.0},{"x":0.0,"y":0.0,"z":-96.0}],"positionsFlipped":[{"x":0.0,"y":0.0,"z":96.0},{"x":0.0,"y":0.0,"z":-96.0}]},{"name":"864d5d9","positions":[{"x":0.0,"y":0.0,"z":96.0},{"x":0.0,"y":0.0,"z":-96.0}],"positionsFlipped":[{"x":0.0,"y":0.0,"z":96.0},{"x":0.0,"y":0.0,"z":-96.0}]},{"name":"97c66fd","positions":[{"x":0.0,"y":0.0,"z":0.0}],"positionsFlipped":[]},{"name":"89a9fa61","positions":[{"x":0.0,"y":0.0,"z":0.0}],"positionsFlipped":[{"x":0.0,"y":0.0,"z":0.0}]},{"name":"85d40ca1","positions":[{"x":0.0,"y":0.0,"z":0.0}],"positionsFlipped":[{"x":0.0,"y":0.0,"z":0.0}]},{"name":"1ff98b54","positions":[{"x":18.0,"y":0.0,"z":-12.0},{"x":12.0,"y":0.0,"z":-12.0},{"x":-18.0,"y":0.0,"z":-12.0},{"x":-12.0,"y":0.0,"z":-12.0},{"x":18.0,"y":0.0,"z":-44.0},{"x":12.0,"y":0.0,"z":-44.0},{"x":-18.0,"y":0.0,"z":-44.0},{"x":-12.0,"y":0.0,"z":-44.0},{"x":18.0,"y":0.0,"z":-76.0},{"x":12.0,"y":0.0,"z":-76.0},{"x":-18.0,"y":0.0,"z":-76.0},{"x":-12.0,"y":0.0,"z":-76.0},{"x":18.0,"y":0.0,"z":20.0},{"x":12.0,"y":0.0,"z":20.0},{"x":-18.0,"y":0.0,"z":20.0},{"x":-12.0,"y":0.0,"z":20.0},{"x":18.0,"y":0.0,"z":52.0},{"x":12.0,"y":0.0,"z":52.0},{"x":-18.0,"y":0.0,"z":52.0},{"x":-12.0,"y":0.0,"z":52.0}],"positionsFlipped":[{"x":18.0,"y":0.0,"z":12.0},{"x":12.0,"y":0.0,"z":12.0},{"x":-18.0,"y":0.0,"z":12.0},{"x":-12.0,"y":0.0,"z":12.0},{"x":18.0,"y":0.0,"z":44.0},{"x":12.0,"y":0.0,"z":44.0},{"x":-18.0,"y":0.0,"z":44.0},{"x":-12.0,"y":0.0,"z":44.0},{"x":18.0,"y":0.0,"z":76.0},{"x":12.0,"y":0.0,"z":76.0},{"x":-18.0,"y":0.0,"z":76.0},{"x":-12.0,"y":0.0,"z":76.0},{"x":18.0,"y":0.0,"z":-20.0},{"x":12.0,"y":0.0,"z":-20.0},{"x":-18.0,"y":0.0,"z":-20.0},{"x":-12.0,"y":0.0,"z":-20.0},{"x":18.0,"y":0.0,"z":-52.0},{"x":12.0,"y":0.0,"z":-52.0},{"x":-18.0,"y":0.0,"z":-52.0},{"x":-12.0,"y":0.0,"z":-52.0}]},{"name":"65794ca8","positions":[{"x":18.0,"y":0.0,"z":-12.0},{"x":12.0,"y":0.0,"z":-12.0},{"x":-18.0,"y":0.0,"z":-12.0},{"x":-12.0,"y":0.0,"z":-12.0},{"x":18.0,"y":0.0,"z":-44.0},{"x":12.0,"y":0.0,"z":-44.0},{"x":-18.0,"y":0.0,"z":-44.0},{"x":-12.0,"y":0.0,"z":-44.0},{"x":18.0,"y":0.0,"z":-76.0},{"x":12.0,"y":0.0,"z":-76.0},{"x":-18.0,"y":0.0,"z":-76.0},{"x":-12.0,"y":0.0,"z":-76.0},{"x":18.0,"y":0.0,"z":20.0},{"x":12.0,"y":0.0,"z":20.0},{"x":-18.0,"y":0.0,"z":20.0},{"x":-12.0,"y":0.0,"z":20.0},{"x":18.0,"y":0.0,"z":52.0},{"x":12.0,"y":0.0,"z":52.0},{"x":-18.0,"y":0.0,"z":52.0},{"x":-12.0,"y":0.0,"z":52.0}],"positionsFlipped":[{"x":18.0,"y":0.0,"z":12.0},{"x":12.0,"y":0.0,"z":12.0},{"x":-18.0,"y":0.0,"z":12.0},{"x":-12.0,"y":0.0,"z":12.0},{"x":18.0,"y":0.0,"z":44.0},{"x":12.0,"y":0.0,"z":44.0},{"x":-18.0,"y":0.0,"z":44.0},{"x":-12.0,"y":0.0,"z":44.0},{"x":18.0,"y":0.0,"z":76.0},{"x":12.0,"y":0.0,"z":76.0},{"x":-18.0,"y":0.0,"z":76.0},{"x":-12.0,"y":0.0,"z":76.0},{"x":18.0,"y":0.0,"z":-20.0},{"x":12.0,"y":0.0,"z":-20.0},{"x":-18.0,"y":0.0,"z":-20.0},{"x":-12.0,"y":0.0,"z":-20.0},{"x":18.0,"y":0.0,"z":-52.0},{"x":12.0,"y":0.0,"z":-52.0},{"x":-18.0,"y":0.0,"z":-52.0},{"x":-12.0,"y":0.0,"z":-52.0}]},{"name":"60752c26","positions":[],"positionsFlipped":[{"x":0.0,"y":0.0,"z":128.0}]},{"name":"b5cfb020","positions":[],"positionsFlipped":[{"x":0.0,"y":0.0,"z":128.0}]},{"name":"b4d67de","positions":[],"positionsFlipped":[{"x":0.0,"y":0.0,"z":128.0}]},{"name":"dbd379b0","positions":[{"x":-18.0,"y":0.0,"z":134.5},{"x":-18.0,"y":0.0,"z":119.5}],"positionsFlipped":[{"x":-18.0,"y":0.0,"z":134.5},{"x":-18.0,"y":0.0,"z":119.5}]},{"name":"b180b26c","positions":[{"x":-18.0,"y":0.0,"z":134.5},{"x":-18.0,"y":0.0,"z":119.5}],"positionsFlipped":[{"x":-18.0,"y":0.0,"z":134.5},{"x":-18.0,"y":0.0,"z":119.5}]},{"name":"ac54bb61","positions":[],"positionsFlipped":[{"x":0.0,"y":0.0,"z":-136.0}]},{"name":"a78ec6ac","positions":[],"positionsFlipped":[{"x":0.0,"y":0.0,"z":-136.0}]},{"name":"ee97ad35","positions":[],"positionsFlipped":[{"x":0.0,"y":0.0,"z":-136.0}]},{"name":"e1fec0c2","positions":[],"positionsFlipped":[{"x":0.0,"y":0.0,"z":-136.0}]},{"name":"1b503a91","positions":[],"positionsFlipped":[{"x":0.0,"y":0.0,"z":-136.0}]},{"name":"6f1c385f","positions":[{"x":0.0,"y":0.0,"z":100.0}],"positionsFlipped":[]},{"name":"12fb0ee8","positions":[{"x":0.0,"y":0.0,"z":-152.0}],"positionsFlipped":[]},{"name":"a98dc7c3","positions":[],"positionsFlipped":[{"x":0.0,"y":0.0,"z":-136.0}]}]}