{
	"parts": [
	{
			"names": [
				"end_exterior"
			],
			"positionDefinitions": [
				"end2"
			],
			"renderStage": "EXTERIOR"
		},
		{
			"names": [
				"end_interior",
				"handrail_end"
			],
			"positionDefinitions": [
				"end2"
			],
			"renderStage": "INTERIOR"
		},
		{
			"names": [
				"roof_end_interior"
			],
			"positionDefinitions": [
				"end2"
			],
			"renderStage": "INTERIOR"
		},
		{
			"names": [
				"end_floor"
			],
			"positionDefinitions": [
				"end2"
			],
			"type": "FLOOR"
		},
		{
			"names": [
				"roof_exterior"
			],
			"positionDefinitions": [
				"roofEnd2Exterior"
			],
			"renderStage": "EXTERIOR"
		},
		{
			"names": [
				"roof_lights"
			],
			"positionDefinitions": [
				"end2Light"
			],
			"renderStage": "LIGHT"
		},
		{
			"names": [
				"end_light"
			],
			"positionDefinitions": [
				"end2"
			],
			"renderStage": "LIGHT"
		},
		{
			"names": [
			"destination_sign_end_interior"
			],
			"positionDefinitions": [
				"end2"
			],
			"type": "DISPLAY",
			"displayXPadding": 0.0,
			"displayYPadding": 0.0,
			"displayColorCjk": "FFA500",
			"displayColor": "FFA500",
			"displayOptions": [
			"ALIGN_CENTER",
			"SINGLE_LINE"
			],
			"displayType": "NEXT_STATION"
		},
		{
			"names": [
				"seat_green"
			],
			"positionDefinitions": [
				"greenSeatEnd2"
			],
			"renderStage": "INTERIOR"
		},
		{
			"names": [
				"seat_blue_sideways"
			],
			"positionDefinitions": [
				"blueSeatEnd2"
			],
			"renderStage": "INTERIOR"
		},
		{
			"names": [
				"seat_blue_transverse"
			],
			"positionDefinitions": [
				"seatEnd2"
			],
			"renderStage": "INTERIOR"
		},
		{
			"names": [
				"sideways_seat_handrail"
			],
			"positionDefinitions": [
				"sidewaysSeatPoleEnd2"
			],
			"renderStage": "INTERIOR"
		},
		{
			"names": [
				"seat_handrails"
			],
			"positionDefinitions": [
				"seatEnd2Handrail"
			],
			"renderStage": "INTERIOR"
		},
		{
			"names": [
				"seat_handrail_transverse_1",
				"seat_handrail_transverse_2"
			],
			"positionDefinitions": [
				"handrailSeatTransverseEnd2"
			],
			"renderStage": "INTERIOR"
		}
],
	"modelYOffset": 1
}