{
	"parts": [
		{
			"names": [
				"window_exterior"
			],
			"positionDefinitions": [
				"windowExterior"
			],
			"renderStage": "EXTERIOR"
		},
		{
			"names": [
				"destination_sign_window"
			],
			"positionDefinitions": [
				"windowExterior"
			],
			"renderStage": "INTERIOR"
		},
		{
			"names": [
				"window_interior",
				"handrail_window"
			],
			"positionDefinitions": [
				"windowInterior"
			],
			"renderStage": "INTERIOR"
		},
		{
			"names": [
				"roof_window_interior"
			],
			"positionDefinitions": [
				"windowInterior"
			],
			"renderStage": "INTERIOR"
		},
		{
			"names": [
				"roof_lights"
			],
			"positionDefinitions": [
				"roofLights"
			],
			"renderStage": "LIGHT"
		},
		{
			"names": [
				"door_floor"
			],
			"positionDefinitions": [
				"door",
				"doorFlipped"
			],
			"type": "FLOOR"
		},
		{
			"names": [
				"window_floor"
			],
			"positionDefinitions": [
				"windowExterior"
			],
			"type": "FLOOR"
		},
		{
			"names": [
				"doorway"
			],
			"positionDefinitions": [
				"door",
				"doorFlipped"
			],
			"type": "DOORWAY"
		},
		{
			"names": [
				"door_exterior"
			],
			"positionDefinitions": [
				"door",
				"doorFlipped"
			],
			"renderStage": "EXTERIOR"
		},
		{
			"names": [
				"door_interior",
				"door_handrail"
			],
			"positionDefinitions": [
				"door",
				"doorFlipped"
			],
			"renderStage": "INTERIOR"
		},
		{
			"names": [
				"roof_door_interior"
			],
			"positionDefinitions": [
				"door",
				"doorFlipped"
			],
			"renderStage": "INTERIOR"
		},
		{
			"names": [
				"door_left_interior"
			],
			"positionDefinitions": [
				"door"
			],
			"renderStage": "INTERIOR",
			"doorZMultiplier": -12,
			"doorXMultiplier": 0.175,
			"doorAnimationType": "PLUG_FAST"
		},
		{
			"names": [
				"door_left_exterior"
			],
			"positionDefinitions": [
				"door"
			],
			"renderStage": "EXTERIOR",
			"doorZMultiplier": -12,
			"doorXMultiplier": 0.175,
			"doorAnimationType": "PLUG_FAST"
		},
		{
			"names": [
				"door_right_interior"
			],
			"positionDefinitions": [
				"door"
			],
			"renderStage": "INTERIOR",
			"doorZMultiplier": 12,
			"doorXMultiplier": 0.175,
			"doorAnimationType": "PLUG_FAST"
		},
		{
			"names": [
				"door_right_exterior"
			],
			"positionDefinitions": [
				"door"
			],
			"renderStage": "EXTERIOR",
			"doorZMultiplier": 12,
			"doorXMultiplier": 0.175,
			"doorAnimationType": "PLUG_FAST"
		},
		{
			"names": [
				"door_right_interior"
			],
			"positionDefinitions": [
				"doorFlipped"
			],
			"renderStage": "INTERIOR",
			"doorZMultiplier": 12,
			"doorXMultiplier": 0.175,
			"doorAnimationType": "PLUG_FAST"
		},
		{
			"names": [
				"door_right_exterior"
			],
			"positionDefinitions": [
				"doorFlipped"
			],
			"renderStage": "EXTERIOR",
			"doorZMultiplier": 12,
			"doorXMultiplier": 0.175,
			"doorAnimationType": "PLUG_FAST"
		},
		{
			"names": [
				"door_left_interior"
			],
			"positionDefinitions": [
				"doorFlipped"
			],
			"renderStage": "INTERIOR",
			"doorZMultiplier": -12,
			"doorXMultiplier": 0.175,
			"doorAnimationType": "PLUG_FAST"
		},
		{
			"names": [
				"door_left_exterior"
			],
			"positionDefinitions": [
				"doorFlipped"
			],
			"renderStage": "EXTERIOR",
			"doorZMultiplier": -12,
			"doorXMultiplier": 0.175,
			"doorAnimationType": "PLUG_FAST"
		},
		{
			"names": [
				"door_light_exterior_off"
			],
			"positionDefinitions": [
				"door"
			],
			"condition": "DOORS_CLOSED",
			"renderStage": "EXTERIOR"
		},
		{
			"names": [
				"door_light_exterior_off"
			],
			"positionDefinitions": [
				"doorFlipped"
			],
			"condition": "DOORS_CLOSED",
			"renderStage": "EXTERIOR"
		},
		{
			"names": [
				"door_light_on"
			],
			"positionDefinitions": [
				"door"
			],
			"condition": "DOORS_OPENED",
			"renderStage": "ALWAYS_ON_LIGHT"
		},
		{
			"names": [
				"door_light_on"
			],
			"positionDefinitions": [
				"doorFlipped"
			],
			"condition": "DOORS_OPENED",
			"renderStage": "ALWAYS_ON_LIGHT"
		},
		{
			"names": [
				"door_light_flash_on_interior"
			],
			"positionDefinitions": [
				"door",
				"doorFlipped"
			],
			"condition": "DOORS_OPENED",
			"renderStage": "ALWAYS_ON_LIGHT",
			"displayXPadding": 0.0,
			"displayYPadding": 0.0,
			"displayColorCjk": "FF9900",
			"displayColor": "FF9900",
			"displayMaxLineHeight": 1.5,
			"displayCjkSizeRatio": 2.0,
			"displayOptions": [],
			"displayType": "DESTINATION",
			"displayDefaultText": "Not In Service",
			"doorXMultiplier": 1.0,
			"doorZMultiplier": 0.0,
			"doorAnimationType": "STANDARD",
			"renderFromOpeningDoorTime": 1000000,
			"renderUntilOpeningDoorTime": 1000000,
			"renderFromClosingDoorTime": 1999,
			"renderUntilClosingDoorTime": 1,
			"flashOffTime": 500,
			"flashOnTime": 500
		},
		{
			"names": [
				"roof_exterior"
			],
			"positionDefinitions": [
				"roofExterior"
			],
			"renderStage": "EXTERIOR"
		},
		{
			"names": [
				"seat_green"
			],
			"positionDefinitions": [
				"greenSeatEndHead1",
				"greenSeatEndHead2",
				"greenSeatMain"
			],
			"renderStage": "INTERIOR"
		},
		{
			"names": [
				"destination_sign_window_exterior_1",
				"destination_sign_window_exterior_2"
			],
			"positionDefinitions": [
				"windowSign1"
			],
			"type": "DISPLAY",
			"displayXPadding": 0.0,
			"displayYPadding": 0.0,
			"displayColorCjk": "FFA500",
			"displayColor": "FFA500",
			"displayOptions": [
			"ALIGN_CENTER",
			"SINGLE_LINE"
			],
			"displayType": "DESTINATION",
			"displayDefaultText": "Out of Service"
		},
		{
			"names": [
				"destination_sign_window_exterior_3",
				"destination_sign_window_exterior_4"
			],
			"positionDefinitions": [
				"windowSign2"
			],
			"type": "DISPLAY",
			"displayXPadding": 0.0,
			"displayYPadding": 0.0,
			"displayColorCjk": "FFA500",
			"displayColor": "FFA500",
			"displayOptions": [
			"ALIGN_CENTER",
			"SINGLE_LINE"
			],
			"displayType": "DESTINATION",
			"displayDefaultText": "Out of Service"
		},
		{
			"names": [
				"color_block_window_1",
				"color_block_window_2"
			],
			"positionDefinitions": [
				"windowSign1"
			],
			"type": "DISPLAY",
			"displayXPadding": 0.0,
			"displayYPadding": 0.0,
			"displayType": "ROUTE_COLOR"
		},
		{
			"names": [
				"color_block_window_3",
				"color_block_window_4"
			],
			"positionDefinitions": [
				"windowSign2"
			],
			"type": "DISPLAY",
			"displayXPadding": 0.0,
			"displayYPadding": 0.0,
			"displayType": "ROUTE_COLOR"
		},
		{
			"names": [
				"seat_blue_transverse"
			],
			"positionDefinitions": [
				"blueSeatMain"
			],
			"renderStage": "INTERIOR"
		},
		{
			"names": [
				"tripod_pole"
			],
			"positionDefinitions": [
				"tripodPole"
			],
			"renderStage": "INTERIOR"
		},
		{
			"names": [
				"sideways_seat_handrail"
			],
			"positionDefinitions": [
				"sidewaysSeatPoleMain"
			],
			"renderStage": "INTERIOR"
		},
		{
			"names": [
				"seat_handrails"
			],
			"positionDefinitions": [
				"handrailSeatMain"
			],
			"renderStage": "INTERIOR"
		},
		{
			"names": [
				"seat_handrail_transverse_1",
				"seat_handrail_transverse_2"
			],
			"positionDefinitions": [
				"handrailSeatTransverseMain"
			],
			"renderStage": "INTERIOR"
		},
		{
			"names": [
				"door_middle_handrail"
			],
			"positionDefinitions": [
				"centerPos"
			],
			"renderStage": "INTERIOR"
		}
	],
	"modelYOffset": 1,
	"gangwayInnerSideResource": "mtr:textures/gangway/m_train_exterior.png",
	"gangwayInnerTopResource": "mtr:textures/gangway/m_train_exterior.png",
	"gangwayInnerBottomResource": "mtr:textures/gangway/sp1900_floor.png",
	"gangwayOuterSideResource": "mtr:textures/gangway/m_train_exterior.png",
	"gangwayOuterTopResource": "mtr:textures/gangway/m_train_exterior.png",
	"gangwayOuterBottomResource": "mtr:textures/gangway/m_train_exterior.png",
	"gangwayWidth": 1.45,
	"gangwayHeight": 2.16,
	"gangwayYOffset": 1,
	"gangwayZOffset": 0.5
}