{
	"parts": [
	{
			"names": [
				"head_exterior"
			],
			"positionDefinitions": [
				"end1"
			],
			"renderStage": "EXTERIOR"
		},
		{
			"names": [
				"head_interior",
				"handrail_head"
			],
			"positionDefinitions": [
				"end1"
			],
			"renderStage": "INTERIOR"
		},
		{
			"names": [
				"roof_head_interior"
			],
			"positionDefinitions": [
				"end1"
			],
			"renderStage": "INTERIOR"
		},
		{
			"names": [
				"head_floor"
			],
			"positionDefinitions": [
				"end1"
			],
			"type": "FLOOR"
		},
		{
			"names": [
				"headlight"
			],
			"positionDefinitions": [
				"end1"
			],
			"condition": "ON_ROUTE_FORWARDS",
			"renderStage": "ALWAYS_ON_LIGHT"
		},
		{
			"names": [
				"taillight"
			],
			"positionDefinitions": [
				"end1"
			],
			"condition": "ON_ROUTE_BACKWARDS",
			"renderStage": "ALWAYS_ON_LIGHT"
		},
		{
			"names": [
			"destination_sign_head_exterior"
			],
			"positionDefinitions": [
				"end1"
			],
			"type": "DISPLAY",
			"displayXPadding": 0.0,
			"displayYPadding": 0.0,
			"displayColorCjk": "FFA500",
			"displayColor": "FFA500",
			"displayOptions": [
			"ALIGN_CENTER",
			"SINGLE_LINE"
			],
			"displayType": "DESTINATION",
			"displayDefaultText": "Out of Service"
		},
		{
			"names": [
			"destination_sign_head_interior"
			],
			"positionDefinitions": [
				"end1"
			],
			"type": "DISPLAY",
			"displayXPadding": 0.0,
			"displayYPadding": 0.0,
			"displayColorCjk": "FFA500",
			"displayColor": "FFA500",
			"displayOptions": [
			"ALIGN_CENTER",
			"SINGLE_LINE"
			],
			"displayType": "NEXT_STATION"
		},
		{
			"names": [
				"color_block_head"
			],
			"positionDefinitions": [
				"end1"
			],
			"type": "DISPLAY",
			"displayXPadding": 0.0,
			"displayYPadding": 0.0,
			"displayType": "ROUTE_COLOR"
		},
		{
			"names": [
				"seat_blue_transverse"
			],
			"positionDefinitions": [
				"seatHead1"
			],
			"renderStage": "INTERIOR"
		},
		{
			"names": [
				"seat_handrails"
			],
			"positionDefinitions": [
				"seatHead1Handrail"
			],
			"renderStage": "INTERIOR"
		},
		{
			"names": [
				"seat_handrail_transverse_2"
			],
			"positionDefinitions": [
				"handrailSeatTransverse1Head1"
			],
			"renderStage": "INTERIOR"
		},
		{
			"names": [
				"seat_handrail_transverse_1"
			],
			"positionDefinitions": [
				"handrailSeatTransverse2Head1"
			],
			"renderStage": "INTERIOR"
		}
],
	"modelYOffset": 1
}