{"positionDefinitions":[{"name":"66eda3d1","positions":[{"x":0.0,"y":0.0,"z":64.0},{"x":0.0,"y":0.0,"z":-64.0},{"x":0.0,"y":0.0,"z":96.0}],"positionsFlipped":[]},{"name":"9982fd38","positions":[{"x":0.0,"y":0.0,"z":64.0},{"x":0.0,"y":0.0,"z":-64.0},{"x":0.0,"y":0.0,"z":96.0}],"positionsFlipped":[]},{"name":"81084c4c","positions":[{"x":0.0,"y":0.0,"z":32.0},{"x":0.0,"y":0.0,"z":-32.0}],"positionsFlipped":[]},{"name":"5a3f1aad","positions":[{"x":0.0,"y":0.0,"z":32.0},{"x":0.0,"y":0.0,"z":-32.0}],"positionsFlipped":[]},{"name":"36868bf3","positions":[{"x":0.0,"y":0.0,"z":-32.0},{"x":0.0,"y":0.0,"z":32.0},{"x":0.0,"y":0.0,"z":-96.0},{"x":0.0,"y":0.0,"z":96.0},{"x":0.0,"y":0.0,"z":-64.0},{"x":0.0,"y":0.0,"z":64.0}],"positionsFlipped":[]},{"name":"a589963","positions":[{"x":0.0,"y":0.0,"z":0.0}],"positionsFlipped":[]},{"name":"8c07d99d","positions":[{"x":0.0,"y":0.0,"z":0.0}],"positionsFlipped":[]},{"name":"cdb631c7","positions":[{"x":0.0,"y":0.0,"z":0.0}],"positionsFlipped":[]},{"name":"8292f1da","positions":[{"x":0.0,"y":0.0,"z":0.0}],"positionsFlipped":[{"x":0.0,"y":0.0,"z":0.0}]},{"name":"cb4ab8b0","positions":[{"x":0.0,"y":0.0,"z":0.0}],"positionsFlipped":[{"x":0.0,"y":0.0,"z":0.0}]},{"name":"db464c08","positions":[{"x":0.0,"y":0.0,"z":0.0}],"positionsFlipped":[{"x":0.0,"y":0.0,"z":0.0}]},{"name":"fd507a90","positions":[{"x":0.0,"y":0.0,"z":0.0}],"positionsFlipped":[{"x":0.0,"y":0.0,"z":0.0}]},{"name":"9b05cbdb","positions":[{"x":0.0,"y":0.0,"z":0.0}],"positionsFlipped":[{"x":0.0,"y":0.0,"z":0.0}]},{"name":"fdaba4c2","positions":[{"x":0.0,"y":0.0,"z":0.0}],"positionsFlipped":[{"x":0.0,"y":0.0,"z":0.0}]},{"name":"94c6a9c1","positions":[{"x":0.0,"y":0.0,"z":0.0}],"positionsFlipped":[]},{"name":"4f3a5b27","positions":[{"x":0.0,"y":0.0,"z":0.0}],"positionsFlipped":[{"x":0.0,"y":0.0,"z":0.0}]},{"name":"89185f3f","positions":[],"positionsFlipped":[{"x":0.0,"y":0.0,"z":-96.0}]},{"name":"ebe45260","positions":[],"positionsFlipped":[{"x":0.0,"y":0.0,"z":-96.0}]},{"name":"24e5e1ea","positions":[],"positionsFlipped":[{"x":0.0,"y":0.0,"z":-96.0}]},{"name":"63964b21","positions":[{"x":0.0,"y":0.0,"z":96.0},{"x":0.0,"y":0.0,"z":-96.0},{"x":0.0,"y":0.0,"z":64.0},{"x":0.0,"y":0.0,"z":-64.0},{"x":0.0,"y":0.0,"z":32.0},{"x":0.0,"y":0.0,"z":-32.0},{"x":0.0,"y":0.0,"z":0.0}],"positionsFlipped":[]},{"name":"37f901dd","positions":[{"x":0.0,"y":0.0,"z":0.0}],"positionsFlipped":[{"x":0.0,"y":0.0,"z":0.0}]},{"name":"6fe368ac","positions":[{"x":16.0,"y":0.0,"z":-74.0},{"x":10.0,"y":0.0,"z":-74.0},{"x":-16.0,"y":0.0,"z":-74.0},{"x":-10.0,"y":0.0,"z":-74.0},{"x":16.0,"y":0.0,"z":56.0},{"x":10.0,"y":0.0,"z":56.0},{"x":-16.0,"y":0.0,"z":56.0},{"x":-10.0,"y":0.0,"z":56.0},{"x":16.0,"y":0.0,"z":22.0},{"x":10.0,"y":0.0,"z":22.0},{"x":-16.0,"y":0.0,"z":22.0},{"x":-10.0,"y":0.0,"z":22.0},{"x":16.0,"y":0.0,"z":38.0},{"x":10.0,"y":0.0,"z":38.0},{"x":-16.0,"y":0.0,"z":38.0},{"x":-10.0,"y":0.0,"z":38.0},{"x":16.0,"y":0.0,"z":86.0},{"x":10.0,"y":0.0,"z":86.0},{"x":-16.0,"y":0.0,"z":86.0},{"x":-10.0,"y":0.0,"z":86.0},{"x":16.0,"y":0.0,"z":-102.0},{"x":10.0,"y":0.0,"z":-102.0},{"x":-16.0,"y":0.0,"z":-102.0},{"x":-10.0,"y":0.0,"z":-102.0}],"positionsFlipped":[{"x":16.0,"y":0.0,"z":74.0},{"x":10.0,"y":0.0,"z":74.0},{"x":-16.0,"y":0.0,"z":74.0},{"x":-10.0,"y":0.0,"z":74.0},{"x":16.0,"y":0.0,"z":-56.0},{"x":10.0,"y":0.0,"z":-56.0},{"x":-16.0,"y":0.0,"z":-56.0},{"x":-10.0,"y":0.0,"z":-56.0},{"x":16.0,"y":0.0,"z":-22.0},{"x":10.0,"y":0.0,"z":-22.0},{"x":-16.0,"y":0.0,"z":-22.0},{"x":-10.0,"y":0.0,"z":-22.0},{"x":16.0,"y":0.0,"z":-38.0},{"x":10.0,"y":0.0,"z":-38.0},{"x":-16.0,"y":0.0,"z":-38.0},{"x":-10.0,"y":0.0,"z":-38.0},{"x":16.0,"y":0.0,"z":-86.0},{"x":10.0,"y":0.0,"z":-86.0},{"x":-16.0,"y":0.0,"z":-86.0},{"x":-10.0,"y":0.0,"z":-86.0},{"x":16.0,"y":0.0,"z":102.0},{"x":10.0,"y":0.0,"z":102.0},{"x":-16.0,"y":0.0,"z":102.0},{"x":-10.0,"y":0.0,"z":102.0}]},{"name":"7696b55f","positions":[{"x":16.0,"y":0.0,"z":-74.0},{"x":10.0,"y":0.0,"z":-74.0},{"x":-16.0,"y":0.0,"z":-74.0},{"x":-10.0,"y":0.0,"z":-74.0},{"x":16.0,"y":0.0,"z":56.0},{"x":10.0,"y":0.0,"z":56.0},{"x":-16.0,"y":0.0,"z":56.0},{"x":-10.0,"y":0.0,"z":56.0},{"x":16.0,"y":0.0,"z":22.0},{"x":10.0,"y":0.0,"z":22.0},{"x":-16.0,"y":0.0,"z":22.0},{"x":-10.0,"y":0.0,"z":22.0},{"x":16.0,"y":0.0,"z":38.0},{"x":10.0,"y":0.0,"z":38.0},{"x":-16.0,"y":0.0,"z":38.0},{"x":-10.0,"y":0.0,"z":38.0},{"x":16.0,"y":0.0,"z":86.0},{"x":10.0,"y":0.0,"z":86.0},{"x":-16.0,"y":0.0,"z":86.0},{"x":-10.0,"y":0.0,"z":86.0},{"x":16.0,"y":0.0,"z":-102.0},{"x":10.0,"y":0.0,"z":-102.0},{"x":-16.0,"y":0.0,"z":-102.0},{"x":-10.0,"y":0.0,"z":-102.0}],"positionsFlipped":[{"x":16.0,"y":0.0,"z":74.0},{"x":10.0,"y":0.0,"z":74.0},{"x":-16.0,"y":0.0,"z":74.0},{"x":-10.0,"y":0.0,"z":74.0},{"x":16.0,"y":0.0,"z":-56.0},{"x":10.0,"y":0.0,"z":-56.0},{"x":-16.0,"y":0.0,"z":-56.0},{"x":-10.0,"y":0.0,"z":-56.0},{"x":16.0,"y":0.0,"z":-22.0},{"x":10.0,"y":0.0,"z":-22.0},{"x":-16.0,"y":0.0,"z":-22.0},{"x":-10.0,"y":0.0,"z":-22.0},{"x":16.0,"y":0.0,"z":-38.0},{"x":10.0,"y":0.0,"z":-38.0},{"x":-16.0,"y":0.0,"z":-38.0},{"x":-10.0,"y":0.0,"z":-38.0},{"x":16.0,"y":0.0,"z":-86.0},{"x":10.0,"y":0.0,"z":-86.0},{"x":-16.0,"y":0.0,"z":-86.0},{"x":-10.0,"y":0.0,"z":-86.0},{"x":16.0,"y":0.0,"z":102.0},{"x":10.0,"y":0.0,"z":102.0},{"x":-16.0,"y":0.0,"z":102.0},{"x":-10.0,"y":0.0,"z":102.0}]},{"name":"bded82ef","positions":[],"positionsFlipped":[{"x":0.0,"y":0.0,"z":136.0}]},{"name":"a1671146","positions":[],"positionsFlipped":[{"x":0.0,"y":0.0,"z":136.0}]},{"name":"ec0aec20","positions":[],"positionsFlipped":[{"x":0.0,"y":0.0,"z":136.0}]},{"name":"6ffc32ed","positions":[],"positionsFlipped":[{"x":0.0,"y":0.0,"z":136.0}]},{"name":"3072df56","positions":[],"positionsFlipped":[{"x":0.0,"y":0.0,"z":136.0}]},{"name":"dc90ecea","positions":[],"positionsFlipped":[{"x":0.0,"y":0.0,"z":136.0}]}]}