{"positionDefinitions":[{"name":"3173bbf8","positions":[{"x":0.0,"y":0.0,"z":64.0},{"x":0.0,"y":0.0,"z":-64.0},{"x":0.0,"y":0.0,"z":-96.0}],"positionsFlipped":[]},{"name":"f8a4eaa4","positions":[{"x":0.0,"y":0.0,"z":64.0},{"x":0.0,"y":0.0,"z":-64.0},{"x":0.0,"y":0.0,"z":-96.0}],"positionsFlipped":[]},{"name":"b39b2a55","positions":[{"x":0.0,"y":0.0,"z":32.0},{"x":0.0,"y":0.0,"z":-32.0}],"positionsFlipped":[]},{"name":"354514fc","positions":[{"x":0.0,"y":0.0,"z":32.0},{"x":0.0,"y":0.0,"z":-32.0}],"positionsFlipped":[]},{"name":"85cfccda","positions":[{"x":0.0,"y":0.0,"z":-32.0},{"x":0.0,"y":0.0,"z":32.0},{"x":0.0,"y":0.0,"z":-96.0},{"x":0.0,"y":0.0,"z":96.0},{"x":0.0,"y":0.0,"z":-64.0},{"x":0.0,"y":0.0,"z":64.0}],"positionsFlipped":[]},{"name":"2ae2c84f","positions":[{"x":0.0,"y":0.0,"z":0.0}],"positionsFlipped":[]},{"name":"bf5e9e9a","positions":[{"x":0.0,"y":0.0,"z":0.0}],"positionsFlipped":[]},{"name":"f1b77e73","positions":[{"x":0.0,"y":0.0,"z":0.0}],"positionsFlipped":[]},{"name":"668d5bc0","positions":[{"x":0.0,"y":0.0,"z":0.0}],"positionsFlipped":[{"x":0.0,"y":0.0,"z":0.0}]},{"name":"1e8419ce","positions":[{"x":0.0,"y":0.0,"z":0.0}],"positionsFlipped":[{"x":0.0,"y":0.0,"z":0.0}]},{"name":"8bad06f4","positions":[{"x":0.0,"y":0.0,"z":0.0}],"positionsFlipped":[{"x":0.0,"y":0.0,"z":0.0}]},{"name":"12e6c447","positions":[{"x":0.0,"y":0.0,"z":0.0}],"positionsFlipped":[{"x":0.0,"y":0.0,"z":0.0}]},{"name":"b929ee64","positions":[{"x":0.0,"y":0.0,"z":0.0}],"positionsFlipped":[{"x":0.0,"y":0.0,"z":0.0}]},{"name":"dfa78634","positions":[{"x":0.0,"y":0.0,"z":0.0}],"positionsFlipped":[{"x":0.0,"y":0.0,"z":0.0}]},{"name":"86d69584","positions":[{"x":0.0,"y":0.0,"z":0.0}],"positionsFlipped":[]},{"name":"a2a4fbbf","positions":[{"x":0.0,"y":0.0,"z":0.0}],"positionsFlipped":[{"x":0.0,"y":0.0,"z":0.0}]},{"name":"4af7a35f","positions":[{"x":0.0,"y":0.0,"z":96.0}],"positionsFlipped":[]},{"name":"b380aeec","positions":[{"x":0.0,"y":0.0,"z":96.0}],"positionsFlipped":[]},{"name":"b0754645","positions":[{"x":0.0,"y":0.0,"z":96.0}],"positionsFlipped":[]},{"name":"a94ae74c","positions":[{"x":0.0,"y":0.0,"z":96.0},{"x":0.0,"y":0.0,"z":-96.0},{"x":0.0,"y":0.0,"z":64.0},{"x":0.0,"y":0.0,"z":-64.0},{"x":0.0,"y":0.0,"z":32.0},{"x":0.0,"y":0.0,"z":-32.0},{"x":0.0,"y":0.0,"z":0.0}],"positionsFlipped":[]},{"name":"96b9b5dd","positions":[{"x":0.0,"y":0.0,"z":0.0}],"positionsFlipped":[{"x":0.0,"y":0.0,"z":0.0}]},{"name":"70a5989","positions":[{"x":16.0,"y":0.0,"z":-74.0},{"x":10.0,"y":0.0,"z":-74.0},{"x":-16.0,"y":0.0,"z":-74.0},{"x":-10.0,"y":0.0,"z":-74.0},{"x":16.0,"y":0.0,"z":56.0},{"x":10.0,"y":0.0,"z":56.0},{"x":-16.0,"y":0.0,"z":56.0},{"x":-10.0,"y":0.0,"z":56.0},{"x":16.0,"y":0.0,"z":22.0},{"x":10.0,"y":0.0,"z":22.0},{"x":-16.0,"y":0.0,"z":22.0},{"x":-10.0,"y":0.0,"z":22.0},{"x":16.0,"y":0.0,"z":38.0},{"x":10.0,"y":0.0,"z":38.0},{"x":-16.0,"y":0.0,"z":38.0},{"x":-10.0,"y":0.0,"z":38.0},{"x":16.0,"y":0.0,"z":86.0},{"x":10.0,"y":0.0,"z":86.0},{"x":-16.0,"y":0.0,"z":86.0},{"x":-10.0,"y":0.0,"z":86.0},{"x":16.0,"y":0.0,"z":-102.0},{"x":10.0,"y":0.0,"z":-102.0},{"x":-16.0,"y":0.0,"z":-102.0},{"x":-10.0,"y":0.0,"z":-102.0}],"positionsFlipped":[{"x":16.0,"y":0.0,"z":74.0},{"x":10.0,"y":0.0,"z":74.0},{"x":-16.0,"y":0.0,"z":74.0},{"x":-10.0,"y":0.0,"z":74.0},{"x":16.0,"y":0.0,"z":-56.0},{"x":10.0,"y":0.0,"z":-56.0},{"x":-16.0,"y":0.0,"z":-56.0},{"x":-10.0,"y":0.0,"z":-56.0},{"x":16.0,"y":0.0,"z":-22.0},{"x":10.0,"y":0.0,"z":-22.0},{"x":-16.0,"y":0.0,"z":-22.0},{"x":-10.0,"y":0.0,"z":-22.0},{"x":16.0,"y":0.0,"z":-38.0},{"x":10.0,"y":0.0,"z":-38.0},{"x":-16.0,"y":0.0,"z":-38.0},{"x":-10.0,"y":0.0,"z":-38.0},{"x":16.0,"y":0.0,"z":-86.0},{"x":10.0,"y":0.0,"z":-86.0},{"x":-16.0,"y":0.0,"z":-86.0},{"x":-10.0,"y":0.0,"z":-86.0},{"x":16.0,"y":0.0,"z":102.0},{"x":10.0,"y":0.0,"z":102.0},{"x":-16.0,"y":0.0,"z":102.0},{"x":-10.0,"y":0.0,"z":102.0}]},{"name":"5889e857","positions":[{"x":16.0,"y":0.0,"z":-74.0},{"x":10.0,"y":0.0,"z":-74.0},{"x":-16.0,"y":0.0,"z":-74.0},{"x":-10.0,"y":0.0,"z":-74.0},{"x":16.0,"y":0.0,"z":56.0},{"x":10.0,"y":0.0,"z":56.0},{"x":-16.0,"y":0.0,"z":56.0},{"x":-10.0,"y":0.0,"z":56.0},{"x":16.0,"y":0.0,"z":22.0},{"x":10.0,"y":0.0,"z":22.0},{"x":-16.0,"y":0.0,"z":22.0},{"x":-10.0,"y":0.0,"z":22.0},{"x":16.0,"y":0.0,"z":38.0},{"x":10.0,"y":0.0,"z":38.0},{"x":-16.0,"y":0.0,"z":38.0},{"x":-10.0,"y":0.0,"z":38.0},{"x":16.0,"y":0.0,"z":86.0},{"x":10.0,"y":0.0,"z":86.0},{"x":-16.0,"y":0.0,"z":86.0},{"x":-10.0,"y":0.0,"z":86.0},{"x":16.0,"y":0.0,"z":-102.0},{"x":10.0,"y":0.0,"z":-102.0},{"x":-16.0,"y":0.0,"z":-102.0},{"x":-10.0,"y":0.0,"z":-102.0}],"positionsFlipped":[{"x":16.0,"y":0.0,"z":74.0},{"x":10.0,"y":0.0,"z":74.0},{"x":-16.0,"y":0.0,"z":74.0},{"x":-10.0,"y":0.0,"z":74.0},{"x":16.0,"y":0.0,"z":-56.0},{"x":10.0,"y":0.0,"z":-56.0},{"x":-16.0,"y":0.0,"z":-56.0},{"x":-10.0,"y":0.0,"z":-56.0},{"x":16.0,"y":0.0,"z":-22.0},{"x":10.0,"y":0.0,"z":-22.0},{"x":-16.0,"y":0.0,"z":-22.0},{"x":-10.0,"y":0.0,"z":-22.0},{"x":16.0,"y":0.0,"z":-38.0},{"x":10.0,"y":0.0,"z":-38.0},{"x":-16.0,"y":0.0,"z":-38.0},{"x":-10.0,"y":0.0,"z":-38.0},{"x":16.0,"y":0.0,"z":-86.0},{"x":10.0,"y":0.0,"z":-86.0},{"x":-16.0,"y":0.0,"z":-86.0},{"x":-10.0,"y":0.0,"z":-86.0},{"x":16.0,"y":0.0,"z":102.0},{"x":10.0,"y":0.0,"z":102.0},{"x":-16.0,"y":0.0,"z":102.0},{"x":-10.0,"y":0.0,"z":102.0}]},{"name":"2e584b9e","positions":[{"x":0.0,"y":0.0,"z":-136.0}],"positionsFlipped":[]},{"name":"60f6e250","positions":[{"x":0.0,"y":0.0,"z":-136.0}],"positionsFlipped":[]},{"name":"8240c638","positions":[{"x":0.0,"y":0.0,"z":-136.0}],"positionsFlipped":[]},{"name":"501c1230","positions":[{"x":0.0,"y":0.0,"z":-136.0}],"positionsFlipped":[]},{"name":"17f69282","positions":[{"x":0.0,"y":0.0,"z":-136.0}],"positionsFlipped":[]},{"name":"e98d3421","positions":[{"x":0.0,"y":0.0,"z":-136.0}],"positionsFlipped":[]},{"name":"f906506","positions":[{"x":0.0,"y":0.0,"z":82.0}],"positionsFlipped":[]}]}