{"positionDefinitions":[{"name":"d3170122","positions":[{"x":0.0,"y":0.0,"z":64.0},{"x":0.0,"y":0.0,"z":-64.0},{"x":0.0,"y":0.0,"z":96.0}],"positionsFlipped":[]},{"name":"b95bedcd","positions":[{"x":0.0,"y":0.0,"z":64.0},{"x":0.0,"y":0.0,"z":-64.0},{"x":0.0,"y":0.0,"z":96.0}],"positionsFlipped":[]},{"name":"8badba94","positions":[{"x":0.0,"y":0.0,"z":32.0},{"x":0.0,"y":0.0,"z":-32.0}],"positionsFlipped":[]},{"name":"f54155f1","positions":[{"x":0.0,"y":0.0,"z":32.0},{"x":0.0,"y":0.0,"z":-32.0}],"positionsFlipped":[]},{"name":"848301b1","positions":[{"x":0.0,"y":0.0,"z":-32.0},{"x":0.0,"y":0.0,"z":32.0},{"x":0.0,"y":0.0,"z":-96.0},{"x":0.0,"y":0.0,"z":96.0},{"x":0.0,"y":0.0,"z":-64.0},{"x":0.0,"y":0.0,"z":64.0}],"positionsFlipped":[]},{"name":"dd707a2e","positions":[{"x":0.0,"y":0.0,"z":0.0}],"positionsFlipped":[]},{"name":"eaa5b8ad","positions":[{"x":0.0,"y":0.0,"z":0.0}],"positionsFlipped":[]},{"name":"dc31cb7e","positions":[{"x":0.0,"y":0.0,"z":0.0}],"positionsFlipped":[]},{"name":"7e37b16","positions":[{"x":0.0,"y":0.0,"z":0.0}],"positionsFlipped":[{"x":0.0,"y":0.0,"z":0.0}]},{"name":"aaba71d0","positions":[{"x":0.0,"y":0.0,"z":0.0}],"positionsFlipped":[{"x":0.0,"y":0.0,"z":0.0}]},{"name":"2e5aca9","positions":[{"x":0.0,"y":0.0,"z":0.0}],"positionsFlipped":[{"x":0.0,"y":0.0,"z":0.0}]},{"name":"c60516b8","positions":[{"x":0.0,"y":0.0,"z":0.0}],"positionsFlipped":[{"x":0.0,"y":0.0,"z":0.0}]},{"name":"b76fd6d0","positions":[{"x":0.0,"y":0.0,"z":0.0}],"positionsFlipped":[{"x":0.0,"y":0.0,"z":0.0}]},{"name":"3cf4fa7a","positions":[{"x":0.0,"y":0.0,"z":0.0}],"positionsFlipped":[{"x":0.0,"y":0.0,"z":0.0}]},{"name":"6169c5ad","positions":[{"x":0.0,"y":0.0,"z":0.0}],"positionsFlipped":[]},{"name":"e259b9f7","positions":[{"x":0.0,"y":0.0,"z":0.0}],"positionsFlipped":[{"x":0.0,"y":0.0,"z":0.0}]},{"name":"dbb68309","positions":[],"positionsFlipped":[{"x":0.0,"y":0.0,"z":-96.0}]},{"name":"d80fe125","positions":[],"positionsFlipped":[{"x":0.0,"y":0.0,"z":-96.0}]},{"name":"4558795a","positions":[],"positionsFlipped":[{"x":0.0,"y":0.0,"z":-96.0}]},{"name":"3791864d","positions":[{"x":0.0,"y":0.0,"z":96.0},{"x":0.0,"y":0.0,"z":-96.0},{"x":0.0,"y":0.0,"z":64.0},{"x":0.0,"y":0.0,"z":-64.0},{"x":0.0,"y":0.0,"z":32.0},{"x":0.0,"y":0.0,"z":-32.0},{"x":0.0,"y":0.0,"z":0.0}],"positionsFlipped":[]},{"name":"3ee1a64c","positions":[{"x":0.0,"y":0.0,"z":0.0}],"positionsFlipped":[{"x":0.0,"y":0.0,"z":0.0}]},{"name":"ee3270fe","positions":[{"x":16.0,"y":0.0,"z":-74.0},{"x":10.0,"y":0.0,"z":-74.0},{"x":-16.0,"y":0.0,"z":-74.0},{"x":-10.0,"y":0.0,"z":-74.0},{"x":16.0,"y":0.0,"z":56.0},{"x":10.0,"y":0.0,"z":56.0},{"x":-16.0,"y":0.0,"z":56.0},{"x":-10.0,"y":0.0,"z":56.0},{"x":16.0,"y":0.0,"z":22.0},{"x":10.0,"y":0.0,"z":22.0},{"x":-16.0,"y":0.0,"z":22.0},{"x":-10.0,"y":0.0,"z":22.0},{"x":16.0,"y":0.0,"z":38.0},{"x":10.0,"y":0.0,"z":38.0},{"x":-16.0,"y":0.0,"z":38.0},{"x":-10.0,"y":0.0,"z":38.0},{"x":16.0,"y":0.0,"z":86.0},{"x":10.0,"y":0.0,"z":86.0},{"x":-16.0,"y":0.0,"z":86.0},{"x":-10.0,"y":0.0,"z":86.0},{"x":16.0,"y":0.0,"z":-102.0},{"x":10.0,"y":0.0,"z":-102.0},{"x":-16.0,"y":0.0,"z":-102.0},{"x":-10.0,"y":0.0,"z":-102.0}],"positionsFlipped":[{"x":16.0,"y":0.0,"z":74.0},{"x":10.0,"y":0.0,"z":74.0},{"x":-16.0,"y":0.0,"z":74.0},{"x":-10.0,"y":0.0,"z":74.0},{"x":16.0,"y":0.0,"z":-56.0},{"x":10.0,"y":0.0,"z":-56.0},{"x":-16.0,"y":0.0,"z":-56.0},{"x":-10.0,"y":0.0,"z":-56.0},{"x":16.0,"y":0.0,"z":-22.0},{"x":10.0,"y":0.0,"z":-22.0},{"x":-16.0,"y":0.0,"z":-22.0},{"x":-10.0,"y":0.0,"z":-22.0},{"x":16.0,"y":0.0,"z":-38.0},{"x":10.0,"y":0.0,"z":-38.0},{"x":-16.0,"y":0.0,"z":-38.0},{"x":-10.0,"y":0.0,"z":-38.0},{"x":16.0,"y":0.0,"z":-86.0},{"x":10.0,"y":0.0,"z":-86.0},{"x":-16.0,"y":0.0,"z":-86.0},{"x":-10.0,"y":0.0,"z":-86.0},{"x":16.0,"y":0.0,"z":102.0},{"x":10.0,"y":0.0,"z":102.0},{"x":-16.0,"y":0.0,"z":102.0},{"x":-10.0,"y":0.0,"z":102.0}]},{"name":"5420e697","positions":[{"x":16.0,"y":0.0,"z":-74.0},{"x":10.0,"y":0.0,"z":-74.0},{"x":-16.0,"y":0.0,"z":-74.0},{"x":-10.0,"y":0.0,"z":-74.0},{"x":16.0,"y":0.0,"z":56.0},{"x":10.0,"y":0.0,"z":56.0},{"x":-16.0,"y":0.0,"z":56.0},{"x":-10.0,"y":0.0,"z":56.0},{"x":16.0,"y":0.0,"z":22.0},{"x":10.0,"y":0.0,"z":22.0},{"x":-16.0,"y":0.0,"z":22.0},{"x":-10.0,"y":0.0,"z":22.0},{"x":16.0,"y":0.0,"z":38.0},{"x":10.0,"y":0.0,"z":38.0},{"x":-16.0,"y":0.0,"z":38.0},{"x":-10.0,"y":0.0,"z":38.0},{"x":16.0,"y":0.0,"z":86.0},{"x":10.0,"y":0.0,"z":86.0},{"x":-16.0,"y":0.0,"z":86.0},{"x":-10.0,"y":0.0,"z":86.0},{"x":16.0,"y":0.0,"z":-102.0},{"x":10.0,"y":0.0,"z":-102.0},{"x":-16.0,"y":0.0,"z":-102.0},{"x":-10.0,"y":0.0,"z":-102.0}],"positionsFlipped":[{"x":16.0,"y":0.0,"z":74.0},{"x":10.0,"y":0.0,"z":74.0},{"x":-16.0,"y":0.0,"z":74.0},{"x":-10.0,"y":0.0,"z":74.0},{"x":16.0,"y":0.0,"z":-56.0},{"x":10.0,"y":0.0,"z":-56.0},{"x":-16.0,"y":0.0,"z":-56.0},{"x":-10.0,"y":0.0,"z":-56.0},{"x":16.0,"y":0.0,"z":-22.0},{"x":10.0,"y":0.0,"z":-22.0},{"x":-16.0,"y":0.0,"z":-22.0},{"x":-10.0,"y":0.0,"z":-22.0},{"x":16.0,"y":0.0,"z":-38.0},{"x":10.0,"y":0.0,"z":-38.0},{"x":-16.0,"y":0.0,"z":-38.0},{"x":-10.0,"y":0.0,"z":-38.0},{"x":16.0,"y":0.0,"z":-86.0},{"x":10.0,"y":0.0,"z":-86.0},{"x":-16.0,"y":0.0,"z":-86.0},{"x":-10.0,"y":0.0,"z":-86.0},{"x":16.0,"y":0.0,"z":102.0},{"x":10.0,"y":0.0,"z":102.0},{"x":-16.0,"y":0.0,"z":102.0},{"x":-10.0,"y":0.0,"z":102.0}]},{"name":"86b738b5","positions":[],"positionsFlipped":[{"x":0.0,"y":0.0,"z":136.0}]},{"name":"8eac3221","positions":[],"positionsFlipped":[{"x":0.0,"y":0.0,"z":136.0}]},{"name":"9e07fd4f","positions":[],"positionsFlipped":[{"x":0.0,"y":0.0,"z":136.0}]},{"name":"ff076549","positions":[],"positionsFlipped":[{"x":0.0,"y":0.0,"z":136.0}]},{"name":"129acabe","positions":[],"positionsFlipped":[{"x":0.0,"y":0.0,"z":136.0}]},{"name":"a56d62be","positions":[],"positionsFlipped":[{"x":0.0,"y":0.0,"z":136.0}]}]}