{
  "vehicles": [
    {
      "id": "metrocar_cityrail_rr_cab_1",
      "name": "Cityrail Class 599 (Metrocar) Forward Cab ",
      "color": "1C1C84",
      "transportMode": "TRAIN",
      "length": 14,
      "width": 2,
      "bogie1Position": -3.5,
      "bogie2Position": 7,
      "couplingPadding1": 0,
      "couplingPadding2": 0,
      "description": "",
      "wikipediaArticle": "Tyne_and_Wear_Metrocar",
      "tags": [],
      "models": [
        {
          "modelResource": "mtr:szandorthe13th/trains/metrocar/metrocar.bbmodel",
          "textureResource": "mtr:metrocar_cityrail_rr.png",
          "modelPropertiesResource": "mtr:szandorthe13th/trains/metrocar/properties_metrocar_f.json",
          "positionDefinitionsResource": "mtr:szandorthe13th/trains/metrocar/definition_metrocar_f.json",
          "flipTextureV": true
        }
      ],
      "bogie1Models": [
        {
          "modelResource": "mtr:models/vehicle/bogie_1.bbmodel",
          "textureResource": "mtr:textures/vehicle/bogie_1.png",
          "modelPropertiesResource": "mtr:properties/vehicle/bogie_1.json",
          "positionDefinitionsResource": "mtr:properties/definition/origin.json",
          "flipTextureV": true
        }
      ],
      "bogie2Models": [
        {
          "modelResource": "mtr:models/vehicle/bogie_1.bbmodel",
          "textureResource": "mtr:textures/vehicle/bogie_1.png",
          "modelPropertiesResource": "mtr:properties/vehicle/bogie_1.json",
          "positionDefinitionsResource": "mtr:properties/definition/origin.json",
          "flipTextureV": true
        }
      ],
      "hasGangway1": false,
      "hasGangway2": true,
      "hasBarrier1": false,
      "hasBarrier2": false,
      "legacyRiderOffset": 0,
      "bveSoundBaseResource": "metrocar",
      "legacySpeedSoundBaseResource": "",
      "legacySpeedSoundCount": 1,
      "legacyUseAccelerationSoundsWhenCoasting": false,
      "legacyConstantPlaybackSpeed": false,
      "legacyDoorSoundBaseResource": "",
      "legacyDoorCloseSoundTime": 0
    },
    {
      "id": "metrocar_cityrail_rr_cab_2",
      "name": "Cityrail Class 599 (Metrocar) Backward Cab",
      "color": "1C1C84",
      "transportMode": "TRAIN",
      "length": 14,
      "width": 2,
      "bogie1Position": -7,
      "bogie2Position": 3.5,
      "couplingPadding1": 0,
      "couplingPadding2": 0,
      "description": "",
      "wikipediaArticle": "Tyne_and_Wear_Metrocar",
      "tags": [],
      "models": [
        {
          "modelResource": "mtr:szandorthe13th/trains/metrocar/metrocar.bbmodel",
          "textureResource": "mtr:metrocar_cityrail_rr.png",
          "modelPropertiesResource": "mtr:szandorthe13th/trains/metrocar/properties_metrocar_b.json",
          "positionDefinitionsResource": "mtr:szandorthe13th/trains/metrocar/definition_metrocar_b.json",
          "flipTextureV": true
        }
      ],
      "bogie1Models": [
        {
          "modelResource": "mtr:models/vehicle/bogie_1.bbmodel",
          "textureResource": "mtr:textures/vehicle/bogie_1.png",
          "modelPropertiesResource": "mtr:properties/vehicle/bogie_1.json",
          "positionDefinitionsResource": "mtr:properties/definition/origin.json",
          "flipTextureV": true
        }
      ],
      "bogie2Models": [
        {
          "modelResource": "mtr:models/vehicle/bogie_1.bbmodel",
          "textureResource": "mtr:textures/vehicle/bogie_1.png",
          "modelPropertiesResource": "mtr:properties/vehicle/bogie_1.json",
          "positionDefinitionsResource": "mtr:properties/definition/origin.json",
          "flipTextureV": true
        }
      ],
      "hasGangway1": true,
      "hasGangway2": false,
      "hasBarrier1": false,
      "hasBarrier2": false,
      "legacyRiderOffset": 0,
      "bveSoundBaseResource": "metrocar",
      "legacySpeedSoundBaseResource": "",
      "legacySpeedSoundCount": 1,
      "legacyUseAccelerationSoundsWhenCoasting": false,
      "legacyConstantPlaybackSpeed": false,
      "legacyDoorSoundBaseResource": "",
      "legacyDoorCloseSoundTime": 0
    },
    {
      "id": "class777_trailer_cityrail",
      "name": "Cityrail Class 777 Trailer",
      "color": "1C1C84",
      "transportMode": "TRAIN",
      "length": 15,
      "width": 2,
      "bogie1Position": -7.5,
      "bogie2Position": 7.5,
      "couplingPadding1": 0,
      "couplingPadding2": 0,
      "description": "A Class 777 in Cityrail livery",
      "wikipediaArticle": "British_Rail_Class_777",
      "tags": [],
      "models": [
        {
          "modelResource": "mtr:class762.bbmodel",
          "textureResource": "mtr:class777_cityrail.png",
          "modelPropertiesResource": "mtr:properties_5d2f4db3.json",
          "positionDefinitionsResource": "mtr:definition_f530fa21.json",
          "flipTextureV": true
        }
      ],
      "bogie1Models": [
        {
          "modelResource": "mtr:models/vehicle/bogie_1.bbmodel",
          "textureResource": "mtr:textures/vehicle/bogie_1.png",
          "modelPropertiesResource": "mtr:properties/vehicle/bogie_1.json",
          "positionDefinitionsResource": "mtr:properties/definition/origin.json",
          "flipTextureV": true
        }
      ],
      "bogie2Models": [
        {
          "modelResource": "mtr:models/vehicle/bogie_1.bbmodel",
          "textureResource": "mtr:textures/vehicle/bogie_1.png",
          "modelPropertiesResource": "mtr:properties/vehicle/bogie_1.json",
          "positionDefinitionsResource": "mtr:properties/definition/origin.json",
          "flipTextureV": true
        }
      ],
      "hasGangway1": true,
      "hasGangway2": true,
      "hasBarrier1": false,
      "hasBarrier2": false,
      "legacyRiderOffset": 0,
      "bveSoundBaseResource": "",
      "legacySpeedSoundBaseResource": "c1141a",
      "legacySpeedSoundCount": 93,
      "legacyUseAccelerationSoundsWhenCoasting": false,
      "legacyConstantPlaybackSpeed": false,
      "legacyDoorSoundBaseResource": "class_377",
      "legacyDoorCloseSoundTime": 1
    },
    {
      "id": "class777_cab_1_cityrail",
      "name": "Cityrail Class 777 Forward",
      "color": "1C1C84",
      "transportMode": "TRAIN",
      "length": 15,
      "width": 2,
      "bogie1Position": -5,
      "bogie2Position": 7.5,
      "couplingPadding1": 2,
      "couplingPadding2": 0,
      "description": "A Class 777 in Cityrail livery",
      "wikipediaArticle": "British_Rail_Class_777",
      "tags": [],
      "models": [
        {
          "modelResource": "mtr:class762.bbmodel",
          "textureResource": "mtr:class777_cityrail.png",
          "modelPropertiesResource": "mtr:properties_29de7109.json",
          "positionDefinitionsResource": "mtr:definition_6f669f34.json",
          "flipTextureV": true
        }
      ],
      "bogie1Models": [
        {
          "modelResource": "mtr:models/vehicle/bogie_1.bbmodel",
          "textureResource": "mtr:textures/vehicle/bogie_1.png",
          "modelPropertiesResource": "mtr:properties/vehicle/bogie_1.json",
          "positionDefinitionsResource": "mtr:properties/definition/origin.json",
          "flipTextureV": true
        }
      ],
      "bogie2Models": [
        {
          "modelResource": "mtr:models/vehicle/bogie_1.bbmodel",
          "textureResource": "mtr:textures/vehicle/bogie_1.png",
          "modelPropertiesResource": "mtr:properties/vehicle/bogie_1.json",
          "positionDefinitionsResource": "mtr:properties/definition/origin.json",
          "flipTextureV": true
        }
      ],
      "hasGangway1": false,
      "hasGangway2": true,
      "hasBarrier1": false,
      "hasBarrier2": false,
      "legacyRiderOffset": 0,
      "bveSoundBaseResource": "",
      "legacySpeedSoundBaseResource": "c1141a",
      "legacySpeedSoundCount": 93,
      "legacyUseAccelerationSoundsWhenCoasting": false,
      "legacyConstantPlaybackSpeed": false,
      "legacyDoorSoundBaseResource": "class_377",
      "legacyDoorCloseSoundTime": 1
    },
    {
      "id": "class777_cab_2_cityrail",
      "name": "Cityrail Class 777 Backward",
      "color": "1C1C84",
      "transportMode": "TRAIN",
      "length": 15,
      "width": 2,
      "bogie1Position": -7.25,
      "bogie2Position": 5,
      "couplingPadding1": 0,
      "couplingPadding2": 2,
      "description": "A Class 777 in Cityrail livery",
      "wikipediaArticle": "British_Rail_Class_777",
      "tags": [],
      "models": [
        {
          "modelResource": "mtr:class762.bbmodel",
          "textureResource": "mtr:class777_cityrail.png",
          "modelPropertiesResource": "mtr:properties_1e74474.json",
          "positionDefinitionsResource": "mtr:definition_dd6859b0.json",
          "flipTextureV": true
        }
      ],
      "bogie1Models": [
        {
          "modelResource": "mtr:models/vehicle/bogie_1.bbmodel",
          "textureResource": "mtr:textures/vehicle/bogie_1.png",
          "modelPropertiesResource": "mtr:properties/vehicle/bogie_1.json",
          "positionDefinitionsResource": "mtr:properties/definition/origin.json",
          "flipTextureV": true
        }
      ],
      "bogie2Models": [
        {
          "modelResource": "mtr:models/vehicle/bogie_1.bbmodel",
          "textureResource": "mtr:textures/vehicle/bogie_1.png",
          "modelPropertiesResource": "mtr:properties/vehicle/bogie_1.json",
          "positionDefinitionsResource": "mtr:properties/definition/origin.json",
          "flipTextureV": true
        }
      ],
      "hasGangway1": true,
      "hasGangway2": false,
      "hasBarrier1": false,
      "hasBarrier2": false,
      "legacyRiderOffset": 0,
      "bveSoundBaseResource": "",
      "legacySpeedSoundBaseResource": "c1141a",
      "legacySpeedSoundCount": 93,
      "legacyUseAccelerationSoundsWhenCoasting": false,
      "legacyConstantPlaybackSpeed": false,
      "legacyDoorSoundBaseResource": "class_377",
      "legacyDoorCloseSoundTime": 1
    }
  ],
  "signs": [],
  "rails": [],
  "objects": []
}