{
    "metrocar_airhigh": {
        "sounds": [
            {
                "name": "mtr:metrocar/airhigh",
                "attenuation_distance": 64
            }
        ]
    },
    "metrocar_airzero": {
        "sounds": [
            {
                "name": "mtr:metrocar/airzero",
                "attenuation_distance": 64
            }
        ]
    },
    "metrocar_doorcls": {
        "sounds": [
            {
                "name": "mtr:metrocar/doorcls",
                "attenuation_distance": 64
            }
        ]
    },
    "metrocar_dooropn": {
        "sounds": [
            {
                "name": "mtr:metrocar/dooropn",
                "attenuation_distance": 64
            }
        ]
    },
    "metrocar_loop": {
        "sounds": [
            {
                "name": "mtr:metrocar/loop",
                "attenuation_distance": 64
            }
        ]
    },
    "metrocar_motor0": {
        "sounds": [
            {
                "name": "mtr:metrocar/motor0",
                "attenuation_distance": 64
            }
        ]
    },
    "metrocar_motor1": {
        "sounds": [
            {
                "name": "mtr:metrocar/motor1",
                "attenuation_distance": 64
            }
        ]
    },
    "metrocar_motor2": {
        "sounds": [
            {
                "name": "mtr:metrocar/motor2",
                "attenuation_distance": 64
            }
        ]
    },
    "metrocar_point": {
        "sounds": [
            {
                "name": "mtr:metrocar/point",
                "attenuation_distance": 64
            }
        ]
    },
    "metrocar_run": {
        "sounds": [
            {
                "name": "mtr:metrocar/run",
                "attenuation_distance": 64
            }
        ]
    }
}