{
"vehicles":[
	{
	"id":"toyono_hs_white",
	"name":"Toyono HS (White)",
	"color":"FFFFFF",
	"transportMode":"TRAIN",
	"length":3.75,
	"width":2.0,
	"bogie1Position":-1.23,
	"bogie2Position":1.23,
	"couplingPadding1":0.0,
	"couplingPadding2":0.0,
	"description":"Based on Toyota Yaris.",
	"wikipediaArticle":"Toyota_Vitz",
	"tags":[],
	"models":[{
		"modelResource":"mtr:toyonohs.bbmodel",
		"textureResource":"mtr:hs-white.png",
		"modelPropertiesResource":"mtr:properties_84654b25.json",
		"positionDefinitionsResource":"mtr:definition_b21e323c.json",
		"flipTextureV":true
		}],
	"bogie1Models":[],
	"bogie2Models":[],
	"hasGangway1":false,
	"hasGangway2":false,
	"hasBarrier1":false,
	"hasBarrier2":false,
	"legacyRiderOffset":0.0,
	"bveSoundBaseResource":"toyono-i4",
	"legacySpeedSoundBaseResource":"",
	"legacySpeedSoundCount":1,
	"legacyUseAccelerationSoundsWhenCoasting":false,
	"legacyConstantPlaybackSpeed":false,
	"legacyDoorSoundBaseResource":"",
	"legacyDoorCloseSoundTime":0.0
	},
	{
	"id":"toyono_hs_silvler",
	"name":"Toyono HS (Silver)",
	"color":"888888",
	"transportMode":"TRAIN",
	"length":3.75,
	"width":2.0,
	"bogie1Position":-1.23,
	"bogie2Position":1.23,
	"couplingPadding1":0.0,
	"couplingPadding2":0.0,
	"description":"Based on Toyota Yaris.",
	"wikipediaArticle":"Toyota_Vitz",
	"tags":[],
	"models":[{
		"modelResource":"mtr:toyonohs.bbmodel",
		"textureResource":"mtr:hs-silver.png",
		"modelPropertiesResource":"mtr:properties_84654b25.json",
		"positionDefinitionsResource":"mtr:definition_b21e323c.json",
		"flipTextureV":true
		}],
	"bogie1Models":[],
	"bogie2Models":[],
	"hasGangway1":false,
	"hasGangway2":false,
	"hasBarrier1":false,
	"hasBarrier2":false,
	"legacyRiderOffset":0.0,
	"bveSoundBaseResource":"toyono-i4",
	"legacySpeedSoundBaseResource":"",
	"legacySpeedSoundCount":1,
	"legacyUseAccelerationSoundsWhenCoasting":false,
	"legacyConstantPlaybackSpeed":false,
	"legacyDoorSoundBaseResource":"",
	"legacyDoorCloseSoundTime":0.0
	},
	{
	"id":"toyono_hs_black",
	"name":"Toyono HS (Black)",
	"color":"202020",
	"transportMode":"TRAIN",
	"length":3.75,
	"width":2.0,
	"bogie1Position":-1.23,
	"bogie2Position":1.23,
	"couplingPadding1":0.0,
	"couplingPadding2":0.0,
	"description":"Based on Toyota Yaris.",
	"wikipediaArticle":"Toyota_Vitz",
	"tags":[],
	"models":[{
		"modelResource":"mtr:toyonohs.bbmodel",
		"textureResource":"mtr:hs-black.png",
		"modelPropertiesResource":"mtr:properties_84654b25.json",
		"positionDefinitionsResource":"mtr:definition_b21e323c.json",
		"flipTextureV":true
		}],
	"bogie1Models":[],
	"bogie2Models":[],
	"hasGangway1":false,
	"hasGangway2":false,
	"hasBarrier1":false,
	"hasBarrier2":false,
	"legacyRiderOffset":0.0,
	"bveSoundBaseResource":"toyono-i4",
	"legacySpeedSoundBaseResource":"",
	"legacySpeedSoundCount":1,
	"legacyUseAccelerationSoundsWhenCoasting":false,
	"legacyConstantPlaybackSpeed":false,
	"legacyDoorSoundBaseResource":"",
	"legacyDoorCloseSoundTime":0.0
	},
	{
	"id":"toyono_hs_red",
	"name":"Toyono HS (Red)",
	"color":"FF0000",
	"transportMode":"TRAIN",
	"length":3.75,
	"width":2.0,
	"bogie1Position":-1.23,
	"bogie2Position":1.23,
	"couplingPadding1":0.0,
	"couplingPadding2":0.0,
	"description":"Based on Toyota Yaris.",
	"wikipediaArticle":"Toyota_Vitz",
	"tags":[],
	"models":[{
		"modelResource":"mtr:toyonohs.bbmodel",
		"textureResource":"mtr:hs-red.png",
		"modelPropertiesResource":"mtr:properties_84654b25.json",
		"positionDefinitionsResource":"mtr:definition_b21e323c.json",
		"flipTextureV":true
		}],
	"bogie1Models":[],
	"bogie2Models":[],
	"hasGangway1":false,
	"hasGangway2":false,
	"hasBarrier1":false,
	"hasBarrier2":false,
	"legacyRiderOffset":0.0,
	"bveSoundBaseResource":"toyono-i4",
	"legacySpeedSoundBaseResource":"",
	"legacySpeedSoundCount":1,
	"legacyUseAccelerationSoundsWhenCoasting":false,
	"legacyConstantPlaybackSpeed":false,
	"legacyDoorSoundBaseResource":"",
	"legacyDoorCloseSoundTime":0.0
	},
	{
	"id":"toyono_hs_yellow",
	"name":"Toyono HS (Yellow)",
	"color":"FFFF00",
	"transportMode":"TRAIN",
	"length":3.75,
	"width":2.0,
	"bogie1Position":-1.23,
	"bogie2Position":1.23,
	"couplingPadding1":0.0,
	"couplingPadding2":0.0,
	"description":"Based on Toyota Yaris.",
	"wikipediaArticle":"Toyota_Vitz",
	"tags":[],
	"models":[{
		"modelResource":"mtr:toyonohs.bbmodel",
		"textureResource":"mtr:hs-yellow.png",
		"modelPropertiesResource":"mtr:properties_84654b25.json",
		"positionDefinitionsResource":"mtr:definition_b21e323c.json",
		"flipTextureV":true
		}],
	"bogie1Models":[],
	"bogie2Models":[],
	"hasGangway1":false,
	"hasGangway2":false,
	"hasBarrier1":false,
	"hasBarrier2":false,
	"legacyRiderOffset":0.0,
	"bveSoundBaseResource":"toyono-i4",
	"legacySpeedSoundBaseResource":"",
	"legacySpeedSoundCount":1,
	"legacyUseAccelerationSoundsWhenCoasting":false,
	"legacyConstantPlaybackSpeed":false,
	"legacyDoorSoundBaseResource":"",
	"legacyDoorCloseSoundTime":0.0
	},
	{
	"id":"toyono_hs_green",
	"name":"Toyono HS (Green)",
	"color":"FF00",
	"transportMode":"TRAIN",
	"length":3.75,
	"width":2.0,
	"bogie1Position":-1.23,
	"bogie2Position":1.23,
	"couplingPadding1":0.0,
	"couplingPadding2":0.0,
	"description":"Based on Toyota Yaris.",
	"wikipediaArticle":"Toyota_Vitz",
	"tags":[],
	"models":[{
		"modelResource":"mtr:toyonohs.bbmodel",
		"textureResource":"mtr:hs-white.png",
		"modelPropertiesResource":"mtr:properties_84654b25.json",
		"positionDefinitionsResource":"mtr:definition_b21e323c.json",
		"flipTextureV":true
		}],
	"bogie1Models":[],
	"bogie2Models":[],
	"hasGangway1":false,
	"hasGangway2":false,
	"hasBarrier1":false,
	"hasBarrier2":false,
	"legacyRiderOffset":0.0,
	"bveSoundBaseResource":"toyono-i4",
	"legacySpeedSoundBaseResource":"",
	"legacySpeedSoundCount":1,
	"legacyUseAccelerationSoundsWhenCoasting":false,
	"legacyConstantPlaybackSpeed":false,
	"legacyDoorSoundBaseResource":"",
	"legacyDoorCloseSoundTime":0.0
	},
	{
	"id":"toyono_hs_teal",
	"name":"Toyono HS (Teal)",
	"color":"FFFF",
	"transportMode":"TRAIN",
	"length":3.75,
	"width":2.0,
	"bogie1Position":-1.23,
	"bogie2Position":1.23,
	"couplingPadding1":0.0,
	"couplingPadding2":0.0,
	"description":"Based on Toyota Yaris.",
	"wikipediaArticle":"Toyota_Vitz",
	"tags":[],
	"models":[{
		"modelResource":"mtr:toyonohs.bbmodel",
		"textureResource":"mtr:hs-teal.png",
		"modelPropertiesResource":"mtr:properties_84654b25.json",
		"positionDefinitionsResource":"mtr:definition_b21e323c.json",
		"flipTextureV":true
		}],
	"bogie1Models":[],
	"bogie2Models":[],
	"hasGangway1":false,
	"hasGangway2":false,
	"hasBarrier1":false,
	"hasBarrier2":false,
	"legacyRiderOffset":0.0,
	"bveSoundBaseResource":"toyono-i4",
	"legacySpeedSoundBaseResource":"",
	"legacySpeedSoundCount":1,
	"legacyUseAccelerationSoundsWhenCoasting":false,
	"legacyConstantPlaybackSpeed":false,
	"legacyDoorSoundBaseResource":"",
	"legacyDoorCloseSoundTime":0.0
	},
	{
	"id":"toyono_hs_blue",
	"name":"Toyono HS (Blue)",
	"color":"FF",
	"transportMode":"TRAIN",
	"length":3.75,
	"width":2.0,
	"bogie1Position":-1.23,
	"bogie2Position":1.23,
	"couplingPadding1":0.0,
	"couplingPadding2":0.0,
	"description":"Based on Toyota Yaris.",
	"wikipediaArticle":"Toyota_Vitz",
	"tags":[],
	"models":[{
		"modelResource":"mtr:toyonohs.bbmodel",
		"textureResource":"mtr:hs-blue.png",
		"modelPropertiesResource":"mtr:properties_84654b25.json",
		"positionDefinitionsResource":"mtr:definition_b21e323c.json",
		"flipTextureV":true
		}],
	"bogie1Models":[],
	"bogie2Models":[],
	"hasGangway1":false,
	"hasGangway2":false,
	"hasBarrier1":false,
	"hasBarrier2":false,
	"legacyRiderOffset":0.0,
	"bveSoundBaseResource":"toyono-i4",
	"legacySpeedSoundBaseResource":"",
	"legacySpeedSoundCount":1,
	"legacyUseAccelerationSoundsWhenCoasting":false,
	"legacyConstantPlaybackSpeed":false,
	"legacyDoorSoundBaseResource":"",
	"legacyDoorCloseSoundTime":0.0
	},
	{
	"id":"toyono_hs_dark_blue",
	"name":"Toyono HS (Dark Blue)",
	"color":"88",
	"transportMode":"TRAIN",
	"length":3.75,
	"width":2.0,
	"bogie1Position":-1.23,
	"bogie2Position":1.23,
	"couplingPadding1":0.0,
	"couplingPadding2":0.0,
	"description":"Based on Toyota Yaris.",
	"wikipediaArticle":"Toyota_Vitz",
	"tags":[],
	"models":[{
		"modelResource":"mtr:toyonohs.bbmodel",
		"textureResource":"mtr:hs-dark-blue.png",
		"modelPropertiesResource":"mtr:properties_84654b25.json",
		"positionDefinitionsResource":"mtr:definition_b21e323c.json",
		"flipTextureV":true
		}],
	"bogie1Models":[],
	"bogie2Models":[],
	"hasGangway1":false,
	"hasGangway2":false,
	"hasBarrier1":false,
	"hasBarrier2":false,
	"legacyRiderOffset":0.0,
	"bveSoundBaseResource":"toyono-i4",
	"legacySpeedSoundBaseResource":"",
	"legacySpeedSoundCount":1,
	"legacyUseAccelerationSoundsWhenCoasting":false,
	"legacyConstantPlaybackSpeed":false,
	"legacyDoorSoundBaseResource":"",
	"legacyDoorCloseSoundTime":0.0
	},
	{
	"id":"toyono_hs_purple",
	"name":"Toyono HS (Purple)",
	"color":"8800FF",
	"transportMode":"TRAIN",
	"length":3.75,
	"width":2.0,
	"bogie1Position":-1.23,
	"bogie2Position":1.23,
	"couplingPadding1":0.0,
	"couplingPadding2":0.0,
	"description":"Based on Toyota Yaris.",
	"wikipediaArticle":"Toyota_Vitz",
	"tags":[],
	"models":[{
		"modelResource":"mtr:toyonohs.bbmodel",
		"textureResource":"mtr:hs-purple.png",
		"modelPropertiesResource":"mtr:properties_84654b25.json",
		"positionDefinitionsResource":"mtr:definition_b21e323c.json",
		"flipTextureV":true
		}],
	"bogie1Models":[],
	"bogie2Models":[],
	"hasGangway1":false,
	"hasGangway2":false,
	"hasBarrier1":false,
	"hasBarrier2":false,
	"legacyRiderOffset":0.0,
	"bveSoundBaseResource":"toyono-i4",
	"legacySpeedSoundBaseResource":"",
	"legacySpeedSoundCount":1,
	"legacyUseAccelerationSoundsWhenCoasting":false,
	"legacyConstantPlaybackSpeed":false,
	"legacyDoorSoundBaseResource":"",
	"legacyDoorCloseSoundTime":0.0
	},
	{
	"id":"toyono_hs_pink",
	"name":"Toyono HS (Pink)",
	"color":"FF00FF",
	"transportMode":"TRAIN",
	"length":3.75,
	"width":2.0,
	"bogie1Position":-1.23,
	"bogie2Position":1.23,
	"couplingPadding1":0.0,
	"couplingPadding2":0.0,
	"description":"Based on Toyota Yaris.",
	"wikipediaArticle":"Toyota_Vitz",
	"tags":[],
	"models":[{
		"modelResource":"mtr:toyonohs.bbmodel",
		"textureResource":"mtr:hs-pink.png",
		"modelPropertiesResource":"mtr:properties_84654b25.json",
		"positionDefinitionsResource":"mtr:definition_b21e323c.json",
		"flipTextureV":true
		}],
	"bogie1Models":[],
	"bogie2Models":[],
	"hasGangway1":false,
	"hasGangway2":false,
	"hasBarrier1":false,
	"hasBarrier2":false,
	"legacyRiderOffset":0.0,
	"bveSoundBaseResource":"toyono-i4",
	"legacySpeedSoundBaseResource":"",
	"legacySpeedSoundCount":1,
	"legacyUseAccelerationSoundsWhenCoasting":false,
	"legacyConstantPlaybackSpeed":false,
	"legacyDoorSoundBaseResource":"",
	"legacyDoorCloseSoundTime":0.0
	}
	],
"signs":[],
"rails":[],
"objects":[],
"lifts":[]
}