{
    "toyono-i4_loop": {
        "sounds": [
            {
                "name": "mtr:toyono-i4/loop",
                "pitch": 1,
                "attenuation_distance": 64
            }
        ]
    },
    "toyono-i4_motor": {
        "sounds": [
            {
                "name": "mtr:toyono-i4/motor",
                "pitch": 1,
                "attenuation_distance": 64
            }
        ]
    },
    "toyono-i4_run": {
        "sounds": [
            {
                "name": "mtr:toyono-i4/run",
                "pitch": 1,
                "attenuation_distance": 64
            }
        ]
    },
    "toyono-i4_rub": {
        "sounds": [
            {
                "name": "mtr:toyono-i4/rub",
                "pitch": 1,
                "attenuation_distance": 64
            }
        ]
    }
}