{
    "vehicles": [
        {
            "id": "gt6_80c_cab1",
            "name": "Karlsruhe Stadtbahn GT6-80C Cab (Forwards)",
            "color": "B92424",
            "transportMode": "TRAIN",
            "length": 15,
            "width": 2,
            "bogie1Position": -3.75,
            "bogie2Position": 7.5,
            "couplingPadding1": 0,
            "couplingPadding2": 0,
            "description": "Karlsruhe Stadtbahn train",
            "wikipediaArticle": "https://de.wikipedia.org/wiki/GT6-80C",
            "tags": [
                "S43-Tec",
                "Stadtbahn",
                "1987"
            ],
            "models": [
                {
                    "modelResource": "mtr:models/vehicle/s43tec_stadtbahn1987.bbmodel",
                    "textureResource": "mtr:textures/vehicle/s43tec_stadtbahn1987.png",
                    "modelPropertiesResource": "mtr:properties/vehicle/s43tec_stadtbahn1987_a.json",
                    "positionDefinitionsResource": "mtr:properties/definition/s43tec_stadtbahn.json",
                    "flipTextureV": false
                },
                {
                    "modelResource": "mtr:models/vehicle/s43tec_stadtbahn1987.bbmodel",
                    "textureResource": "mtr:textures/vehicle/s43tec_stadtbahn1987.png",
                    "modelPropertiesResource": "mtr:properties/vehicle/stadtbahn_scheinwerfer_a.json",
                    "positionDefinitionsResource": "mtr:properties/definition/s43tec_stadtbahn.json",
                    "flipTextureV": false
                }
            ],
            "bogie1Models": [
                {
                    "modelResource": "mtr:models/vehicle/s43tec_stadtbahn1987.bbmodel",
                    "textureResource": "mtr:textures/vehicle/s43tec_stadtbahn1987.png",
                    "modelPropertiesResource": "mtr:properties/vehicle/stadtbahn_drehgestell_zub.json",
                    "positionDefinitionsResource": "mtr:properties/definition/s43tec_stadtbahn.json",
                    "flipTextureV": false
                }
            ],
            "bogie2Models": [
                {
                    "modelResource": "mtr:models/vehicle/s43tec_stadtbahn1987.bbmodel",
                    "textureResource": "mtr:textures/vehicle/s43tec_stadtbahn1987.png",
                    "modelPropertiesResource": "mtr:properties/vehicle/stadtbahn_jakobsdrehgestell.json",
                    "positionDefinitionsResource": "mtr:properties/definition/s43tec_stadtbahn.json",
                    "flipTextureV": false
                }
            ],
            "hasGangway1": false,
            "hasGangway2": true,
            "hasBarrier1": false,
            "hasBarrier2": false,
            "legacyRiderOffset": 0,
            "bveSoundBaseResource": "stadtbahn_1987",
            "legacySpeedSoundBaseResource": "",
            "legacySpeedSoundCount": 1,
            "legacyUseAccelerationSoundsWhenCoasting": false,
            "legacyConstantPlaybackSpeed": false,
            "legacyDoorSoundBaseResource": "",
            "legacyDoorCloseSoundTime": 0
        },
        {
            "id": "gt6_80c_cab1_panto",
            "name": "Karlsruhe Stadtbahn GT6-80C (Forwards + Panto)",
            "color": "B92424",
            "transportMode": "TRAIN",
            "length": 15,
            "width": 2,
            "bogie1Position": -3.75,
            "bogie2Position": 7.5,
            "couplingPadding1": 0,
            "couplingPadding2": 0,
            "description": "",
            "wikipediaArticle": "",
            "tags": [
                "S43-Tec",
                "Stadtbahn",
                "1987"
            ],
            "models": [
                {
                    "modelResource": "mtr:models/vehicle/s43tec_stadtbahn1987.bbmodel",
                    "textureResource": "mtr:textures/vehicle/s43tec_stadtbahn1987.png",
                    "modelPropertiesResource": "mtr:properties/vehicle/s43tec_stadtbahn1987_a.json",
                    "positionDefinitionsResource": "mtr:properties/definition/s43tec_stadtbahn.json",
                    "flipTextureV": false
                },
                {
                    "modelResource": "mtr:models/vehicle/s43tec_stadtbahn1987.bbmodel",
                    "textureResource": "mtr:textures/vehicle/s43tec_stadtbahn1987.png",
                    "modelPropertiesResource": "mtr:properties/vehicle/stadtbahn_panto_a.json",
                    "positionDefinitionsResource": "mtr:properties/definition/s43tec_stadtbahn.json",
                    "flipTextureV": false
                }
            ],
            "bogie1Models": [
                {
                    "modelResource": "mtr:models/vehicle/s43tec_stadtbahn1987.bbmodel",
                    "textureResource": "mtr:textures/vehicle/s43tec_stadtbahn1987.png",
                    "modelPropertiesResource": "mtr:properties/vehicle/stadtbahn_drehgestell_zub.json",
                    "positionDefinitionsResource": "mtr:properties/definition/s43tec_stadtbahn.json",
                    "flipTextureV": false
                }
            ],
            "bogie2Models": [
                {
                    "modelResource": "mtr:models/vehicle/s43tec_stadtbahn1987.bbmodel",
                    "textureResource": "mtr:textures/vehicle/s43tec_stadtbahn1987.png",
                    "modelPropertiesResource": "mtr:properties/vehicle/stadtbahn_jakobsdrehgestell.json",
                    "positionDefinitionsResource": "mtr:properties/definition/s43tec_stadtbahn.json",
                    "flipTextureV": false
                }
            ],
            "hasGangway1": false,
            "hasGangway2": true,
            "hasBarrier1": false,
            "hasBarrier2": false,
            "legacyRiderOffset": 0,
            "bveSoundBaseResource": "stadtbahn_1987",
            "legacySpeedSoundBaseResource": "",
            "legacySpeedSoundCount": 1,
            "legacyUseAccelerationSoundsWhenCoasting": false,
            "legacyConstantPlaybackSpeed": false,
            "legacyDoorSoundBaseResource": "",
            "legacyDoorCloseSoundTime": 0
        },
        {
            "id": "gt6_80c_cab2",
            "name": "Karlsruhe Stadtbahn GT6-80C (Backwards)",
            "color": "B92424",
            "transportMode": "TRAIN",
            "length": 15,
            "width": 2,
            "bogie1Position": -7.5,
            "bogie2Position": 3.75,
            "couplingPadding1": 0,
            "couplingPadding2": 0,
            "description": "",
            "wikipediaArticle": "",
            "tags": [
                "S43-Tec",
                "Stadtbahn",
                "1987"
            ],
            "models": [
                {
                    "modelResource": "mtr:models/vehicle/s43tec_stadtbahn1987.bbmodel",
                    "textureResource": "mtr:textures/vehicle/s43tec_stadtbahn1987.png",
                    "modelPropertiesResource": "mtr:properties/vehicle/s43tec_stadtbahn1987_b.json",
                    "positionDefinitionsResource": "mtr:properties/definition/s43tec_stadtbahn.json",
                    "flipTextureV": false
                },
                {
                    "modelResource": "mtr:models/vehicle/s43tec_stadtbahn1987.bbmodel",
                    "textureResource": "mtr:textures/vehicle/s43tec_stadtbahn1987.png",
                    "modelPropertiesResource": "mtr:properties/vehicle/stadtbahn_scheinwerfer_b.json",
                    "positionDefinitionsResource": "mtr:properties/definition/s43tec_stadtbahn.json",
                    "flipTextureV": false
                }
            ],
            "bogie1Models": [],
            "bogie2Models": [
                {
                    "modelResource": "mtr:models/vehicle/s43tec_stadtbahn1987.bbmodel",
                    "textureResource": "mtr:textures/vehicle/s43tec_stadtbahn1987.png",
                    "modelPropertiesResource": "mtr:properties/vehicle/stadtbahn_drehgestell_zub_flipped.json",
                    "positionDefinitionsResource": "mtr:properties/definition/s43tec_stadtbahn.json",
                    "flipTextureV": false
                }
            ],
            "hasGangway1": true,
            "hasGangway2": false,
            "hasBarrier1": false,
            "hasBarrier2": false,
            "legacyRiderOffset": 0,
            "bveSoundBaseResource": "stadtbahn_1987",
            "legacySpeedSoundBaseResource": "",
            "legacySpeedSoundCount": 1,
            "legacyUseAccelerationSoundsWhenCoasting": false,
            "legacyConstantPlaybackSpeed": false,
            "legacyDoorSoundBaseResource": "",
            "legacyDoorCloseSoundTime": 0
        },
        {
            "id": "gt6_80c_car",
            "name": "Karlsruhe Stadtbahn GT6-80C (Trailer)",
            "color": "B92424",
            "transportMode": "TRAIN",
            "length": 12,
            "width": 2,
            "bogie1Position": -6,
            "bogie2Position": 6,
            "couplingPadding1": 0,
            "couplingPadding2": 0,
            "description": "",
            "wikipediaArticle": "",
            "tags": [
                "S43-Tec",
                "Stadtbahn",
                "1987"
            ],
            "models": [
                {
                    "modelResource": "mtr:models/vehicle/s43tec_stadtbahn1987.bbmodel",
                    "textureResource": "mtr:textures/vehicle/s43tec_stadtbahn1987.png",
                    "modelPropertiesResource": "mtr:properties/vehicle/s43tec_stadtbahn1987_m.json",
                    "positionDefinitionsResource": "mtr:properties/definition/s43tec_stadtbahn.json",
                    "flipTextureV": false
                }
            ],
            "bogie1Models": [],
            "bogie2Models": [
                {
                    "modelResource": "mtr:models/vehicle/s43tec_stadtbahn1987.bbmodel",
                    "textureResource": "mtr:textures/vehicle/s43tec_stadtbahn1987.png",
                    "modelPropertiesResource": "mtr:properties/vehicle/stadtbahn_jakobsdrehgestell.json",
                    "positionDefinitionsResource": "mtr:properties/definition/s43tec_stadtbahn.json",
                    "flipTextureV": false
                }
            ],
            "hasGangway1": true,
            "hasGangway2": true,
            "hasBarrier1": false,
            "hasBarrier2": false,
            "legacyRiderOffset": 0,
            "bveSoundBaseResource": "stadtbahn_1987",
            "legacySpeedSoundBaseResource": "",
            "legacySpeedSoundCount": 1,
            "legacyUseAccelerationSoundsWhenCoasting": false,
            "legacyConstantPlaybackSpeed": false,
            "legacyDoorSoundBaseResource": "",
            "legacyDoorCloseSoundTime": 0
        },
        {
            "id": "gt8_100d2s_m_cab1",
            "name": "Karlsruhe Stadtbahn GT8-100D/2S-M (Forwards)",
            "color": "B92424",
            "transportMode": "TRAIN",
            "length": 15,
            "width": 2,
            "bogie1Position": -3.75,
            "bogie2Position": 7.5,
            "couplingPadding1": 0,
            "couplingPadding2": 0,
            "description": "",
            "wikipediaArticle": "",
            "tags": [
                "S43-Tec",
                "Stadtbahn",
                "1995"
            ],
            "models": [
                {
                    "modelResource": "mtr:models/vehicle/s43tec_stadtbahn1995.bbmodel",
                    "textureResource": "mtr:textures/vehicle/s43tec_stadtbahn1995.png",
                    "modelPropertiesResource": "mtr:properties/vehicle/s43tec_stadtbahn1995_a.json",
                    "positionDefinitionsResource": "mtr:properties/definition/s43tec_stadtbahn.json",
                    "flipTextureV": false
                },
                {
                    "modelResource": "mtr:models/vehicle/s43tec_stadtbahn1995.bbmodel",
                    "textureResource": "mtr:textures/vehicle/s43tec_stadtbahn1995.png",
                    "modelPropertiesResource": "mtr:properties/vehicle/stadtbahn_scheinwerfer_a.json",
                    "positionDefinitionsResource": "mtr:properties/definition/s43tec_stadtbahn.json",
                    "flipTextureV": false
                }
            ],
            "bogie1Models": [
                {
                    "modelResource": "mtr:models/vehicle/s43tec_stadtbahn1995.bbmodel",
                    "textureResource": "mtr:textures/vehicle/s43tec_stadtbahn1995.png",
                    "modelPropertiesResource": "mtr:properties/vehicle/stadtbahn_drehgestell_zub.json",
                    "positionDefinitionsResource": "mtr:properties/definition/s43tec_stadtbahn.json",
                    "flipTextureV": false
                }
            ],
            "bogie2Models": [
                {
                    "modelResource": "mtr:models/vehicle/s43tec_stadtbahn1995.bbmodel",
                    "textureResource": "mtr:textures/vehicle/s43tec_stadtbahn1995.png",
                    "modelPropertiesResource": "mtr:properties/vehicle/stadtbahn_jakobsdrehgestell.json",
                    "positionDefinitionsResource": "mtr:properties/definition/s43tec_stadtbahn.json",
                    "flipTextureV": false
                }
            ],
            "hasGangway1": false,
            "hasGangway2": true,
            "hasBarrier1": false,
            "hasBarrier2": false,
            "legacyRiderOffset": 0,
            "bveSoundBaseResource": "stadtbahn_1995",
            "legacySpeedSoundBaseResource": "",
            "legacySpeedSoundCount": 1,
            "legacyUseAccelerationSoundsWhenCoasting": false,
            "legacyConstantPlaybackSpeed": false,
            "legacyDoorSoundBaseResource": "",
            "legacyDoorCloseSoundTime": 0
        },
        {
            "id": "gt8_100d2s_m_cab1_panto",
            "name": "Karlsruhe Stadtbahn GT8_100D/2S-M (Forwards + Panto)",
            "color": "B92424",
            "transportMode": "TRAIN",
            "length": 15,
            "width": 2,
            "bogie1Position": -3.75,
            "bogie2Position": 7.5,
            "couplingPadding1": 0,
            "couplingPadding2": 0,
            "description": "",
            "wikipediaArticle": "",
            "tags": [
                "S43-Tec",
                "Stadtbahn",
                "1995"
            ],
            "models": [
                {
                    "modelResource": "mtr:models/vehicle/s43tec_stadtbahn1995.bbmodel",
                    "textureResource": "mtr:textures/vehicle/s43tec_stadtbahn1995.png",
                    "modelPropertiesResource": "mtr:properties/vehicle/s43tec_stadtbahn1995_a.json",
                    "positionDefinitionsResource": "mtr:properties/definition/s43tec_stadtbahn.json",
                    "flipTextureV": false
                },
                {
                    "modelResource": "mtr:models/vehicle/s43tec_stadtbahn1995.bbmodel",
                    "textureResource": "mtr:textures/vehicle/s43tec_stadtbahn1995.png",
                    "modelPropertiesResource": "mtr:properties/vehicle/stadtbahn_panto_a.json",
                    "positionDefinitionsResource": "mtr:properties/definition/s43tec_stadtbahn.json",
                    "flipTextureV": false
                },
                {
                    "modelResource": "mtr:models/vehicle/s43tec_stadtbahn1995.bbmodel",
                    "textureResource": "mtr:textures/vehicle/s43tec_stadtbahn1995.png",
                    "modelPropertiesResource": "mtr:properties/vehicle/stadtbahn_scheinwerfer_a.json",
                    "positionDefinitionsResource": "mtr:properties/definition/s43tec_stadtbahn.json",
                    "flipTextureV": false
                }
            ],
            "bogie1Models": [
                {
                    "modelResource": "mtr:models/vehicle/s43tec_stadtbahn1995.bbmodel",
                    "textureResource": "mtr:textures/vehicle/s43tec_stadtbahn1995.png",
                    "modelPropertiesResource": "mtr:properties/vehicle/stadtbahn_drehgestell_zub.json",
                    "positionDefinitionsResource": "mtr:properties/definition/s43tec_stadtbahn.json",
                    "flipTextureV": false
                }
            ],
            "bogie2Models": [
                {
                    "modelResource": "mtr:models/vehicle/s43tec_stadtbahn1995.bbmodel",
                    "textureResource": "mtr:textures/vehicle/s43tec_stadtbahn1995.png",
                    "modelPropertiesResource": "mtr:properties/vehicle/stadtbahn_jakobsdrehgestell.json",
                    "positionDefinitionsResource": "mtr:properties/definition/s43tec_stadtbahn.json",
                    "flipTextureV": false
                }
            ],
            "hasGangway1": false,
            "hasGangway2": true,
            "hasBarrier1": false,
            "hasBarrier2": false,
            "legacyRiderOffset": 0,
            "bveSoundBaseResource": "stadtbahn_1995",
            "legacySpeedSoundBaseResource": "",
            "legacySpeedSoundCount": 1,
            "legacyUseAccelerationSoundsWhenCoasting": false,
            "legacyConstantPlaybackSpeed": false,
            "legacyDoorSoundBaseResource": "",
            "legacyDoorCloseSoundTime": 0
        },
        {
            "id": "gt8_100d2s_m_cab2",
            "name": "Karlsruhe Stadtbahn GT8-100D/2S-M (Backwards)",
            "color": "B92424",
            "transportMode": "TRAIN",
            "length": 15,
            "width": 2,
            "bogie1Position": -7.5,
            "bogie2Position": 3.75,
            "couplingPadding1": 0,
            "couplingPadding2": 0,
            "description": "",
            "wikipediaArticle": "",
            "tags": [
                "S43-Tec",
                "Stadtbahn",
                "1995"
            ],
            "models": [
                {
                    "modelResource": "mtr:models/vehicle/s43tec_stadtbahn1995.bbmodel",
                    "textureResource": "mtr:textures/vehicle/s43tec_stadtbahn1995.png",
                    "modelPropertiesResource": "mtr:properties/vehicle/s43tec_stadtbahn1995_b.json",
                    "positionDefinitionsResource": "mtr:properties/definition/s43tec_stadtbahn.json",
                    "flipTextureV": false
                },
                {
                    "modelResource": "mtr:models/vehicle/s43tec_stadtbahn1995.bbmodel",
                    "textureResource": "mtr:textures/vehicle/s43tec_stadtbahn1995.png",
                    "modelPropertiesResource": "mtr:properties/vehicle/stadtbahn_scheinwerfer_b.json",
                    "positionDefinitionsResource": "mtr:properties/definition/s43tec_stadtbahn.json",
                    "flipTextureV": false
                }
            ],
            "bogie1Models": [],
            "bogie2Models": [
                {
                    "modelResource": "mtr:models/vehicle/s43tec_stadtbahn1995.bbmodel",
                    "textureResource": "mtr:textures/vehicle/s43tec_stadtbahn1995.png",
                    "modelPropertiesResource": "mtr:properties/vehicle/stadtbahn_drehgestell_zub_flipped.json",
                    "positionDefinitionsResource": "mtr:properties/definition/s43tec_stadtbahn.json",
                    "flipTextureV": false
                }
            ],
            "hasGangway1": true,
            "hasGangway2": false,
            "hasBarrier1": false,
            "hasBarrier2": false,
            "legacyRiderOffset": 0,
            "bveSoundBaseResource": "stadtbahn_1995",
            "legacySpeedSoundBaseResource": "",
            "legacySpeedSoundCount": 1,
            "legacyUseAccelerationSoundsWhenCoasting": false,
            "legacyConstantPlaybackSpeed": false,
            "legacyDoorSoundBaseResource": "",
            "legacyDoorCloseSoundTime": 0
        },
        {
            "id": "gt8_100d2s_m_car",
            "name": "Karlsruhe Stadtbahn GT8-100D/2S-M (Trailer)",
            "color": "B92424",
            "transportMode": "TRAIN",
            "length": 12,
            "width": 2,
            "bogie1Position": -6,
            "bogie2Position": 6,
            "couplingPadding1": 0,
            "couplingPadding2": 0,
            "description": "",
            "wikipediaArticle": "",
            "tags": [
                "S43-Tec",
                "Stadtbahn",
                "1995"
            ],
            "models": [
                {
                    "modelResource": "mtr:models/vehicle/s43tec_stadtbahn1995.bbmodel",
                    "textureResource": "mtr:textures/vehicle/s43tec_stadtbahn1995.png",
                    "modelPropertiesResource": "mtr:properties/vehicle/s43tec_stadtbahn1995_m.json",
                    "positionDefinitionsResource": "mtr:properties/definition/s43tec_stadtbahn.json",
                    "flipTextureV": false
                }
            ],
            "bogie1Models": [],
            "bogie2Models": [
                {
                    "modelResource": "mtr:models/vehicle/s43tec_stadtbahn1995.bbmodel",
                    "textureResource": "mtr:textures/vehicle/s43tec_stadtbahn1995.png",
                    "modelPropertiesResource": "mtr:properties/vehicle/stadtbahn_jakobsdrehgestell.json",
                    "positionDefinitionsResource": "mtr:properties/definition/s43tec_stadtbahn.json",
                    "flipTextureV": false
                }
            ],
            "hasGangway1": true,
            "hasGangway2": true,
            "hasBarrier1": false,
            "hasBarrier2": false,
            "legacyRiderOffset": 0,
            "bveSoundBaseResource": "stadtbahn_1995",
            "legacySpeedSoundBaseResource": "",
            "legacySpeedSoundCount": 1,
            "legacyUseAccelerationSoundsWhenCoasting": false,
            "legacyConstantPlaybackSpeed": false,
            "legacyDoorSoundBaseResource": "",
            "legacyDoorCloseSoundTime": 0
        }
    ],
    "signs": [],
    "rails": [],
    "objects": [],
    "lifts": []
}