{"transport_mode":"TRAIN","length":11,"width":2,"door_max":13,"parts":[{"name":"roof_end_interior","stage":"INTERIOR","mirror":true,"skip_rendering_if_too_far":false,"door_offset":"NONE","render_condition":"ALL","positions":[[0.0,80.0]],"whitelisted_cars":"%2+1","blacklisted_cars":"%1"},{"name":"roof_end_interior","stage":"INTERIOR","mirror":false,"skip_rendering_if_too_far":false,"door_offset":"NONE","render_condition":"ALL","positions":[[0.0,-80.0]],"whitelisted_cars":"%2+2","blacklisted_cars":"%1"},{"name":"end_handrails","stage":"INTERIOR","mirror":true,"skip_rendering_if_too_far":true,"door_offset":"NONE","render_condition":"ALL","positions":[[0.0,80.0]],"whitelisted_cars":"%2+1","blacklisted_cars":"%1"},{"name":"end_handrails","stage":"INTERIOR","mirror":false,"skip_rendering_if_too_far":true,"door_offset":"NONE","render_condition":"ALL","positions":[[0.0,-80.0]],"whitelisted_cars":"%2+2","blacklisted_cars":"%1"},{"name":"door_handrail_interior","stage":"INTERIOR","mirror":false,"skip_rendering_if_too_far":true,"door_offset":"NONE","render_condition":"ALL","positions":[[0.0,40.0]],"whitelisted_cars":"%2+1","blacklisted_cars":"%1"},{"name":"door_handrail_interior","stage":"INTERIOR","mirror":true,"skip_rendering_if_too_far":true,"door_offset":"NONE","render_condition":"ALL","positions":[[0.0,40.0]],"whitelisted_cars":"%2+1","blacklisted_cars":"%1"},{"name":"door_handrail_interior","stage":"INTERIOR","mirror":false,"skip_rendering_if_too_far":true,"door_offset":"NONE","render_condition":"ALL","positions":[[0.0,-40.0]],"whitelisted_cars":"%2+2","blacklisted_cars":"%1"},{"name":"door_handrail_interior","stage":"INTERIOR","mirror":true,"skip_rendering_if_too_far":true,"door_offset":"NONE","render_condition":"ALL","positions":[[0.0,-40.0]],"whitelisted_cars":"%2+2","blacklisted_cars":"%1"},{"name":"roof_door_interior","stage":"INTERIOR","mirror":true,"skip_rendering_if_too_far":false,"door_offset":"NONE","render_condition":"ALL","positions":[[0.0,40.0]],"whitelisted_cars":"%2+1","blacklisted_cars":"%1"},{"name":"roof_door_interior","stage":"INTERIOR","mirror":false,"skip_rendering_if_too_far":false,"door_offset":"NONE","render_condition":"ALL","positions":[[0.0,40.0]],"whitelisted_cars":"%2+1","blacklisted_cars":"%1"},{"name":"roof_door_interior","stage":"INTERIOR","mirror":true,"skip_rendering_if_too_far":false,"door_offset":"NONE","render_condition":"ALL","positions":[[0.0,-40.0]],"whitelisted_cars":"%2+2","blacklisted_cars":"%1"},{"name":"roof_door_interior","stage":"INTERIOR","mirror":false,"skip_rendering_if_too_far":false,"door_offset":"NONE","render_condition":"ALL","positions":[[0.0,-40.0]],"whitelisted_cars":"%2+2","blacklisted_cars":"%1"},{"name":"end_exterior","stage":"EXTERIOR","mirror":true,"skip_rendering_if_too_far":false,"door_offset":"NONE","render_condition":"ALL","positions":[[0.0,80.0]],"whitelisted_cars":"%2+1","blacklisted_cars":"%1"},{"name":"end_exterior","stage":"EXTERIOR","mirror":false,"skip_rendering_if_too_far":false,"door_offset":"NONE","render_condition":"ALL","positions":[[0.0,-80.0]],"whitelisted_cars":"%2+2","blacklisted_cars":"%1"},{"name":"end_interior","stage":"INTERIOR","mirror":true,"skip_rendering_if_too_far":false,"door_offset":"NONE","render_condition":"ALL","positions":[[0.0,80.0]],"whitelisted_cars":"%2+1","blacklisted_cars":"%1"},{"name":"end_interior","stage":"INTERIOR","mirror":false,"skip_rendering_if_too_far":false,"door_offset":"NONE","render_condition":"ALL","positions":[[0.0,-80.0]],"whitelisted_cars":"%2+2","blacklisted_cars":"%1"},{"name":"door_right","stage":"INTERIOR","mirror":false,"skip_rendering_if_too_far":false,"door_offset":"LEFT_POSITIVE","render_condition":"ALL","positions":[[0.0,40.0]],"whitelisted_cars":"%2+1","blacklisted_cars":"%1"},{"name":"door_left","stage":"INTERIOR","mirror":false,"skip_rendering_if_too_far":false,"door_offset":"LEFT_NEGATIVE","render_condition":"ALL","positions":[[0.0,40.0]],"whitelisted_cars":"%2+1","blacklisted_cars":"%1"},{"name":"door_right","stage":"INTERIOR","mirror":true,"skip_rendering_if_too_far":false,"door_offset":"RIGHT_POSITIVE","render_condition":"ALL","positions":[[0.0,40.0]],"whitelisted_cars":"%2+1","blacklisted_cars":"%1"},{"name":"door_left","stage":"INTERIOR","mirror":true,"skip_rendering_if_too_far":false,"door_offset":"RIGHT_NEGATIVE","render_condition":"ALL","positions":[[0.0,40.0]],"whitelisted_cars":"%2+1","blacklisted_cars":"%1"},{"name":"upper_stair_up","stage":"INTERIOR","mirror":false,"skip_rendering_if_too_far":false,"door_offset":"NONE","render_condition":"ALL","positions":[[0.0,40.0]],"whitelisted_cars":"%2+1","blacklisted_cars":"%1"},{"name":"upper_stair_up","stage":"INTERIOR","mirror":true,"skip_rendering_if_too_far":false,"door_offset":"NONE","render_condition":"ALL","positions":[[0.0,40.0]],"whitelisted_cars":"%2+1","blacklisted_cars":"%1"},{"name":"lower_stair_up","stage":"INTERIOR","mirror":true,"skip_rendering_if_too_far":false,"door_offset":"NONE","render_condition":"ALL","positions":[[0.0,40.0]],"whitelisted_cars":"%2+1","blacklisted_cars":"%1"},{"name":"lower_stair_up","stage":"INTERIOR","mirror":false,"skip_rendering_if_too_far":false,"door_offset":"NONE","render_condition":"ALL","positions":[[0.0,40.0]],"whitelisted_cars":"%2+1","blacklisted_cars":"%1"},{"name":"door_interior","stage":"INTERIOR","mirror":false,"skip_rendering_if_too_far":false,"door_offset":"NONE","render_condition":"ALL","positions":[[0.0,40.0]],"whitelisted_cars":"%2+1","blacklisted_cars":"%1"},{"name":"door_interior","stage":"INTERIOR","mirror":true,"skip_rendering_if_too_far":false,"door_offset":"NONE","render_condition":"ALL","positions":[[0.0,40.0]],"whitelisted_cars":"%2+1","blacklisted_cars":"%1"},{"name":"door_right_exterior","stage":"EXTERIOR","mirror":false,"skip_rendering_if_too_far":false,"door_offset":"RIGHT_NEGATIVE","render_condition":"ALL","positions":[[0.0,40.0]],"whitelisted_cars":"%2+1","blacklisted_cars":"%1"},{"name":"door_left_exterior","stage":"EXTERIOR","mirror":false,"skip_rendering_if_too_far":false,"door_offset":"RIGHT_POSITIVE","render_condition":"ALL","positions":[[0.0,40.0]],"whitelisted_cars":"%2+1","blacklisted_cars":"%1"},{"name":"door_right_exterior","stage":"EXTERIOR","mirror":true,"skip_rendering_if_too_far":false,"door_offset":"LEFT_NEGATIVE","render_condition":"ALL","positions":[[0.0,40.0]],"whitelisted_cars":"%2+1","blacklisted_cars":"%1"},{"name":"door_left_exterior","stage":"EXTERIOR","mirror":true,"skip_rendering_if_too_far":false,"door_offset":"LEFT_POSITIVE","render_condition":"ALL","positions":[[0.0,40.0]],"whitelisted_cars":"%2+1","blacklisted_cars":"%1"},{"name":"door_exterior","stage":"EXTERIOR","mirror":true,"skip_rendering_if_too_far":false,"door_offset":"NONE","render_condition":"ALL","positions":[[0.0,40.0]],"whitelisted_cars":"%2+1","blacklisted_cars":"%1"},{"name":"door_exterior","stage":"EXTERIOR","mirror":false,"skip_rendering_if_too_far":false,"door_offset":"NONE","render_condition":"ALL","positions":[[0.0,40.0]],"whitelisted_cars":"%2+1","blacklisted_cars":"%1"},{"name":"window_exterior","stage":"EXTERIOR","mirror":true,"skip_rendering_if_too_far":false,"door_offset":"NONE","render_condition":"ALL","positions":[[0.0,7.0]],"whitelisted_cars":"%2+1","blacklisted_cars":"%1"},{"name":"window_exterior","stage":"EXTERIOR","mirror":false,"skip_rendering_if_too_far":false,"door_offset":"NONE","render_condition":"ALL","positions":[[0.0,-7.0]],"whitelisted_cars":"%2+2","blacklisted_cars":"%1"},{"name":"door_interior","stage":"INTERIOR","mirror":false,"skip_rendering_if_too_far":false,"door_offset":"NONE","render_condition":"ALL","positions":[[0.0,-40.0]],"whitelisted_cars":"%2+2","blacklisted_cars":"%1"},{"name":"door_interior","stage":"INTERIOR","mirror":true,"skip_rendering_if_too_far":false,"door_offset":"NONE","render_condition":"ALL","positions":[[0.0,-40.0]],"whitelisted_cars":"%2+2","blacklisted_cars":"%1"},{"name":"lower_stair_up","stage":"INTERIOR","mirror":false,"skip_rendering_if_too_far":false,"door_offset":"NONE","render_condition":"ALL","positions":[[0.0,-40.0]],"whitelisted_cars":"%2+2","blacklisted_cars":"%1"},{"name":"lower_stair_up","stage":"INTERIOR","mirror":true,"skip_rendering_if_too_far":false,"door_offset":"NONE","render_condition":"ALL","positions":[[0.0,-40.0]],"whitelisted_cars":"%2+2","blacklisted_cars":"%1"},{"name":"upper_stair_up","stage":"INTERIOR","mirror":false,"skip_rendering_if_too_far":false,"door_offset":"NONE","render_condition":"ALL","positions":[[0.0,-40.0]],"whitelisted_cars":"%2+2","blacklisted_cars":"%1"},{"name":"upper_stair_up","stage":"INTERIOR","mirror":true,"skip_rendering_if_too_far":false,"door_offset":"NONE","render_condition":"ALL","positions":[[0.0,-40.0]],"whitelisted_cars":"%2+2","blacklisted_cars":"%1"},{"name":"door_right_exterior","stage":"EXTERIOR","mirror":false,"skip_rendering_if_too_far":false,"door_offset":"RIGHT_NEGATIVE","render_condition":"ALL","positions":[[0.0,-40.0]],"whitelisted_cars":"%2+2","blacklisted_cars":"%1"},{"name":"door_left_exterior","stage":"EXTERIOR","mirror":false,"skip_rendering_if_too_far":false,"door_offset":"RIGHT_POSITIVE","render_condition":"ALL","positions":[[0.0,-40.0]],"whitelisted_cars":"%2+2","blacklisted_cars":"%1"},{"name":"door_right_exterior","stage":"EXTERIOR","mirror":true,"skip_rendering_if_too_far":false,"door_offset":"LEFT_NEGATIVE","render_condition":"ALL","positions":[[0.0,-40.0]],"whitelisted_cars":"%2+2","blacklisted_cars":"%1"},{"name":"door_left_exterior","stage":"EXTERIOR","mirror":true,"skip_rendering_if_too_far":false,"door_offset":"LEFT_POSITIVE","render_condition":"ALL","positions":[[0.0,-40.0]],"whitelisted_cars":"%2+2","blacklisted_cars":"%1"},{"name":"door_right","stage":"INTERIOR","mirror":false,"skip_rendering_if_too_far":false,"door_offset":"LEFT_POSITIVE","render_condition":"ALL","positions":[[0.0,-40.0]],"whitelisted_cars":"%2+2","blacklisted_cars":"%1"},{"name":"door_left","stage":"INTERIOR","mirror":false,"skip_rendering_if_too_far":false,"door_offset":"LEFT_NEGATIVE","render_condition":"ALL","positions":[[0.0,-40.0]],"whitelisted_cars":"%2+2","blacklisted_cars":"%1"},{"name":"door_right","stage":"INTERIOR","mirror":true,"skip_rendering_if_too_far":false,"door_offset":"RIGHT_POSITIVE","render_condition":"ALL","positions":[[0.0,-40.0]],"whitelisted_cars":"%2+2","blacklisted_cars":"%1"},{"name":"door_left","stage":"INTERIOR","mirror":true,"skip_rendering_if_too_far":false,"door_offset":"RIGHT_NEGATIVE","render_condition":"ALL","positions":[[0.0,-40.0]],"whitelisted_cars":"%2+2","blacklisted_cars":"%1"},{"name":"door_exterior","stage":"EXTERIOR","mirror":false,"skip_rendering_if_too_far":false,"door_offset":"NONE","render_condition":"ALL","positions":[[0.0,-40.0]],"whitelisted_cars":"%2+2","blacklisted_cars":"%1"},{"name":"door_exterior","stage":"EXTERIOR","mirror":true,"skip_rendering_if_too_far":false,"door_offset":"NONE","render_condition":"ALL","positions":[[0.0,-40.0]],"whitelisted_cars":"%2+2","blacklisted_cars":"%1"},{"name":"window_interior","stage":"INTERIOR","mirror":true,"skip_rendering_if_too_far":false,"door_offset":"NONE","render_condition":"ALL","positions":[[0.0,7.0]],"whitelisted_cars":"%2+1","blacklisted_cars":"%1"},{"name":"window_interior","stage":"INTERIOR","mirror":false,"skip_rendering_if_too_far":false,"door_offset":"NONE","render_condition":"ALL","positions":[[0.0,-7.0]],"whitelisted_cars":"%2+2","blacklisted_cars":"%1"},{"name":"window_handrail","stage":"INTERIOR","mirror":true,"skip_rendering_if_too_far":true,"door_offset":"NONE","render_condition":"ALL","positions":[[0.0,7.0]],"whitelisted_cars":"%2+1","blacklisted_cars":"%1"},{"name":"window_handrail","stage":"INTERIOR","mirror":false,"skip_rendering_if_too_far":true,"door_offset":"NONE","render_condition":"ALL","positions":[[0.0,-7.0]],"whitelisted_cars":"%2+2","blacklisted_cars":"%1"},{"name":"door_head_right","stage":"INTERIOR","mirror":true,"skip_rendering_if_too_far":false,"door_offset":"RIGHT_NEGATIVE","render_condition":"ALL","positions":[[0.0,-65.0]],"whitelisted_cars":"%2+1","blacklisted_cars":"%1"},{"name":"door_head_left","stage":"INTERIOR","mirror":false,"skip_rendering_if_too_far":false,"door_offset":"LEFT_POSITIVE","render_condition":"ALL","positions":[[0.0,-65.0]],"whitelisted_cars":"%2+1","blacklisted_cars":"%1"},{"name":"door_head_right","stage":"INTERIOR","mirror":false,"skip_rendering_if_too_far":false,"door_offset":"LEFT_NEGATIVE","render_condition":"ALL","positions":[[0.0,65.0]],"whitelisted_cars":"%2+2","blacklisted_cars":"%1"},{"name":"door_head_left","stage":"INTERIOR","mirror":true,"skip_rendering_if_too_far":false,"door_offset":"RIGHT_POSITIVE","render_condition":"ALL","positions":[[0.0,65.0]],"whitelisted_cars":"%2+2","blacklisted_cars":"%1"},{"name":"door_head_left_exterior","stage":"EXTERIOR","mirror":false,"skip_rendering_if_too_far":false,"door_offset":"LEFT_POSITIVE","render_condition":"ALL","positions":[[0.0,-65.0]],"whitelisted_cars":"%2+1","blacklisted_cars":"%1"},{"name":"door_head_right_exterior","stage":"EXTERIOR","mirror":true,"skip_rendering_if_too_far":false,"door_offset":"RIGHT_NEGATIVE","render_condition":"ALL","positions":[[0.0,-65.0]],"whitelisted_cars":"%2+1","blacklisted_cars":"%1"},{"name":"door_head_left_exterior","stage":"EXTERIOR","mirror":true,"skip_rendering_if_too_far":false,"door_offset":"RIGHT_POSITIVE","render_condition":"ALL","positions":[[0.0,65.0]],"whitelisted_cars":"%2+2","blacklisted_cars":"%1"},{"name":"door_head_right_exterior","stage":"EXTERIOR","mirror":false,"skip_rendering_if_too_far":false,"door_offset":"LEFT_NEGATIVE","render_condition":"ALL","positions":[[0.0,65.0]],"whitelisted_cars":"%2+2","blacklisted_cars":"%1"},{"name":"temporarily_bogie","stage":"EXTERIOR","mirror":false,"skip_rendering_if_too_far":false,"door_offset":"NONE","render_condition":"ALL","positions":[[0.0,96.0],[0.0,-20.0]],"whitelisted_cars":"%2+1","blacklisted_cars":"%1"},{"name":"temporarily_bogie","stage":"EXTERIOR","mirror":false,"skip_rendering_if_too_far":false,"door_offset":"NONE","render_condition":"ALL","positions":[[0.0,20.0]],"whitelisted_cars":"%2+2","blacklisted_cars":"%1"},{"name":"seat_red","stage":"INTERIOR","mirror":true,"skip_rendering_if_too_far":false,"door_offset":"NONE","render_condition":"ALL","positions":[[0.0,80.5],[0.0,65.5]],"whitelisted_cars":"%2+1","blacklisted_cars":"%1"},{"name":"seat_red","stage":"INTERIOR","mirror":false,"skip_rendering_if_too_far":false,"door_offset":"NONE","render_condition":"ALL","positions":[[0.0,-80.5],[0.0,-65.5]],"whitelisted_cars":"%2+2","blacklisted_cars":"%1"},{"name":"seat_blue","stage":"INTERIOR","mirror":true,"skip_rendering_if_too_far":false,"door_offset":"NONE","render_condition":"ALL","positions":[[0.0,-32.0]],"whitelisted_cars":"%2+1","blacklisted_cars":"%1"},{"name":"seat_blue","stage":"INTERIOR","mirror":false,"skip_rendering_if_too_far":false,"door_offset":"NONE","render_condition":"ALL","positions":[[0.0,-33.0]],"whitelisted_cars":"%2+1","blacklisted_cars":"%1"},{"name":"seat_blue","stage":"INTERIOR","mirror":false,"skip_rendering_if_too_far":false,"door_offset":"NONE","render_condition":"ALL","positions":[[0.0,32.0]],"whitelisted_cars":"%2+2","blacklisted_cars":"%1"},{"name":"seat_blue","stage":"INTERIOR","mirror":true,"skip_rendering_if_too_far":false,"door_offset":"NONE","render_condition":"ALL","positions":[[0.0,33.0]],"whitelisted_cars":"%2+2","blacklisted_cars":"%1"},{"name":"seat_red","stage":"INTERIOR","mirror":false,"skip_rendering_if_too_far":false,"door_offset":"NONE","render_condition":"ALL","positions":[[0.0,0.0],[0.0,14.5],[0.0,-14.5]],"whitelisted_cars":"","blacklisted_cars":""},{"name":"roof_head_interior","stage":"INTERIOR","mirror":false,"skip_rendering_if_too_far":false,"door_offset":"NONE","render_condition":"ALL","positions":[[0.0,56.0]],"whitelisted_cars":"%2+2","blacklisted_cars":"%1"},{"name":"roof_head_interior","stage":"INTERIOR","mirror":true,"skip_rendering_if_too_far":false,"door_offset":"NONE","render_condition":"ALL","positions":[[0.0,-56.0]],"whitelisted_cars":"%2+1","blacklisted_cars":"%1"},{"name":"roof_window_interior","stage":"INTERIOR","mirror":false,"skip_rendering_if_too_far":false,"door_offset":"NONE","render_condition":"ALL","positions":[[0.0,10.5],[0.0,-10.5]],"whitelisted_cars":"","blacklisted_cars":""},{"name":"roof_window_interior","stage":"INTERIOR","mirror":true,"skip_rendering_if_too_far":false,"door_offset":"NONE","render_condition":"ALL","positions":[[0.0,10.5],[0.0,-10.5]],"whitelisted_cars":"","blacklisted_cars":""},{"name":"roof_window_interior","stage":"INTERIOR","mirror":false,"skip_rendering_if_too_far":false,"door_offset":"NONE","render_condition":"ALL","positions":[[0.0,-31.5]],"whitelisted_cars":"%2+1","blacklisted_cars":"%1"},{"name":"roof_window_interior","stage":"INTERIOR","mirror":true,"skip_rendering_if_too_far":false,"door_offset":"NONE","render_condition":"ALL","positions":[[0.0,-31.5]],"whitelisted_cars":"%2+1","blacklisted_cars":"%1"},{"name":"roof_window_interior","stage":"INTERIOR","mirror":false,"skip_rendering_if_too_far":false,"door_offset":"NONE","render_condition":"ALL","positions":[[0.0,31.5]],"whitelisted_cars":"%2+2","blacklisted_cars":"%1"},{"name":"roof_window_interior","stage":"INTERIOR","mirror":true,"skip_rendering_if_too_far":false,"door_offset":"NONE","render_condition":"ALL","positions":[[0.0,31.5]],"whitelisted_cars":"%2+2","blacklisted_cars":"%1"},{"name":"stairs_head","stage":"INTERIOR","mirror":false,"skip_rendering_if_too_far":false,"door_offset":"NONE","render_condition":"ALL","positions":[[0.0,-56.5]],"whitelisted_cars":"%2+1","blacklisted_cars":"%1"},{"name":"stairs_head","stage":"INTERIOR","mirror":true,"skip_rendering_if_too_far":false,"door_offset":"NONE","render_condition":"ALL","positions":[[0.0,-56.5]],"whitelisted_cars":"%2+1","blacklisted_cars":"%1"},{"name":"stairs_head","stage":"INTERIOR","mirror":false,"skip_rendering_if_too_far":false,"door_offset":"NONE","render_condition":"ALL","positions":[[0.0,56.5]],"whitelisted_cars":"%2+2","blacklisted_cars":"%1"},{"name":"stairs_head","stage":"INTERIOR","mirror":true,"skip_rendering_if_too_far":false,"door_offset":"NONE","render_condition":"ALL","positions":[[0.0,56.5]],"whitelisted_cars":"%2+2","blacklisted_cars":"%1"},{"name":"lower_stairs_up_head","stage":"INTERIOR","mirror":false,"skip_rendering_if_too_far":false,"door_offset":"NONE","render_condition":"ALL","positions":[[0.0,56.5]],"whitelisted_cars":"%2+2","blacklisted_cars":"%1"},{"name":"lower_stairs_up_head","stage":"INTERIOR","mirror":true,"skip_rendering_if_too_far":false,"door_offset":"NONE","render_condition":"ALL","positions":[[0.0,56.5]],"whitelisted_cars":"%2+2","blacklisted_cars":"%1"},{"name":"lower_stairs_up_head","stage":"INTERIOR","mirror":false,"skip_rendering_if_too_far":false,"door_offset":"NONE","render_condition":"ALL","positions":[[0.0,-56.5]],"whitelisted_cars":"%2+1","blacklisted_cars":"%1"},{"name":"lower_stairs_up_head","stage":"INTERIOR","mirror":true,"skip_rendering_if_too_far":false,"door_offset":"NONE","render_condition":"ALL","positions":[[0.0,-56.5]],"whitelisted_cars":"%2+1","blacklisted_cars":"%1"},{"name":"upper_stairs_up_head","stage":"INTERIOR","mirror":false,"skip_rendering_if_too_far":false,"door_offset":"NONE","render_condition":"ALL","positions":[[0.0,56.5]],"whitelisted_cars":"%2+2","blacklisted_cars":"%1"},{"name":"upper_stairs_up_head","stage":"INTERIOR","mirror":true,"skip_rendering_if_too_far":false,"door_offset":"NONE","render_condition":"ALL","positions":[[0.0,56.5]],"whitelisted_cars":"%2+2","blacklisted_cars":"%1"},{"name":"upper_stairs_up_head","stage":"INTERIOR","mirror":true,"skip_rendering_if_too_far":false,"door_offset":"NONE","render_condition":"ALL","positions":[[0.0,-56.5]],"whitelisted_cars":"%2+1","blacklisted_cars":"%1"},{"name":"upper_stairs_up_head","stage":"INTERIOR","mirror":false,"skip_rendering_if_too_far":false,"door_offset":"NONE","render_condition":"ALL","positions":[[0.0,-56.5]],"whitelisted_cars":"%2+1","blacklisted_cars":"%1"},{"name":"head_interior","stage":"INTERIOR","mirror":true,"skip_rendering_if_too_far":false,"door_offset":"NONE","render_condition":"ALL","positions":[[0.0,-56.0]],"whitelisted_cars":"%2+1","blacklisted_cars":"%1"},{"name":"head_interior","stage":"INTERIOR","mirror":false,"skip_rendering_if_too_far":false,"door_offset":"NONE","render_condition":"ALL","positions":[[0.0,56.0]],"whitelisted_cars":"%2+2","blacklisted_cars":"%1"},{"name":"head_exterior","stage":"EXTERIOR","mirror":false,"skip_rendering_if_too_far":false,"door_offset":"NONE","render_condition":"ALL","positions":[[0.0,56.0]],"whitelisted_cars":"%2+2","blacklisted_cars":"%1"},{"name":"head_exterior","stage":"EXTERIOR","mirror":true,"skip_rendering_if_too_far":false,"door_offset":"NONE","render_condition":"ALL","positions":[[0.0,-56.0]],"whitelisted_cars":"%2+1","blacklisted_cars":"%1"},{"name":"roof_light","stage":"LIGHTS","mirror":false,"skip_rendering_if_too_far":false,"door_offset":"NONE","render_condition":"ALL","positions":[[0.0,0.0],[0.0,45.0],[0.0,-45.0],[0.0,32.0],[0.0,-32.0]],"whitelisted_cars":"","blacklisted_cars":""},{"name":"roof_light","stage":"LIGHTS","mirror":false,"skip_rendering_if_too_far":false,"door_offset":"NONE","render_condition":"ALL","positions":[[0.0,-72.0]],"whitelisted_cars":"%2+2","blacklisted_cars":"%1"},{"name":"roof_light","stage":"LIGHTS","mirror":false,"skip_rendering_if_too_far":false,"door_offset":"NONE","render_condition":"ALL","positions":[[0.0,72.0]],"whitelisted_cars":"%2+1","blacklisted_cars":"%1"},{"name":"headlights","stage":"ALWAYS_ON_LIGHTS","mirror":true,"skip_rendering_if_too_far":false,"door_offset":"NONE","render_condition":"MOVING_FORWARDS","positions":[[0.0,-56.0]],"whitelisted_cars":"1","blacklisted_cars":"%1"},{"name":"headlights","stage":"ALWAYS_ON_LIGHTS","mirror":false,"skip_rendering_if_too_far":false,"door_offset":"NONE","render_condition":"MOVING_BACKWARDS","positions":[[0.0,56.0]],"whitelisted_cars":"-1","blacklisted_cars":"%1"},{"name":"tail_lights","stage":"ALWAYS_ON_LIGHTS","mirror":false,"skip_rendering_if_too_far":false,"door_offset":"NONE","render_condition":"MOVING_FORWARDS","positions":[[0.0,56.0]],"whitelisted_cars":"-1","blacklisted_cars":"%1"},{"name":"tail_lights","stage":"ALWAYS_ON_LIGHTS","mirror":true,"skip_rendering_if_too_far":false,"door_offset":"NONE","render_condition":"MOVING_BACKWARDS","positions":[[0.0,-56.0]],"whitelisted_cars":"1","blacklisted_cars":"%1"},{"name":"head_handrails","stage":"INTERIOR","mirror":true,"skip_rendering_if_too_far":true,"door_offset":"NONE","render_condition":"ALL","positions":[[0.0,-60.0]],"whitelisted_cars":"%2+1","blacklisted_cars":"%1"},{"name":"head_handrails","stage":"INTERIOR","mirror":false,"skip_rendering_if_too_far":true,"door_offset":"NONE","render_condition":"ALL","positions":[[0.0,60.0]],"whitelisted_cars":"%2+2","blacklisted_cars":"%1"},{"name":"onboard_processor_2","stage":"INTERIOR","mirror":false,"skip_rendering_if_too_far":true,"door_offset":"NONE","render_condition":"ALL","positions":[[0.0,44.0]],"whitelisted_cars":"%2+2","blacklisted_cars":"%1"},{"name":"onboard_processor_2","stage":"INTERIOR","mirror":true,"skip_rendering_if_too_far":true,"door_offset":"NONE","render_condition":"ALL","positions":[[0.0,-44.0]],"whitelisted_cars":"%2+1","blacklisted_cars":"%1"},{"name":"onboard_processor_1","stage":"INTERIOR","mirror":false,"skip_rendering_if_too_far":true,"door_offset":"NONE","render_condition":"ALL","positions":[[0.0,23.0]],"whitelisted_cars":"%2+1","blacklisted_cars":"%1"},{"name":"onboard_processor_1","stage":"INTERIOR","mirror":true,"skip_rendering_if_too_far":false,"door_offset":"NONE","render_condition":"ALL","positions":[[0.0,-23.0]],"whitelisted_cars":"%2+2","blacklisted_cars":"%1"},{"name":"window_seat_handrail","stage":"INTERIOR","mirror":false,"skip_rendering_if_too_far":true,"door_offset":"NONE","render_condition":"ALL","positions":[[0.0,1.5],[0.0,-9.5],[0.0,-21.5]],"whitelisted_cars":"%2+1","blacklisted_cars":"%1"},{"name":"window_seat_handrail","stage":"INTERIOR","mirror":false,"skip_rendering_if_too_far":true,"door_offset":"NONE","render_condition":"ALL","positions":[[0.0,-1.5],[0.0,9.5],[0.0,21.5]],"whitelisted_cars":"%2+2","blacklisted_cars":"%1"},{"name":"window_seat_handrail","stage":"INTERIOR","mirror":true,"skip_rendering_if_too_far":true,"door_offset":"NONE","render_condition":"ALL","positions":[[0.0,1.5],[0.0,-9.5],[0.0,-21.5]],"whitelisted_cars":"%2+1","blacklisted_cars":"%1"},{"name":"window_seat_handrail","stage":"INTERIOR","mirror":true,"skip_rendering_if_too_far":true,"door_offset":"NONE","render_condition":"ALL","positions":[[0.0,-1.5],[0.0,9.5],[0.0,21.5]],"whitelisted_cars":"%2+2","blacklisted_cars":"%1"},{"name":"route_number_head","stage":"EXTERIOR","mirror":true,"skip_rendering_if_too_far":false,"door_offset":"NONE","render_condition":"ALL","positions":[[0.0,-56.0]],"whitelisted_cars":"%2+1","blacklisted_cars":"%1","display":{"x_padding":0,"y_padding":0,"cjk_size_ratio":0,"type":"ROUTE_NUMBER","color_cjk":"FF9900","color":"FF9900","should_scroll":false,"force_upper_case":true,"force_single_line":true}},{"name":"route_destination_head","stage":"EXTERIOR","mirror":true,"skip_rendering_if_too_far":false,"door_offset":"NONE","render_condition":"ALL","positions":[[0.0,-56.0]],"whitelisted_cars":"%2+1","blacklisted_cars":"%1","display":{"x_padding":0,"y_padding":0,"cjk_size_ratio":0,"type":"DESTINATION","color_cjk":"FF9900","color":"FF9900","should_scroll":false,"force_upper_case":true,"force_single_line":true}},{"name":"route_destination_head","stage":"EXTERIOR","mirror":false,"skip_rendering_if_too_far":false,"door_offset":"NONE","render_condition":"ALL","positions":[[0.0,56.0]],"whitelisted_cars":"%2+2","blacklisted_cars":"%1","display":{"x_padding":0.0,"y_padding":0.0,"cjk_size_ratio":0.0,"type":"DESTINATION","color_cjk":"FF9900","color":"FF9900","should_scroll":false,"force_upper_case":true,"force_single_line":true}},{"name":"route_number_head","stage":"EXTERIOR","mirror":false,"skip_rendering_if_too_far":false,"door_offset":"NONE","render_condition":"ALL","positions":[[0.0,56.0]],"whitelisted_cars":"%2+2","blacklisted_cars":"%1","display":{"x_padding":0,"y_padding":0,"cjk_size_ratio":0,"type":"ROUTE_NUMBER","color_cjk":"FF9900","color":"FF9900","should_scroll":false,"force_upper_case":true,"force_single_line":true}},{"name":"destination_sign_window","stage":"INTERIOR","mirror":true,"skip_rendering_if_too_far":false,"door_offset":"NONE","render_condition":"ALL","positions":[[0.0,8.5]],"whitelisted_cars":"%2+1","blacklisted_cars":"%1"},{"name":"destination_sign_window","stage":"INTERIOR","mirror":false,"skip_rendering_if_too_far":false,"door_offset":"NONE","render_condition":"ALL","positions":[[0.0,-8.5]],"whitelisted_cars":"%2+2","blacklisted_cars":"%1"},{"name":"destination_sign_window","stage":"INTERIOR","mirror":false,"skip_rendering_if_too_far":false,"door_offset":"NONE","render_condition":"ALL","positions":[[0.0,-29.5]],"whitelisted_cars":"%2+1","blacklisted_cars":"%1"},{"name":"destination_sign_window","stage":"INTERIOR","mirror":true,"skip_rendering_if_too_far":false,"door_offset":"NONE","render_condition":"ALL","positions":[[0.0,29.5]],"whitelisted_cars":"%2+2","blacklisted_cars":"%1"},{"name":"destination_sign_window_led","stage":"INTERIOR","mirror":true,"skip_rendering_if_too_far":false,"door_offset":"NONE","render_condition":"ALL","positions":[[0.0,8.5]],"whitelisted_cars":"%2+1","blacklisted_cars":"%1","display":{"x_padding":0.0,"y_padding":0.0,"cjk_size_ratio":0.0,"type":"NEXT_STATION_MTR","color_cjk":"FF9900","color":"FF9900","should_scroll":true,"force_upper_case":true,"force_single_line":true}},{"name":"destination_sign_window_led","stage":"INTERIOR","mirror":false,"skip_rendering_if_too_far":false,"door_offset":"NONE","render_condition":"ALL","positions":[[0.0,-29.5]],"whitelisted_cars":"%2+1","blacklisted_cars":"%1","display":{"x_padding":0,"y_padding":0,"cjk_size_ratio":0,"type":"NEXT_STATION_MTR","color_cjk":"FF9900","color":"FF9900","should_scroll":true,"force_upper_case":true,"force_single_line":true}},{"name":"destination_sign_window_led","stage":"INTERIOR","mirror":true,"skip_rendering_if_too_far":false,"door_offset":"NONE","render_condition":"ALL","positions":[[0.0,29.5]],"whitelisted_cars":"%2+2","blacklisted_cars":"%1","display":{"x_padding":0,"y_padding":0,"cjk_size_ratio":0,"type":"NEXT_STATION_MTR","color_cjk":"FF9900","color":"FF9900","should_scroll":true,"force_upper_case":true,"force_single_line":true}},{"name":"destination_sign_window_led","stage":"INTERIOR","mirror":false,"skip_rendering_if_too_far":false,"door_offset":"NONE","render_condition":"ALL","positions":[[0.0,-8.5]],"whitelisted_cars":"%2+2","blacklisted_cars":"%1","display":{"x_padding":0,"y_padding":0,"cjk_size_ratio":0,"type":"NEXT_STATION_MTR","color_cjk":"FF9900","color":"FF9900","should_scroll":true,"force_upper_case":true,"force_single_line":true}},{"name":"destination_sign_window_led_exterior","stage":"EXTERIOR","mirror":true,"skip_rendering_if_too_far":false,"door_offset":"NONE","render_condition":"ALL","positions":[[0.0,8.5]],"whitelisted_cars":"%2+1","blacklisted_cars":"%1","display":{"x_padding":0,"y_padding":0.0,"cjk_size_ratio":0,"type":"DESTINATION","color_cjk":"FF9900","color":"FF9900","should_scroll":false,"force_upper_case":true,"force_single_line":true}},{"name":"destination_sign_window_led_exterior","stage":"EXTERIOR","mirror":false,"skip_rendering_if_too_far":false,"door_offset":"NONE","render_condition":"ALL","positions":[[0.0,-8.5]],"whitelisted_cars":"%2+2","blacklisted_cars":"%1","display":{"x_padding":0,"y_padding":0,"cjk_size_ratio":0,"type":"DESTINATION","color_cjk":"FF9900","color":"FF9900","should_scroll":false,"force_upper_case":true,"force_single_line":true}},{"name":"destination_sign_window_led_exterior","stage":"EXTERIOR","mirror":true,"skip_rendering_if_too_far":false,"door_offset":"NONE","render_condition":"ALL","positions":[[0.0,29.5]],"whitelisted_cars":"%2+2","blacklisted_cars":"%1","display":{"x_padding":0,"y_padding":0,"cjk_size_ratio":0,"type":"DESTINATION","color_cjk":"FF9900","color":"FF9900","should_scroll":false,"force_upper_case":true,"force_single_line":true}},{"name":"destination_sign_window_led_exterior","stage":"EXTERIOR","mirror":false,"skip_rendering_if_too_far":false,"door_offset":"NONE","render_condition":"ALL","positions":[[0.0,-29.5]],"whitelisted_cars":"%2+1","blacklisted_cars":"%1","display":{"x_padding":0,"y_padding":0,"cjk_size_ratio":0,"type":"DESTINATION","color_cjk":"FF9900","color":"FF9900","should_scroll":false,"force_upper_case":true,"force_single_line":true}},{"name":"seat_red","stage":"INTERIOR","mirror":true,"skip_rendering_if_too_far":false,"door_offset":"NONE","render_condition":"ALL","positions":[[0.0,0.0],[0.0,14.5],[0.0,-14.5]],"whitelisted_cars":"","blacklisted_cars":""},{"name":"destination_sign_window_route","stage":"EXTERIOR","mirror":false,"skip_rendering_if_too_far":false,"door_offset":"NONE","render_condition":"ALL","positions":[[0.0,-29.5]],"whitelisted_cars":"%2+1","blacklisted_cars":"%1","display":{"x_padding":0,"y_padding":0,"cjk_size_ratio":0,"type":"ROUTE_NUMBER","color_cjk":"FF9900","color":"FF9900","should_scroll":false,"force_upper_case":true,"force_single_line":true}},{"name":"destination_sign_window_route","stage":"EXTERIOR","mirror":true,"skip_rendering_if_too_far":false,"door_offset":"NONE","render_condition":"ALL","positions":[[0.0,29.5]],"whitelisted_cars":"%2+2","blacklisted_cars":"%1","display":{"x_padding":0,"y_padding":0,"cjk_size_ratio":0,"type":"ROUTE_NUMBER","color_cjk":"FF9900","color":"FF9900","should_scroll":false,"force_upper_case":true,"force_single_line":true}},{"name":"destination_sign_window_route","stage":"EXTERIOR","mirror":false,"skip_rendering_if_too_far":false,"door_offset":"NONE","render_condition":"ALL","positions":[[0.0,-8.5]],"whitelisted_cars":"%2+2","blacklisted_cars":"%1","display":{"x_padding":0,"y_padding":0,"cjk_size_ratio":0,"type":"ROUTE_NUMBER","color_cjk":"FF9900","color":"FF9900","should_scroll":false,"force_upper_case":true,"force_single_line":true}},{"name":"destination_sign_window_route","stage":"EXTERIOR","mirror":true,"skip_rendering_if_too_far":false,"door_offset":"NONE","render_condition":"ALL","positions":[[0.0,8.5]],"whitelisted_cars":"%2+1","blacklisted_cars":"%1","display":{"x_padding":0,"y_padding":0,"cjk_size_ratio":0,"type":"ROUTE_NUMBER","color_cjk":"FF9900","color":"FF9900","should_scroll":false,"force_upper_case":true,"force_single_line":true}},{"name":"door_light_interior_off","stage":"INTERIOR","mirror":true,"skip_rendering_if_too_far":false,"door_offset":"NONE","render_condition":"DOOR_LEFT_CLOSED","positions":[[0.0,36.5],[0.0,-55.0]],"whitelisted_cars":"%2+1","blacklisted_cars":"%1"},{"name":"door_light_interior_off","stage":"INTERIOR","mirror":false,"skip_rendering_if_too_far":false,"door_offset":"NONE","render_condition":"DOOR_RIGHT_CLOSED","positions":[[0.0,43.5],[0.0,-55.0]],"whitelisted_cars":"%2+1","blacklisted_cars":"%1"},{"name":"door_light_interior_on","stage":"LIGHTS","mirror":true,"skip_rendering_if_too_far":false,"door_offset":"NONE","render_condition":"DOOR_LEFT_OPEN","positions":[[0.0,36.5],[0.0,-55.0]],"whitelisted_cars":"%2+1","blacklisted_cars":"%1"},{"name":"door_light_interior_on","stage":"LIGHTS","mirror":false,"skip_rendering_if_too_far":false,"door_offset":"NONE","render_condition":"DOOR_RIGHT_OPEN","positions":[[0.0,43.5],[0.0,-55.0]],"whitelisted_cars":"%2+1","blacklisted_cars":"%1"},{"name":"door_light_interior_off","stage":"INTERIOR","mirror":false,"skip_rendering_if_too_far":false,"door_offset":"NONE","render_condition":"DOOR_RIGHT_CLOSED","positions":[[0.0,-36.5],[0.0,55.0]],"whitelisted_cars":"%2+2","blacklisted_cars":"%1"},{"name":"door_light_interior_on","stage":"LIGHTS","mirror":false,"skip_rendering_if_too_far":false,"door_offset":"NONE","render_condition":"DOOR_RIGHT_OPEN","positions":[[0.0,-36.5],[0.0,55.0]],"whitelisted_cars":"%2+2","blacklisted_cars":"%1"},{"name":"door_light_interior_off","stage":"INTERIOR","mirror":true,"skip_rendering_if_too_far":false,"door_offset":"NONE","render_condition":"DOOR_LEFT_CLOSED","positions":[[0.0,-43.5],[0.0,55.0]],"whitelisted_cars":"%2+2","blacklisted_cars":"%1"},{"name":"door_light_interior_on","stage":"LIGHTS","mirror":true,"skip_rendering_if_too_far":false,"door_offset":"NONE","render_condition":"DOOR_LEFT_OPEN","positions":[[0.0,-43.5],[0.0,55.0]],"whitelisted_cars":"%2+2","blacklisted_cars":"%1"},{"name":"door_light_exterior","stage":"EXTERIOR","mirror":false,"skip_rendering_if_too_far":false,"door_offset":"NONE","render_condition":"ALL","positions":[[0.0,40.0]],"whitelisted_cars":"%2+1","blacklisted_cars":"%1"},{"name":"door_light_exterior","stage":"EXTERIOR","mirror":true,"skip_rendering_if_too_far":false,"door_offset":"NONE","render_condition":"ALL","positions":[[0.0,40.0]],"whitelisted_cars":"%2+1","blacklisted_cars":"%1"},{"name":"door_light_exterior_off","stage":"EXTERIOR","mirror":false,"skip_rendering_if_too_far":false,"door_offset":"NONE","render_condition":"DOOR_RIGHT_CLOSED","positions":[[0.0,40.0]],"whitelisted_cars":"%2+1","blacklisted_cars":"%1"},{"name":"door_light_exterior_off","stage":"EXTERIOR","mirror":true,"skip_rendering_if_too_far":false,"door_offset":"NONE","render_condition":"DOOR_LEFT_CLOSED","positions":[[0.0,40.0]],"whitelisted_cars":"%2+1","blacklisted_cars":"%1"},{"name":"door_light_exterior_on","stage":"ALWAYS_ON_LIGHTS","mirror":false,"skip_rendering_if_too_far":false,"door_offset":"NONE","render_condition":"DOOR_RIGHT_OPEN","positions":[[0.0,40.0]],"whitelisted_cars":"%2+1","blacklisted_cars":"%1"},{"name":"door_light_exterior_on","stage":"ALWAYS_ON_LIGHTS","mirror":true,"skip_rendering_if_too_far":false,"door_offset":"NONE","render_condition":"DOOR_LEFT_OPEN","positions":[[0.0,40.0]],"whitelisted_cars":"%2+1","blacklisted_cars":"%1"},{"name":"door_light_exterior_off","stage":"EXTERIOR","mirror":false,"skip_rendering_if_too_far":false,"door_offset":"NONE","render_condition":"DOOR_RIGHT_CLOSED","positions":[[0.0,-40.0]],"whitelisted_cars":"%2+2","blacklisted_cars":"%1"},{"name":"door_light_exterior_off","stage":"EXTERIOR","mirror":true,"skip_rendering_if_too_far":false,"door_offset":"NONE","render_condition":"DOOR_LEFT_CLOSED","positions":[[0.0,-40.0]],"whitelisted_cars":"%2+2","blacklisted_cars":"%1"},{"name":"door_light_exterior","stage":"EXTERIOR","mirror":true,"skip_rendering_if_too_far":false,"door_offset":"NONE","render_condition":"ALL","positions":[[0.0,-40.0]],"whitelisted_cars":"%2+2","blacklisted_cars":"%1"},{"name":"door_light_exterior","stage":"EXTERIOR","mirror":false,"skip_rendering_if_too_far":false,"door_offset":"NONE","render_condition":"ALL","positions":[[0.0,-40.0]],"whitelisted_cars":"%2+2","blacklisted_cars":"%1"},{"name":"door_light_exterior_on","stage":"ALWAYS_ON_LIGHTS","mirror":false,"skip_rendering_if_too_far":false,"door_offset":"NONE","render_condition":"DOOR_RIGHT_OPEN","positions":[[0.0,-40.0]],"whitelisted_cars":"%2+2","blacklisted_cars":"%1"},{"name":"door_light_exterior_on","stage":"ALWAYS_ON_LIGHTS","mirror":true,"skip_rendering_if_too_far":false,"door_offset":"NONE","render_condition":"DOOR_LEFT_OPEN","positions":[[0.0,-40.0]],"whitelisted_cars":"%2+2","blacklisted_cars":"%1"},{"name":"door_light_head_exterior","stage":"EXTERIOR","mirror":false,"skip_rendering_if_too_far":false,"door_offset":"NONE","render_condition":"ALL","positions":[[0.0,-56.0]],"whitelisted_cars":"%2+1","blacklisted_cars":"%1"},{"name":"door_light_head_exterior","stage":"EXTERIOR","mirror":true,"skip_rendering_if_too_far":false,"door_offset":"NONE","render_condition":"ALL","positions":[[0.0,-56.0]],"whitelisted_cars":"%2+1","blacklisted_cars":"%1"},{"name":"door_light_head_exterior","stage":"EXTERIOR","mirror":false,"skip_rendering_if_too_far":false,"door_offset":"NONE","render_condition":"ALL","positions":[[0.0,56.0]],"whitelisted_cars":"%2+2","blacklisted_cars":"%1"},{"name":"door_light_head_exterior","stage":"EXTERIOR","mirror":true,"skip_rendering_if_too_far":false,"door_offset":"NONE","render_condition":"ALL","positions":[[0.0,56.0]],"whitelisted_cars":"%2+2","blacklisted_cars":"%1"},{"name":"door_light_exterior_off_head","stage":"EXTERIOR","mirror":false,"skip_rendering_if_too_far":false,"door_offset":"NONE","render_condition":"DOOR_RIGHT_CLOSED","positions":[[0.0,-56.0]],"whitelisted_cars":"%2+1","blacklisted_cars":"%1"},{"name":"door_light_exterior_off_head","stage":"EXTERIOR","mirror":false,"skip_rendering_if_too_far":false,"door_offset":"NONE","render_condition":"DOOR_RIGHT_CLOSED","positions":[[0.0,56.0]],"whitelisted_cars":"%2+2","blacklisted_cars":"%1"},{"name":"door_light_exterior_off_head","stage":"EXTERIOR","mirror":true,"skip_rendering_if_too_far":false,"door_offset":"NONE","render_condition":"DOOR_LEFT_CLOSED","positions":[[0.0,56.0]],"whitelisted_cars":"%2+2","blacklisted_cars":"%1"},{"name":"door_light_exterior_off_head","stage":"EXTERIOR","mirror":true,"skip_rendering_if_too_far":false,"door_offset":"NONE","render_condition":"DOOR_LEFT_CLOSED","positions":[[0.0,-56.0]],"whitelisted_cars":"%2+1","blacklisted_cars":"%1"},{"name":"door_light_exterior_on_head","stage":"ALWAYS_ON_LIGHTS","mirror":false,"skip_rendering_if_too_far":false,"door_offset":"NONE","render_condition":"DOOR_RIGHT_OPEN","positions":[[0.0,-56.0]],"whitelisted_cars":"%2+1","blacklisted_cars":"%1"},{"name":"door_light_exterior_on_head","stage":"ALWAYS_ON_LIGHTS","mirror":false,"skip_rendering_if_too_far":false,"door_offset":"NONE","render_condition":"DOOR_RIGHT_OPEN","positions":[[0.0,56.0]],"whitelisted_cars":"%2+2","blacklisted_cars":"%1"},{"name":"door_light_exterior_on_head","stage":"ALWAYS_ON_LIGHTS","mirror":true,"skip_rendering_if_too_far":false,"door_offset":"NONE","render_condition":"DOOR_LEFT_OPEN","positions":[[0.0,56.0]],"whitelisted_cars":"%2+2","blacklisted_cars":"%1"},{"name":"door_light_exterior_on_head","stage":"ALWAYS_ON_LIGHTS","mirror":true,"skip_rendering_if_too_far":false,"door_offset":"NONE","render_condition":"DOOR_LEFT_OPEN","positions":[[0.0,-56.0]],"whitelisted_cars":"%2+1","blacklisted_cars":"%1"},{"name":"stop_request_button","stage":"INTERIOR","mirror":false,"skip_rendering_if_too_far":true,"door_offset":"NONE","render_condition":"ALL","positions":[[0.0,1.5],[0.0,-9.5],[0.0,-21.5],[0.0,-44.0],[0.0,23.0],[0.0,57.0]],"whitelisted_cars":"%2+1","blacklisted_cars":"%1"},{"name":"stop_request_button","stage":"INTERIOR","mirror":true,"skip_rendering_if_too_far":true,"door_offset":"NONE","render_condition":"ALL","positions":[[0.0,1.5],[0.0,-9.5],[0.0,-21.5],[0.0,-44.0],[0.0,23.0],[0.0,57.0]],"whitelisted_cars":"%2+1","blacklisted_cars":"%1"},{"name":"stop_request_button","stage":"INTERIOR","mirror":false,"skip_rendering_if_too_far":true,"door_offset":"NONE","render_condition":"ALL","positions":[[0.0,-1.5],[0.0,9.5],[0.0,21.5],[0.0,44.0],[0.0,-23.0],[0.0,-57.0]],"whitelisted_cars":"%2+2","blacklisted_cars":"%1"},{"name":"stop_request_button","stage":"INTERIOR","mirror":true,"skip_rendering_if_too_far":true,"door_offset":"NONE","render_condition":"ALL","positions":[[0.0,-1.5],[0.0,9.5],[0.0,21.5],[0.0,44.0],[0.0,-23.0],[0.0,-57.0]],"whitelisted_cars":"%2+2","blacklisted_cars":"%1"}]}