{
  "custom_trains": {
  	"fmb_3000_white_classic": {
	  	"name": "FMB 3000 Series (White, classic design)",
	  	"description":"Train used in Barcelona Metro. Recommended size: 2, 3 or 5",
	  	"wikipedia_article":"",
	  	"color":"e30613",
	  	"has_gangway_connection": false,
	  	"train_barrier_id":"",
	  	"door_animation_type":"PLUG_FAST",
	  	"render_door_overlay":false,
	  	"rider_offset":0.0,
	  	"texture_id":"minecraft:textures/misc/white",
	  	"model":"mtr:jcibravo/series_3000/white_classic/motor.obj|1;%1;reversed|mtr:jcibravo/series_3000/white_classic/car.obj|;1,-1;|mtr:jcibravo/series_3000/white_classic/motor.obj|-1;%1,1;",
	  	"model_properties":"mtr:jcibravo/series_3000/white_classic/properties.json",
	  	"speed_sound_count": 11,
	  	"speed_sound_base_id": "fmb2000_2100_3000_4000",
	  	"door_close_sound_time": 1.0,
	  	"door_sound_base_id": "fmb2000_2100_3000_4000_door"
		},
		
  	"fmb_3000_red": {
	  	"name": "FMB 3000 Series (Red)",
	  	"description":"Train used in Barcelona Metro. Recommended size: 2, 3 or 5",
	  	"wikipedia_article":"",
	  	"color":"e30613",
	  	"has_gangway_connection": false,
	  	"train_barrier_id":"",
	  	"door_animation_type":"PLUG_FAST",
	  	"render_door_overlay":false,
	  	"rider_offset":0.0,
	  	"texture_id":"minecraft:textures/misc/white",
	  	"model":"mtr:jcibravo/series_3000/red/motor.obj|1;%1;reversed|mtr:jcibravo/series_3000/red/car.obj|;1,-1;|mtr:jcibravo/series_3000/red/motor.obj|-1;%1,1;",
	  	"model_properties":"mtr:jcibravo/series_3000/red/properties.json",
	  	"speed_sound_count": 11,
	  	"speed_sound_base_id": "fmb2000_2100_3000_4000",
	  	"door_close_sound_time": 1.0,
	  	"door_sound_base_id": "fmb2000_2100_3000_4000_door"
		},

  	"fmb_2000_white_classic": {
	  	"name": "FMB 2000 Series (White, classic design)",
	  	"description":"Train used in Barcelona Metro. Recommended size: 5",
	  	"wikipedia_article":"",
	  	"color":"e30613",
	  	"has_gangway_connection": true,
	  	"train_barrier_id":"",
	  	"door_animation_type":"PLUG_FAST",
	  	"render_door_overlay":false,
	  	"rider_offset":0.0,
	  	"texture_id":"minecraft:textures/misc/white",
	  	"model":"mtr:jcibravo/series_2000/white_classic/motor.obj|1;%1;reversed|mtr:jcibravo/series_2000/white_classic/car.obj|;1,-1;|mtr:jcibravo/series_2000/white_classic/motor.obj|-1;%1,1;",
	  	"model_properties":"mtr:jcibravo/series_2000/white_classic/properties.json",
	  	"speed_sound_count": 11,
	  	"speed_sound_base_id": "fmb2000_2100_3000_4000",
	  	"door_close_sound_time": 1.0,
	  	"door_sound_base_id": "fmb2000_2100_3000_4000_door"
		},
		
  	"fmb_2000_red": {
	  	"name": "FMB 2000 Series (Red)",
	  	"description":"Train used in Barcelona Metro. Recommended size: 5",
	  	"wikipedia_article":"",
	  	"color":"e30613",
	  	"has_gangway_connection": true,
	  	"train_barrier_id":"",
	  	"door_animation_type":"PLUG_FAST",
	  	"render_door_overlay":false,
	  	"rider_offset":0.0,
	  	"texture_id":"minecraft:textures/misc/white",
	  	"model":"mtr:jcibravo/series_2000/red/motor.obj|1;%1;reversed|mtr:jcibravo/series_2000/red/car.obj|;1,-1;|mtr:jcibravo/series_2000/red/motor.obj|-1;%1,1;",
	  	"model_properties":"mtr:jcibravo/series_2000/red/properties.json",
	  	"speed_sound_count": 11,
	  	"speed_sound_base_id": "fmb2000_2100_3000_4000",
	  	"door_close_sound_time": 1.0,
	  	"door_sound_base_id": "fmb2000_2100_3000_4000_door"
		}
  }
}