{
  "fmb2000_2100_3000_4000_acceleration_0a": {
    "sounds": [
      "mtr:fmb2000_2100_3000_4000/acceleration/speed_00a"
    ]
  },
  "fmb2000_2100_3000_4000_acceleration_0b": {
    "sounds": [
      "mtr:fmb2000_2100_3000_4000/acceleration/speed_00b"
    ]
  },
  "fmb2000_2100_3000_4000_acceleration_0c": {
    "sounds": [
      "mtr:fmb2000_2100_3000_4000/acceleration/speed_00c"
    ]
  },
  "fmb2000_2100_3000_4000_acceleration_1a": {
    "sounds": [
      "mtr:fmb2000_2100_3000_4000/acceleration/speed_01a"
    ]
  },
  "fmb2000_2100_3000_4000_acceleration_1b": {
    "sounds": [
      "mtr:fmb2000_2100_3000_4000/acceleration/speed_01b"
    ]
  },
  "fmb2000_2100_3000_4000_acceleration_1c": {
    "sounds": [
      "mtr:fmb2000_2100_3000_4000/acceleration/speed_01c"
    ]
  },
  "fmb2000_2100_3000_4000_acceleration_2a": {
    "sounds": [
      "mtr:fmb2000_2100_3000_4000/acceleration/speed_02a"
    ]
  },
  "fmb2000_2100_3000_4000_acceleration_2b": {
    "sounds": [
      "mtr:fmb2000_2100_3000_4000/acceleration/speed_02b"
    ]
  },
  "fmb2000_2100_3000_4000_acceleration_2c": {
    "sounds": [
      "mtr:fmb2000_2100_3000_4000/acceleration/speed_02c"
    ]
  },
  "fmb2000_2100_3000_4000_acceleration_3a": {
    "sounds": [
      "mtr:fmb2000_2100_3000_4000/acceleration/speed_03a"
    ]
  },
  "fmb2000_2100_3000_4000_acceleration_3b": {
    "sounds": [
      "mtr:fmb2000_2100_3000_4000/acceleration/speed_03b"
    ]
  },
  "fmb2000_2100_3000_4000_acceleration_3c": {
    "sounds": [
      "mtr:fmb2000_2100_3000_4000/acceleration/speed_03c"
    ]
  },
  "fmb2000_2100_3000_4000_acceleration_4a": {
    "sounds": [
      "mtr:fmb2000_2100_3000_4000/acceleration/speed_04a"
    ]
  },
  "fmb2000_2100_3000_4000_acceleration_4b": {
    "sounds": [
      "mtr:fmb2000_2100_3000_4000/acceleration/speed_04b"
    ]
  },
  "fmb2000_2100_3000_4000_acceleration_4c": {
    "sounds": [
      "mtr:fmb2000_2100_3000_4000/acceleration/speed_04c"
    ]
  },
  "fmb2000_2100_3000_4000_acceleration_5a": {
    "sounds": [
      "mtr:fmb2000_2100_3000_4000/acceleration/speed_05a"
    ]
  },
  "fmb2000_2100_3000_4000_acceleration_5b": {
    "sounds": [
      "mtr:fmb2000_2100_3000_4000/acceleration/speed_05b"
    ]
  },
  "fmb2000_2100_3000_4000_acceleration_5c": {
    "sounds": [
      "mtr:fmb2000_2100_3000_4000/acceleration/speed_05c"
    ]
  },
  "fmb2000_2100_3000_4000_acceleration_6a": {
    "sounds": [
      "mtr:fmb2000_2100_3000_4000/acceleration/speed_06a"
    ]
  },
  "fmb2000_2100_3000_4000_acceleration_6b": {
    "sounds": [
      "mtr:fmb2000_2100_3000_4000/acceleration/speed_06b"
    ]
  },
  "fmb2000_2100_3000_4000_acceleration_6c": {
    "sounds": [
      "mtr:fmb2000_2100_3000_4000/acceleration/speed_06c"
    ]
  },
  "fmb2000_2100_3000_4000_acceleration_7a": {
    "sounds": [
      "mtr:fmb2000_2100_3000_4000/acceleration/speed_07a"
    ]
  },
  "fmb2000_2100_3000_4000_acceleration_7b": {
    "sounds": [
      "mtr:fmb2000_2100_3000_4000/acceleration/speed_07b"
    ]
  },
  "fmb2000_2100_3000_4000_acceleration_7c": {
    "sounds": [
      "mtr:fmb2000_2100_3000_4000/acceleration/speed_07c"
    ]
  },
  "fmb2000_2100_3000_4000_acceleration_8a": {
    "sounds": [
      "mtr:fmb2000_2100_3000_4000/acceleration/speed_08a"
    ]
  },
  "fmb2000_2100_3000_4000_acceleration_8b": {
    "sounds": [
      "mtr:fmb2000_2100_3000_4000/acceleration/speed_08b"
    ]
  },
  "fmb2000_2100_3000_4000_acceleration_8c": {
    "sounds": [
      "mtr:fmb2000_2100_3000_4000/acceleration/speed_08c"
    ]
  },
  "fmb2000_2100_3000_4000_acceleration_9a": {
    "sounds": [
      "mtr:fmb2000_2100_3000_4000/acceleration/speed_09a"
    ]
  },
  "fmb2000_2100_3000_4000_acceleration_9b": {
    "sounds": [
      "mtr:fmb2000_2100_3000_4000/acceleration/speed_09b"
    ]
  },
  "fmb2000_2100_3000_4000_acceleration_9c": {
    "sounds": [
      "mtr:fmb2000_2100_3000_4000/acceleration/speed_09c"
    ]
  },
  "fmb2000_2100_3000_4000_acceleration_10a": {
    "sounds": [
      "mtr:fmb2000_2100_3000_4000/acceleration/speed_10a"
    ]
  },
  "fmb2000_2100_3000_4000_acceleration_10b": {
    "sounds": [
      "mtr:fmb2000_2100_3000_4000/acceleration/speed_10b"
    ]
  },
  "fmb2000_2100_3000_4000_acceleration_10c": {
    "sounds": [
      "mtr:fmb2000_2100_3000_4000/acceleration/speed_10c"
    ]
  },
  "fmb2000_2100_3000_4000_acceleration_11a": {
    "sounds": [
      "mtr:fmb2000_2100_3000_4000/acceleration/speed_11a"
    ]
  },
  "fmb2000_2100_3000_4000_acceleration_11b": {
    "sounds": [
      "mtr:fmb2000_2100_3000_4000/acceleration/speed_11b"
    ]
  },
  "fmb2000_2100_3000_4000_acceleration_11c": {
    "sounds": [
      "mtr:fmb2000_2100_3000_4000/acceleration/speed_11c"
    ]
  },
  "fmb2000_2100_3000_4000_deceleration_0a": {
    "sounds": [
      "mtr:fmb2000_2100_3000_4000/deceleration/speed_00a"
    ]
  },
  "fmb2000_2100_3000_4000_deceleration_0b": {
    "sounds": [
      "mtr:fmb2000_2100_3000_4000/deceleration/speed_00b"
    ]
  },
  "fmb2000_2100_3000_4000_deceleration_0c": {
    "sounds": [
      "mtr:fmb2000_2100_3000_4000/deceleration/speed_00c"
    ]
  },
  "fmb2000_2100_3000_4000_deceleration_1a": {
    "sounds": [
      "mtr:fmb2000_2100_3000_4000/deceleration/speed_01a"
    ]
  },
  "fmb2000_2100_3000_4000_deceleration_1b": {
    "sounds": [
      "mtr:fmb2000_2100_3000_4000/deceleration/speed_01b"
    ]
  },
  "fmb2000_2100_3000_4000_deceleration_1c": {
    "sounds": [
      "mtr:fmb2000_2100_3000_4000/deceleration/speed_01c"
    ]
  },
  "fmb2000_2100_3000_4000_deceleration_2a": {
    "sounds": [
      "mtr:fmb2000_2100_3000_4000/deceleration/speed_02a"
    ]
  },
  "fmb2000_2100_3000_4000_deceleration_2b": {
    "sounds": [
      "mtr:fmb2000_2100_3000_4000/deceleration/speed_02b"
    ]
  },
  "fmb2000_2100_3000_4000_deceleration_2c": {
    "sounds": [
      "mtr:fmb2000_2100_3000_4000/deceleration/speed_02c"
    ]
  },
  "fmb2000_2100_3000_4000_deceleration_3a": {
    "sounds": [
      "mtr:fmb2000_2100_3000_4000/deceleration/speed_03a"
    ]
  },
  "fmb2000_2100_3000_4000_deceleration_3b": {
    "sounds": [
      "mtr:fmb2000_2100_3000_4000/deceleration/speed_03b"
    ]
  },
  "fmb2000_2100_3000_4000_deceleration_3c": {
    "sounds": [
      "mtr:fmb2000_2100_3000_4000/deceleration/speed_03c"
    ]
  },
  "fmb2000_2100_3000_4000_deceleration_4a": {
    "sounds": [
      "mtr:fmb2000_2100_3000_4000/deceleration/speed_04a"
    ]
  },
  "fmb2000_2100_3000_4000_deceleration_4b": {
    "sounds": [
      "mtr:fmb2000_2100_3000_4000/deceleration/speed_04b"
    ]
  },
  "fmb2000_2100_3000_4000_deceleration_4c": {
    "sounds": [
      "mtr:fmb2000_2100_3000_4000/deceleration/speed_04c"
    ]
  },
  "fmb2000_2100_3000_4000_deceleration_5a": {
    "sounds": [
      "mtr:fmb2000_2100_3000_4000/deceleration/speed_05a"
    ]
  },
  "fmb2000_2100_3000_4000_deceleration_5b": {
    "sounds": [
      "mtr:fmb2000_2100_3000_4000/deceleration/speed_05b"
    ]
  },
  "fmb2000_2100_3000_4000_deceleration_5c": {
    "sounds": [
      "mtr:fmb2000_2100_3000_4000/deceleration/speed_05c"
    ]
  },
  "fmb2000_2100_3000_4000_deceleration_6a": {
    "sounds": [
      "mtr:fmb2000_2100_3000_4000/deceleration/speed_06a"
    ]
  },
  "fmb2000_2100_3000_4000_deceleration_6b": {
    "sounds": [
      "mtr:fmb2000_2100_3000_4000/deceleration/speed_06b"
    ]
  },
  "fmb2000_2100_3000_4000_deceleration_6c": {
    "sounds": [
      "mtr:fmb2000_2100_3000_4000/deceleration/speed_06c"
    ]
  },
  "fmb2000_2100_3000_4000_deceleration_7a": {
    "sounds": [
      "mtr:fmb2000_2100_3000_4000/deceleration/speed_07a"
    ]
  },
  "fmb2000_2100_3000_4000_deceleration_7b": {
    "sounds": [
      "mtr:fmb2000_2100_3000_4000/deceleration/speed_07b"
    ]
  },
  "fmb2000_2100_3000_4000_deceleration_7c": {
    "sounds": [
      "mtr:fmb2000_2100_3000_4000/deceleration/speed_07c"
    ]
  },
  "fmb2000_2100_3000_4000_deceleration_8a": {
    "sounds": [
      "mtr:fmb2000_2100_3000_4000/deceleration/speed_08a"
    ]
  },
  "fmb2000_2100_3000_4000_deceleration_8b": {
    "sounds": [
      "mtr:fmb2000_2100_3000_4000/deceleration/speed_08b"
    ]
  },
  "fmb2000_2100_3000_4000_deceleration_8c": {
    "sounds": [
      "mtr:fmb2000_2100_3000_4000/deceleration/speed_08c"
    ]
  },
  "fmb2000_2100_3000_4000_deceleration_9a": {
    "sounds": [
      "mtr:fmb2000_2100_3000_4000/deceleration/speed_09a"
    ]
  },
  "fmb2000_2100_3000_4000_deceleration_9b": {
    "sounds": [
      "mtr:fmb2000_2100_3000_4000/deceleration/speed_09b"
    ]
  },
  "fmb2000_2100_3000_4000_deceleration_9c": {
    "sounds": [
      "mtr:fmb2000_2100_3000_4000/deceleration/speed_09c"
    ]
  },
  "fmb2000_2100_3000_4000_deceleration_10a": {
    "sounds": [
      "mtr:fmb2000_2100_3000_4000/deceleration/speed_10a"
    ]
  },
  "fmb2000_2100_3000_4000_deceleration_10b": {
    "sounds": [
      "mtr:fmb2000_2100_3000_4000/deceleration/speed_10b"
    ]
  },
  "fmb2000_2100_3000_4000_deceleration_10c": {
    "sounds": [
      "mtr:fmb2000_2100_3000_4000/deceleration/speed_10c"
    ]
  },
  "fmb2000_2100_3000_4000_deceleration_11a": {
    "sounds": [
      "mtr:fmb2000_2100_3000_4000/deceleration/speed_11a"
    ]
  },
  "fmb2000_2100_3000_4000_deceleration_11b": {
    "sounds": [
      "mtr:fmb2000_2100_3000_4000/deceleration/speed_11b"
    ]
  },
  "fmb2000_2100_3000_4000_deceleration_11c": {
    "sounds": [
      "mtr:fmb2000_2100_3000_4000/deceleration/speed_11c"
    ]
  },
  "fmb2000_2100_3000_4000_door_door_open": {
    "sounds": [
      {
        "name": "mtr:fmb2000_2100_3000_4000_door/door_open",
        "pitch": 1,
        "attenuation_distance": 32
      }
    ]
  },
  "fmb2000_2100_3000_4000_door_door_close": {
    "sounds": [
      {
        "name": "mtr:fmb2000_2100_3000_4000_door/door_close",
        "pitch": 1,
        "attenuation_distance": 32
      }
    ]
  }
}