{
    "vehicles": [
        {
            "id": "mtr_custom_train_class802_renfe121_trailer",
            "name": "Class 802 RENFE Class 121 livery (Trailer)",
            "color": "222b64",
            "transportMode": "TRAIN",
            "length": 25,
            "width": 2,
            "bogie1Position": -8.5,
            "bogie2Position": 8.5,
            "couplingPadding1": 0,
            "couplingPadding2": 0,
            "description": "",
            "wikipediaArticle": "British_Rail_Class_802",
            "tags": [
                "family:class_802",
                "iso_3166:GB",
                "doors:2",
                "type:trailer"
            ],
            "models": [
                {
                    "modelResource": "mtr:renfe/class_802_fixed.bbmodel",
                    "textureResource": "mtr:renfe/class_802_renfe_avant.png",
                    "modelPropertiesResource": "mtr:properties/vehicle/class_802_common.json",
                    "positionDefinitionsResource": "mtr:properties/definition/class_802.json",
                    "flipTextureV": false
                },
                {
                    "modelResource": "mtr:renfe/class_802_fixed.bbmodel",
                    "textureResource": "mtr:renfe/class_802_renfe_avant.png",
                    "modelPropertiesResource": "mtr:properties/vehicle/class_802_window_default.json",
                    "positionDefinitionsResource": "mtr:properties/definition/class_802.json",
                    "flipTextureV": false
                },
                {
                    "modelResource": "mtr:renfe/class_802_fixed.bbmodel",
                    "textureResource": "mtr:renfe/class_802_renfe_avant.png",
                    "modelPropertiesResource": "mtr:properties/vehicle/class_802_end_1.json",
                    "positionDefinitionsResource": "mtr:properties/definition/class_802.json",
                    "flipTextureV": false
                },
                {
                    "modelResource": "mtr:renfe/class_802_fixed.bbmodel",
                    "textureResource": "mtr:renfe/class_802_renfe_avant.png",
                    "modelPropertiesResource": "mtr:properties/vehicle/class_802_end_2.json",
                    "positionDefinitionsResource": "mtr:properties/definition/class_802.json",
                    "flipTextureV": false
                }
            ],
            "bogie1Models": [
                {
                    "modelResource": "mtr:models/vehicle/bogie_1.bbmodel",
                    "textureResource": "mtr:textures/vehicle/bogie_1.png",
                    "modelPropertiesResource": "mtr:properties/vehicle/bogie_1.json",
                    "positionDefinitionsResource": "mtr:properties/definition/origin.json",
                    "flipTextureV": false
                }
            ],
            "bogie2Models": [
                {
                    "modelResource": "mtr:models/vehicle/bogie_1.bbmodel",
                    "textureResource": "mtr:textures/vehicle/bogie_1.png",
                    "modelPropertiesResource": "mtr:properties/vehicle/bogie_1.json",
                    "positionDefinitionsResource": "mtr:properties/definition/origin.json",
                    "flipTextureV": false
                }
            ],
            "hasGangway1": true,
            "hasGangway2": true,
            "hasBarrier1": true,
            "hasBarrier2": true,
            "legacyRiderOffset": 0,
            "bveSoundBaseResource": "",
            "legacySpeedSoundBaseResource": "class_802",
            "legacySpeedSoundCount": 120,
            "legacyUseAccelerationSoundsWhenCoasting": false,
            "legacyConstantPlaybackSpeed": false,
            "legacyDoorSoundBaseResource": "class_802",
            "legacyDoorCloseSoundTime": 1
        },
        {
            "id": "mtr_custom_train_class802_renfe121_cab_1",
            "name": "Class 802 RENFE Class 121 livery Cab (Forwards)",
            "color": "222b64",
            "transportMode": "TRAIN",
            "length": 25,
            "width": 2,
            "bogie1Position": -8.5,
            "bogie2Position": 8.5,
            "couplingPadding1": 0,
            "couplingPadding2": 0,
            "description": "",
            "wikipediaArticle": "British_Rail_Class_802",
            "tags": [
                "family:class_802",
                "iso_3166:GB",
                "doors:2",
                "type:cab_1"
            ],
            "models": [
                {
                    "modelResource": "mtr:renfe/class_802_fixed.bbmodel",
                    "textureResource": "mtr:renfe/class_802_renfe_avant.png",
                    "modelPropertiesResource": "mtr:properties/vehicle/class_802_common.json",
                    "positionDefinitionsResource": "mtr:properties/definition/class_802.json",
                    "flipTextureV": false
                },
                {
                    "modelResource": "mtr:renfe/class_802_fixed.bbmodel",
                    "textureResource": "mtr:renfe/class_802_renfe_avant.png",
                    "modelPropertiesResource": "mtr:properties/vehicle/class_802_window_1a.json",
                    "positionDefinitionsResource": "mtr:properties/definition/class_802.json",
                    "flipTextureV": false
                },
                {
                    "modelResource": "mtr:renfe/class_802_fixed.bbmodel",
                    "textureResource": "mtr:renfe/class_802_renfe_avant.png",
                    "modelPropertiesResource": "mtr:properties/vehicle/class_802_window_1b.json",
                    "positionDefinitionsResource": "mtr:properties/definition/class_802.json",
                    "flipTextureV": false
                },
                {
                    "modelResource": "mtr:renfe/class_802_fixed.bbmodel",
                    "textureResource": "mtr:renfe/class_802_renfe_avant.png",
                    "modelPropertiesResource": "mtr:properties/vehicle/class_802_head_1.json",
                    "positionDefinitionsResource": "mtr:properties/definition/class_802.json",
                    "flipTextureV": false
                },
                {
                    "modelResource": "mtr:renfe/class_802_fixed.bbmodel",
                    "textureResource": "mtr:renfe/class_802_renfe_avant.png",
                    "modelPropertiesResource": "mtr:properties/vehicle/class_802_end_2.json",
                    "positionDefinitionsResource": "mtr:properties/definition/class_802.json",
                    "flipTextureV": false
                }
            ],
            "bogie1Models": [
                {
                    "modelResource": "mtr:models/vehicle/bogie_1.bbmodel",
                    "textureResource": "mtr:rtextures/vehicle/bogie_1.png",
                    "modelPropertiesResource": "mtr:properties/vehicle/bogie_1.json",
                    "positionDefinitionsResource": "mtr:properties/definition/origin.json",
                    "flipTextureV": false
                }
            ],
            "bogie2Models": [
                {
                    "modelResource": "mtr:models/vehicle/bogie_1.bbmodel",
                    "textureResource": "mtr:textures/vehicle/bogie_1.png",
                    "modelPropertiesResource": "mtr:properties/vehicle/bogie_1.json",
                    "positionDefinitionsResource": "mtr:properties/definition/origin.json",
                    "flipTextureV": false
                }
            ],
            "hasGangway1": false,
            "hasGangway2": true,
            "hasBarrier1": false,
            "hasBarrier2": true,
            "legacyRiderOffset": 0,
            "bveSoundBaseResource": "",
            "legacySpeedSoundBaseResource": "class_802",
            "legacySpeedSoundCount": 120,
            "legacyUseAccelerationSoundsWhenCoasting": false,
            "legacyConstantPlaybackSpeed": false,
            "legacyDoorSoundBaseResource": "class_802",
            "legacyDoorCloseSoundTime": 1
        },
        {
            "id": "mtr_custom_train_class802_renfe121_cab_2",
            "name": "Class 802 RENFE Class 121 livery Cab (Backwards)",
            "color": "222b64",
            "transportMode": "TRAIN",
            "length": 25,
            "width": 2,
            "bogie1Position": -8.5,
            "bogie2Position": 8.5,
            "couplingPadding1": 0,
            "couplingPadding2": 0,
            "description": "",
            "wikipediaArticle": "British_Rail_Class_802",
            "tags": [
                "family:class_802",
                "iso_3166:GB",
                "doors:2",
                "type:cab_2"
            ],
            "models": [
                {
                    "modelResource": "mtr:renfe/class_802_fixed.bbmodel",
                    "textureResource": "mtr:renfe/class_802_renfe_avant.png",
                    "modelPropertiesResource": "mtr:properties/vehicle/class_802_common.json",
                    "positionDefinitionsResource": "mtr:properties/definition/class_802.json",
                    "flipTextureV": false
                },
                {
                    "modelResource": "mtr:renfe/class_802_fixed.bbmodel",
                    "textureResource": "mtr:renfe/class_802_renfe_avant.png",
                    "modelPropertiesResource": "mtr:properties/vehicle/class_802_window_2a.json",
                    "positionDefinitionsResource": "mtr:properties/definition/class_802.json",
                    "flipTextureV": false
                },
                {
                    "modelResource": "mtr:renfe/class_802_fixed.bbmodel",
                    "textureResource": "mtr:renfe/class_802_renfe_avant.png",
                    "modelPropertiesResource": "mtr:properties/vehicle/class_802_window_2b.json",
                    "positionDefinitionsResource": "mtr:properties/definition/class_802.json",
                    "flipTextureV": false
                },
                {
                    "modelResource": "mtr:renfe/class_802_fixed.bbmodel",
                    "textureResource": "mtr:renfe/class_802_renfe_avant.png",
                    "modelPropertiesResource": "mtr:properties/vehicle/class_802_end_1.json",
                    "positionDefinitionsResource": "mtr:properties/definition/class_802.json",
                    "flipTextureV": false
                },
                {
                    "modelResource": "mtr:renfe/class_802_fixed.bbmodel",
                    "textureResource": "mtr:renfe/class_802_renfe_avant.png",
                    "modelPropertiesResource": "mtr:properties/vehicle/class_802_head_2.json",
                    "positionDefinitionsResource": "mtr:properties/definition/class_802.json",
                    "flipTextureV": false
                }
            ],
            "bogie1Models": [
                {
                    "modelResource": "mtr:models/vehicle/bogie_1.bbmodel",
                    "textureResource": "mtr:textures/vehicle/bogie_1.png",
                    "modelPropertiesResource": "mtr:properties/vehicle/bogie_1.json",
                    "positionDefinitionsResource": "mtr:properties/definition/origin.json",
                    "flipTextureV": false
                }
            ],
            "bogie2Models": [
                {
                    "modelResource": "mtr:models/vehicle/bogie_1.bbmodel",
                    "textureResource": "mtr:textures/vehicle/bogie_1.png",
                    "modelPropertiesResource": "mtr:properties/vehicle/bogie_1.json",
                    "positionDefinitionsResource": "mtr:properties/definition/origin.json",
                    "flipTextureV": false
                }
            ],
            "hasGangway1": true,
            "hasGangway2": false,
            "hasBarrier1": true,
            "hasBarrier2": false,
            "legacyRiderOffset": 0,
            "bveSoundBaseResource": "",
            "legacySpeedSoundBaseResource": "class_802",
            "legacySpeedSoundCount": 120,
            "legacyUseAccelerationSoundsWhenCoasting": false,
            "legacyConstantPlaybackSpeed": false,
            "legacyDoorSoundBaseResource": "class_802",
            "legacyDoorCloseSoundTime": 1
        },
        {
            "id": "mtr_custom_train_class802_aquanti_trailer",
            "name": "Class 802 RENFE Class 121 Aquanti livery (Trailer)",
            "color": "222b64",
            "transportMode": "TRAIN",
            "length": 25,
            "width": 2,
            "bogie1Position": -8.5,
            "bogie2Position": 8.5,
            "couplingPadding1": 0,
            "couplingPadding2": 0,
            "description": "",
            "wikipediaArticle": "British_Rail_Class_802",
            "tags": [
                "family:class_802",
                "iso_3166:GB",
                "doors:2",
                "type:trailer"
            ],
            "models": [
                {
                    "modelResource": "mtr:renfe/class_802_fixed.bbmodel",
                    "textureResource": "mtr:shsr/class_802_renfe_aquanti.png",
                    "modelPropertiesResource": "mtr:properties/vehicle/class_802_common.json",
                    "positionDefinitionsResource": "mtr:properties/definition/class_802.json",
                    "flipTextureV": false
                },
                {
                    "modelResource": "mtr:renfe/class_802_fixed.bbmodel",
                    "textureResource": "mtr:shsr/class_802_renfe_aquanti.png",
                    "modelPropertiesResource": "mtr:properties/vehicle/class_802_window_default.json",
                    "positionDefinitionsResource": "mtr:properties/definition/class_802.json",
                    "flipTextureV": false
                },
                {
                    "modelResource": "mtr:renfe/class_802_fixed.bbmodel",
                    "textureResource": "mtr:shsr/class_802_renfe_aquanti.png",
                    "modelPropertiesResource": "mtr:properties/vehicle/class_802_end_1.json",
                    "positionDefinitionsResource": "mtr:properties/definition/class_802.json",
                    "flipTextureV": false
                },
                {
                    "modelResource": "mtr:renfe/class_802_fixed.bbmodel",
                    "textureResource": "mtr:shsr/class_802_renfe_aquanti.png",
                    "modelPropertiesResource": "mtr:properties/vehicle/class_802_end_2.json",
                    "positionDefinitionsResource": "mtr:properties/definition/class_802.json",
                    "flipTextureV": false
                }
            ],
            "bogie1Models": [
                {
                    "modelResource": "mtr:models/vehicle/bogie_1.bbmodel",
                    "textureResource": "mtr:textures/vehicle/bogie_1.png",
                    "modelPropertiesResource": "mtr:properties/vehicle/bogie_1.json",
                    "positionDefinitionsResource": "mtr:properties/definition/origin.json",
                    "flipTextureV": false
                }
            ],
            "bogie2Models": [
                {
                    "modelResource": "mtr:models/vehicle/bogie_1.bbmodel",
                    "textureResource": "mtr:textures/vehicle/bogie_1.png",
                    "modelPropertiesResource": "mtr:properties/vehicle/bogie_1.json",
                    "positionDefinitionsResource": "mtr:properties/definition/origin.json",
                    "flipTextureV": false
                }
            ],
            "hasGangway1": true,
            "hasGangway2": true,
            "hasBarrier1": true,
            "hasBarrier2": true,
            "legacyRiderOffset": 0,
            "bveSoundBaseResource": "",
            "legacySpeedSoundBaseResource": "class_802",
            "legacySpeedSoundCount": 120,
            "legacyUseAccelerationSoundsWhenCoasting": false,
            "legacyConstantPlaybackSpeed": false,
            "legacyDoorSoundBaseResource": "class_802",
            "legacyDoorCloseSoundTime": 1
        },
        {
            "id": "mtr_custom_train_class802_aquanti_cab_1",
            "name": "Class 802 RENFE Class 121 Aquanti livery Cab (Forwards)",
            "color": "222b64",
            "transportMode": "TRAIN",
            "length": 25,
            "width": 2,
            "bogie1Position": -8.5,
            "bogie2Position": 8.5,
            "couplingPadding1": 0,
            "couplingPadding2": 0,
            "description": "",
            "wikipediaArticle": "British_Rail_Class_802",
            "tags": [
                "family:class_802",
                "iso_3166:GB",
                "doors:2",
                "type:cab_1"
            ],
            "models": [
                {
                    "modelResource": "mtr:renfe/class_802_fixed.bbmodel",
                    "textureResource": "mtr:shsr/class_802_renfe_aquanti.png",
                    "modelPropertiesResource": "mtr:properties/vehicle/class_802_common.json",
                    "positionDefinitionsResource": "mtr:properties/definition/class_802.json",
                    "flipTextureV": false
                },
                {
                    "modelResource": "mtr:renfe/class_802_fixed.bbmodel",
                    "textureResource": "mtr:shsr/class_802_renfe_aquanti.png",
                    "modelPropertiesResource": "mtr:properties/vehicle/class_802_window_1a.json",
                    "positionDefinitionsResource": "mtr:properties/definition/class_802.json",
                    "flipTextureV": false
                },
                {
                    "modelResource": "mtr:renfe/class_802_fixed.bbmodel",
                    "textureResource": "mtr:shsr/class_802_renfe_aquanti.png",
                    "modelPropertiesResource": "mtr:properties/vehicle/class_802_window_1b.json",
                    "positionDefinitionsResource": "mtr:properties/definition/class_802.json",
                    "flipTextureV": false
                },
                {
                    "modelResource": "mtr:renfe/class_802_fixed.bbmodel",
                    "textureResource": "mtr:shsr/class_802_renfe_aquanti.png",
                    "modelPropertiesResource": "mtr:properties/vehicle/class_802_head_1.json",
                    "positionDefinitionsResource": "mtr:properties/definition/class_802.json",
                    "flipTextureV": false
                },
                {
                    "modelResource": "mtr:renfe/class_802_fixed.bbmodel",
                    "textureResource": "mtr:shsr/class_802_renfe_aquanti.png",
                    "modelPropertiesResource": "mtr:properties/vehicle/class_802_end_2.json",
                    "positionDefinitionsResource": "mtr:properties/definition/class_802.json",
                    "flipTextureV": false
                }
            ],
            "bogie1Models": [
                {
                    "modelResource": "mtr:models/vehicle/bogie_1.bbmodel",
                    "textureResource": "mtr:rtextures/vehicle/bogie_1.png",
                    "modelPropertiesResource": "mtr:properties/vehicle/bogie_1.json",
                    "positionDefinitionsResource": "mtr:properties/definition/origin.json",
                    "flipTextureV": false
                }
            ],
            "bogie2Models": [
                {
                    "modelResource": "mtr:models/vehicle/bogie_1.bbmodel",
                    "textureResource": "mtr:textures/vehicle/bogie_1.png",
                    "modelPropertiesResource": "mtr:properties/vehicle/bogie_1.json",
                    "positionDefinitionsResource": "mtr:properties/definition/origin.json",
                    "flipTextureV": false
                }
            ],
            "hasGangway1": false,
            "hasGangway2": true,
            "hasBarrier1": false,
            "hasBarrier2": true,
            "legacyRiderOffset": 0,
            "bveSoundBaseResource": "",
            "legacySpeedSoundBaseResource": "class_802",
            "legacySpeedSoundCount": 120,
            "legacyUseAccelerationSoundsWhenCoasting": false,
            "legacyConstantPlaybackSpeed": false,
            "legacyDoorSoundBaseResource": "class_802",
            "legacyDoorCloseSoundTime": 1
        },
        {
            "id": "mtr_custom_train_class802_aquanti_cab_2",
            "name": "Class 802 RENFE Class 121 Aquanti livery Cab (Backwards)",
            "color": "222b64",
            "transportMode": "TRAIN",
            "length": 25,
            "width": 2,
            "bogie1Position": -8.5,
            "bogie2Position": 8.5,
            "couplingPadding1": 0,
            "couplingPadding2": 0,
            "description": "",
            "wikipediaArticle": "British_Rail_Class_802",
            "tags": [
                "family:class_802",
                "iso_3166:GB",
                "doors:2",
                "type:cab_2"
            ],
            "models": [
                {
                    "modelResource": "mtr:renfe/class_802_fixed.bbmodel",
                    "textureResource": "mtr:shsr/class_802_renfe_aquanti.png",
                    "modelPropertiesResource": "mtr:properties/vehicle/class_802_common.json",
                    "positionDefinitionsResource": "mtr:properties/definition/class_802.json",
                    "flipTextureV": false
                },
                {
                    "modelResource": "mtr:renfe/class_802_fixed.bbmodel",
                    "textureResource": "mtr:shsr/class_802_renfe_aquanti.png",
                    "modelPropertiesResource": "mtr:properties/vehicle/class_802_window_2a.json",
                    "positionDefinitionsResource": "mtr:properties/definition/class_802.json",
                    "flipTextureV": false
                },
                {
                    "modelResource": "mtr:renfe/class_802_fixed.bbmodel",
                    "textureResource": "mtr:shsr/class_802_renfe_aquanti.png",
                    "modelPropertiesResource": "mtr:properties/vehicle/class_802_window_2b.json",
                    "positionDefinitionsResource": "mtr:properties/definition/class_802.json",
                    "flipTextureV": false
                },
                {
                    "modelResource": "mtr:renfe/class_802_fixed.bbmodel",
                    "textureResource": "mtr:shsr/class_802_renfe_aquanti.png",
                    "modelPropertiesResource": "mtr:properties/vehicle/class_802_end_1.json",
                    "positionDefinitionsResource": "mtr:properties/definition/class_802.json",
                    "flipTextureV": false
                },
                {
                    "modelResource": "mtr:renfe/class_802_fixed.bbmodel",
                    "textureResource": "mtr:shsr/class_802_renfe_aquanti.png",
                    "modelPropertiesResource": "mtr:properties/vehicle/class_802_head_2.json",
                    "positionDefinitionsResource": "mtr:properties/definition/class_802.json",
                    "flipTextureV": false
                }
            ],
            "bogie1Models": [
                {
                    "modelResource": "mtr:models/vehicle/bogie_1.bbmodel",
                    "textureResource": "mtr:textures/vehicle/bogie_1.png",
                    "modelPropertiesResource": "mtr:properties/vehicle/bogie_1.json",
                    "positionDefinitionsResource": "mtr:properties/definition/origin.json",
                    "flipTextureV": false
                }
            ],
            "bogie2Models": [
                {
                    "modelResource": "mtr:models/vehicle/bogie_1.bbmodel",
                    "textureResource": "mtr:textures/vehicle/bogie_1.png",
                    "modelPropertiesResource": "mtr:properties/vehicle/bogie_1.json",
                    "positionDefinitionsResource": "mtr:properties/definition/origin.json",
                    "flipTextureV": false
                }
            ],
            "hasGangway1": true,
            "hasGangway2": false,
            "hasBarrier1": true,
            "hasBarrier2": false,
            "legacyRiderOffset": 0,
            "bveSoundBaseResource": "",
            "legacySpeedSoundBaseResource": "class_802",
            "legacySpeedSoundCount": 120,
            "legacyUseAccelerationSoundsWhenCoasting": false,
            "legacyConstantPlaybackSpeed": false,
            "legacyDoorSoundBaseResource": "class_802",
            "legacyDoorCloseSoundTime": 1
        },
        {
            "id": "mtr_custom_train_class802_alova_trailer",
            "name": "Class 802 RENFE Class 121 Alova livery (Trailer)",
            "color": "222b64",
            "transportMode": "TRAIN",
            "length": 25,
            "width": 2,
            "bogie1Position": -8.5,
            "bogie2Position": 8.5,
            "couplingPadding1": 0,
            "couplingPadding2": 0,
            "description": "",
            "wikipediaArticle": "British_Rail_Class_802",
            "tags": [
                "family:class_802",
                "iso_3166:GB",
                "doors:2",
                "type:trailer"
            ],
            "models": [
                {
                    "modelResource": "mtr:renfe/class_802_fixed.bbmodel",
                    "textureResource": "mtr:shsr/class_802_renfe_alova.png",
                    "modelPropertiesResource": "mtr:properties/vehicle/class_802_common.json",
                    "positionDefinitionsResource": "mtr:properties/definition/class_802.json",
                    "flipTextureV": false
                },
                {
                    "modelResource": "mtr:renfe/class_802_fixed.bbmodel",
                    "textureResource": "mtr:shsr/class_802_renfe_alova.png",
                    "modelPropertiesResource": "mtr:properties/vehicle/class_802_window_default.json",
                    "positionDefinitionsResource": "mtr:properties/definition/class_802.json",
                    "flipTextureV": false
                },
                {
                    "modelResource": "mtr:renfe/class_802_fixed.bbmodel",
                    "textureResource": "mtr:shsr/class_802_renfe_alova.png",
                    "modelPropertiesResource": "mtr:properties/vehicle/class_802_end_1.json",
                    "positionDefinitionsResource": "mtr:properties/definition/class_802.json",
                    "flipTextureV": false
                },
                {
                    "modelResource": "mtr:renfe/class_802_fixed.bbmodel",
                    "textureResource": "mtr:shsr/class_802_renfe_alova.png",
                    "modelPropertiesResource": "mtr:properties/vehicle/class_802_end_2.json",
                    "positionDefinitionsResource": "mtr:properties/definition/class_802.json",
                    "flipTextureV": false
                }
            ],
            "bogie1Models": [
                {
                    "modelResource": "mtr:models/vehicle/bogie_1.bbmodel",
                    "textureResource": "mtr:textures/vehicle/bogie_1.png",
                    "modelPropertiesResource": "mtr:properties/vehicle/bogie_1.json",
                    "positionDefinitionsResource": "mtr:properties/definition/origin.json",
                    "flipTextureV": false
                }
            ],
            "bogie2Models": [
                {
                    "modelResource": "mtr:models/vehicle/bogie_1.bbmodel",
                    "textureResource": "mtr:textures/vehicle/bogie_1.png",
                    "modelPropertiesResource": "mtr:properties/vehicle/bogie_1.json",
                    "positionDefinitionsResource": "mtr:properties/definition/origin.json",
                    "flipTextureV": false
                }
            ],
            "hasGangway1": true,
            "hasGangway2": true,
            "hasBarrier1": true,
            "hasBarrier2": true,
            "legacyRiderOffset": 0,
            "bveSoundBaseResource": "",
            "legacySpeedSoundBaseResource": "class_802",
            "legacySpeedSoundCount": 120,
            "legacyUseAccelerationSoundsWhenCoasting": false,
            "legacyConstantPlaybackSpeed": false,
            "legacyDoorSoundBaseResource": "class_802",
            "legacyDoorCloseSoundTime": 1
        },
        {
            "id": "mtr_custom_train_class802_alova_cab_1",
            "name": "Class 802 RENFE Class 121 Alova livery Cab (Forwards)",
            "color": "222b64",
            "transportMode": "TRAIN",
            "length": 25,
            "width": 2,
            "bogie1Position": -8.5,
            "bogie2Position": 8.5,
            "couplingPadding1": 0,
            "couplingPadding2": 0,
            "description": "",
            "wikipediaArticle": "British_Rail_Class_802",
            "tags": [
                "family:class_802",
                "iso_3166:GB",
                "doors:2",
                "type:cab_1"
            ],
            "models": [
                {
                    "modelResource": "mtr:renfe/class_802_fixed.bbmodel",
                    "textureResource": "mtr:shsr/class_802_renfe_alova.png",
                    "modelPropertiesResource": "mtr:properties/vehicle/class_802_common.json",
                    "positionDefinitionsResource": "mtr:properties/definition/class_802.json",
                    "flipTextureV": false
                },
                {
                    "modelResource": "mtr:renfe/class_802_fixed.bbmodel",
                    "textureResource": "mtr:shsr/class_802_renfe_alova.png",
                    "modelPropertiesResource": "mtr:properties/vehicle/class_802_window_1a.json",
                    "positionDefinitionsResource": "mtr:properties/definition/class_802.json",
                    "flipTextureV": false
                },
                {
                    "modelResource": "mtr:renfe/class_802_fixed.bbmodel",
                    "textureResource": "mtr:shsr/class_802_renfe_alova.png",
                    "modelPropertiesResource": "mtr:properties/vehicle/class_802_window_1b.json",
                    "positionDefinitionsResource": "mtr:properties/definition/class_802.json",
                    "flipTextureV": false
                },
                {
                    "modelResource": "mtr:renfe/class_802_fixed.bbmodel",
                    "textureResource": "mtr:shsr/class_802_renfe_alova.png",
                    "modelPropertiesResource": "mtr:properties/vehicle/class_802_head_1.json",
                    "positionDefinitionsResource": "mtr:properties/definition/class_802.json",
                    "flipTextureV": false
                },
                {
                    "modelResource": "mtr:renfe/class_802_fixed.bbmodel",
                    "textureResource": "mtr:shsr/class_802_renfe_alova.png",
                    "modelPropertiesResource": "mtr:properties/vehicle/class_802_end_2.json",
                    "positionDefinitionsResource": "mtr:properties/definition/class_802.json",
                    "flipTextureV": false
                }
            ],
            "bogie1Models": [
                {
                    "modelResource": "mtr:models/vehicle/bogie_1.bbmodel",
                    "textureResource": "mtr:rtextures/vehicle/bogie_1.png",
                    "modelPropertiesResource": "mtr:properties/vehicle/bogie_1.json",
                    "positionDefinitionsResource": "mtr:properties/definition/origin.json",
                    "flipTextureV": false
                }
            ],
            "bogie2Models": [
                {
                    "modelResource": "mtr:models/vehicle/bogie_1.bbmodel",
                    "textureResource": "mtr:textures/vehicle/bogie_1.png",
                    "modelPropertiesResource": "mtr:properties/vehicle/bogie_1.json",
                    "positionDefinitionsResource": "mtr:properties/definition/origin.json",
                    "flipTextureV": false
                }
            ],
            "hasGangway1": false,
            "hasGangway2": true,
            "hasBarrier1": false,
            "hasBarrier2": true,
            "legacyRiderOffset": 0,
            "bveSoundBaseResource": "",
            "legacySpeedSoundBaseResource": "class_802",
            "legacySpeedSoundCount": 120,
            "legacyUseAccelerationSoundsWhenCoasting": false,
            "legacyConstantPlaybackSpeed": false,
            "legacyDoorSoundBaseResource": "class_802",
            "legacyDoorCloseSoundTime": 1
        },
        {
            "id": "mtr_custom_train_class802_alova_cab_2",
            "name": "Class 802 RENFE Class 121 Alova livery Cab (Backwards)",
            "color": "222b64",
            "transportMode": "TRAIN",
            "length": 25,
            "width": 2,
            "bogie1Position": -8.5,
            "bogie2Position": 8.5,
            "couplingPadding1": 0,
            "couplingPadding2": 0,
            "description": "",
            "wikipediaArticle": "British_Rail_Class_802",
            "tags": [
                "family:class_802",
                "iso_3166:GB",
                "doors:2",
                "type:cab_2"
            ],
            "models": [
                {
                    "modelResource": "mtr:renfe/class_802_fixed.bbmodel",
                    "textureResource": "mtr:shsr/class_802_renfe_alova.png",
                    "modelPropertiesResource": "mtr:properties/vehicle/class_802_common.json",
                    "positionDefinitionsResource": "mtr:properties/definition/class_802.json",
                    "flipTextureV": false
                },
                {
                    "modelResource": "mtr:renfe/class_802_fixed.bbmodel",
                    "textureResource": "mtr:shsr/class_802_renfe_alova.png",
                    "modelPropertiesResource": "mtr:properties/vehicle/class_802_window_2a.json",
                    "positionDefinitionsResource": "mtr:properties/definition/class_802.json",
                    "flipTextureV": false
                },
                {
                    "modelResource": "mtr:renfe/class_802_fixed.bbmodel",
                    "textureResource": "mtr:shsr/class_802_renfe_alova.png",
                    "modelPropertiesResource": "mtr:properties/vehicle/class_802_window_2b.json",
                    "positionDefinitionsResource": "mtr:properties/definition/class_802.json",
                    "flipTextureV": false
                },
                {
                    "modelResource": "mtr:renfe/class_802_fixed.bbmodel",
                    "textureResource": "mtr:shsr/class_802_renfe_alova.png",
                    "modelPropertiesResource": "mtr:properties/vehicle/class_802_end_1.json",
                    "positionDefinitionsResource": "mtr:properties/definition/class_802.json",
                    "flipTextureV": false
                },
                {
                    "modelResource": "mtr:renfe/class_802_fixed.bbmodel",
                    "textureResource": "mtr:shsr/class_802_renfe_alova.png",
                    "modelPropertiesResource": "mtr:properties/vehicle/class_802_head_2.json",
                    "positionDefinitionsResource": "mtr:properties/definition/class_802.json",
                    "flipTextureV": false
                }
            ],
            "bogie1Models": [
                {
                    "modelResource": "mtr:models/vehicle/bogie_1.bbmodel",
                    "textureResource": "mtr:textures/vehicle/bogie_1.png",
                    "modelPropertiesResource": "mtr:properties/vehicle/bogie_1.json",
                    "positionDefinitionsResource": "mtr:properties/definition/origin.json",
                    "flipTextureV": false
                }
            ],
            "bogie2Models": [
                {
                    "modelResource": "mtr:models/vehicle/bogie_1.bbmodel",
                    "textureResource": "mtr:textures/vehicle/bogie_1.png",
                    "modelPropertiesResource": "mtr:properties/vehicle/bogie_1.json",
                    "positionDefinitionsResource": "mtr:properties/definition/origin.json",
                    "flipTextureV": false
                }
            ],
            "hasGangway1": true,
            "hasGangway2": false,
            "hasBarrier1": true,
            "hasBarrier2": false,
            "legacyRiderOffset": 0,
            "bveSoundBaseResource": "",
            "legacySpeedSoundBaseResource": "class_802",
            "legacySpeedSoundCount": 120,
            "legacyUseAccelerationSoundsWhenCoasting": false,
            "legacyConstantPlaybackSpeed": false,
            "legacyDoorSoundBaseResource": "class_802",
            "legacyDoorCloseSoundTime": 1
        },
        {
            "id": "mtr_custom_train_class802_rt",
            "name": "Class 802 RENFE Class 121 ResuiTransit livery (Trailer)",
            "color": "222b64",
            "transportMode": "TRAIN",
            "length": 25,
            "width": 2,
            "bogie1Position": -8.5,
            "bogie2Position": 8.5,
            "couplingPadding1": 0,
            "couplingPadding2": 0,
            "description": "",
            "wikipediaArticle": "British_Rail_Class_802",
            "tags": [
                "family:class_802",
                "iso_3166:GB",
                "doors:2",
                "type:trailer"
            ],
            "models": [
                {
                    "modelResource": "mtr:renfe/class_802_fixed.bbmodel",
                    "textureResource": "mtr:rt/class_802_rt.png",
                    "modelPropertiesResource": "mtr:properties/vehicle/class_802_common.json",
                    "positionDefinitionsResource": "mtr:properties/definition/class_802.json",
                    "flipTextureV": false
                },
                {
                    "modelResource": "mtr:renfe/class_802_fixed.bbmodel",
                    "textureResource": "mtr:rt/class_802_rt.png",
                    "modelPropertiesResource": "mtr:properties/vehicle/class_802_window_default.json",
                    "positionDefinitionsResource": "mtr:properties/definition/class_802.json",
                    "flipTextureV": false
                },
                {
                    "modelResource": "mtr:renfe/class_802_fixed.bbmodel",
                    "textureResource": "mtr:rt/class_802_rt.png",
                    "modelPropertiesResource": "mtr:properties/vehicle/class_802_end_1.json",
                    "positionDefinitionsResource": "mtr:properties/definition/class_802.json",
                    "flipTextureV": false
                },
                {
                    "modelResource": "mtr:renfe/class_802_fixed.bbmodel",
                    "textureResource": "mtr:rt/class_802_rt.png",
                    "modelPropertiesResource": "mtr:properties/vehicle/class_802_end_2.json",
                    "positionDefinitionsResource": "mtr:properties/definition/class_802.json",
                    "flipTextureV": false
                }
            ],
            "bogie1Models": [
                {
                    "modelResource": "mtr:models/vehicle/bogie_1.bbmodel",
                    "textureResource": "mtr:textures/vehicle/bogie_1.png",
                    "modelPropertiesResource": "mtr:properties/vehicle/bogie_1.json",
                    "positionDefinitionsResource": "mtr:properties/definition/origin.json",
                    "flipTextureV": false
                }
            ],
            "bogie2Models": [
                {
                    "modelResource": "mtr:models/vehicle/bogie_1.bbmodel",
                    "textureResource": "mtr:textures/vehicle/bogie_1.png",
                    "modelPropertiesResource": "mtr:properties/vehicle/bogie_1.json",
                    "positionDefinitionsResource": "mtr:properties/definition/origin.json",
                    "flipTextureV": false
                }
            ],
            "hasGangway1": true,
            "hasGangway2": true,
            "hasBarrier1": true,
            "hasBarrier2": true,
            "legacyRiderOffset": 0,
            "bveSoundBaseResource": "",
            "legacySpeedSoundBaseResource": "class_802",
            "legacySpeedSoundCount": 120,
            "legacyUseAccelerationSoundsWhenCoasting": false,
            "legacyConstantPlaybackSpeed": false,
            "legacyDoorSoundBaseResource": "class_802",
            "legacyDoorCloseSoundTime": 1
        },
        {
            "id": "mtr_custom_train_class802_rt_cab_1",
            "name": "Class 802 RENFE Class 121 ResuiTransit livery Cab (Forwards)",
            "color": "222b64",
            "transportMode": "TRAIN",
            "length": 25,
            "width": 2,
            "bogie1Position": -8.5,
            "bogie2Position": 8.5,
            "couplingPadding1": 0,
            "couplingPadding2": 0,
            "description": "",
            "wikipediaArticle": "British_Rail_Class_802",
            "tags": [
                "family:class_802",
                "iso_3166:GB",
                "doors:2",
                "type:cab_1"
            ],
            "models": [
                {
                    "modelResource": "mtr:renfe/class_802_fixed.bbmodel",
                    "textureResource": "mtr:rt/class_802_rt.png",
                    "modelPropertiesResource": "mtr:properties/vehicle/class_802_common.json",
                    "positionDefinitionsResource": "mtr:properties/definition/class_802.json",
                    "flipTextureV": false
                },
                {
                    "modelResource": "mtr:renfe/class_802_fixed.bbmodel",
                    "textureResource": "mtr:rt/class_802_rt.png",
                    "modelPropertiesResource": "mtr:properties/vehicle/class_802_window_1a.json",
                    "positionDefinitionsResource": "mtr:properties/definition/class_802.json",
                    "flipTextureV": false
                },
                {
                    "modelResource": "mtr:renfe/class_802_fixed.bbmodel",
                    "textureResource": "mtr:rt/class_802_rt.png",
                    "modelPropertiesResource": "mtr:properties/vehicle/class_802_window_1b.json",
                    "positionDefinitionsResource": "mtr:properties/definition/class_802.json",
                    "flipTextureV": false
                },
                {
                    "modelResource": "mtr:renfe/class_802_fixed.bbmodel",
                    "textureResource": "mtr:rt/class_802_rt.png",
                    "modelPropertiesResource": "mtr:properties/vehicle/class_802_head_1.json",
                    "positionDefinitionsResource": "mtr:properties/definition/class_802.json",
                    "flipTextureV": false
                },
                {
                    "modelResource": "mtr:renfe/class_802_fixed.bbmodel",
                    "textureResource": "mtr:rt/class_802_rt.png",
                    "modelPropertiesResource": "mtr:properties/vehicle/class_802_end_2.json",
                    "positionDefinitionsResource": "mtr:properties/definition/class_802.json",
                    "flipTextureV": false
                }
            ],
            "bogie1Models": [
                {
                    "modelResource": "mtr:models/vehicle/bogie_1.bbmodel",
                    "textureResource": "mtr:rtextures/vehicle/bogie_1.png",
                    "modelPropertiesResource": "mtr:properties/vehicle/bogie_1.json",
                    "positionDefinitionsResource": "mtr:properties/definition/origin.json",
                    "flipTextureV": false
                }
            ],
            "bogie2Models": [
                {
                    "modelResource": "mtr:models/vehicle/bogie_1.bbmodel",
                    "textureResource": "mtr:textures/vehicle/bogie_1.png",
                    "modelPropertiesResource": "mtr:properties/vehicle/bogie_1.json",
                    "positionDefinitionsResource": "mtr:properties/definition/origin.json",
                    "flipTextureV": false
                }
            ],
            "hasGangway1": false,
            "hasGangway2": true,
            "hasBarrier1": false,
            "hasBarrier2": true,
            "legacyRiderOffset": 0,
            "bveSoundBaseResource": "",
            "legacySpeedSoundBaseResource": "class_802",
            "legacySpeedSoundCount": 120,
            "legacyUseAccelerationSoundsWhenCoasting": false,
            "legacyConstantPlaybackSpeed": false,
            "legacyDoorSoundBaseResource": "class_802",
            "legacyDoorCloseSoundTime": 1
        },
        {
            "id": "mtr_custom_train_class802_rt_cab_2",
            "name": "Class 802 RENFE Class 121 ResuiTransit livery Cab (Backwards)",
            "color": "222b64",
            "transportMode": "TRAIN",
            "length": 25,
            "width": 2,
            "bogie1Position": -8.5,
            "bogie2Position": 8.5,
            "couplingPadding1": 0,
            "couplingPadding2": 0,
            "description": "",
            "wikipediaArticle": "British_Rail_Class_802",
            "tags": [
                "family:class_802",
                "iso_3166:GB",
                "doors:2",
                "type:cab_2"
            ],
            "models": [
                {
                    "modelResource": "mtr:renfe/class_802_fixed.bbmodel",
                    "textureResource": "mtr:rt/class_802_rt.png",
                    "modelPropertiesResource": "mtr:properties/vehicle/class_802_common.json",
                    "positionDefinitionsResource": "mtr:properties/definition/class_802.json",
                    "flipTextureV": false
                },
                {
                    "modelResource": "mtr:renfe/class_802_fixed.bbmodel",
                    "textureResource": "mtr:rt/class_802_rt.png",
                    "modelPropertiesResource": "mtr:properties/vehicle/class_802_window_2a.json",
                    "positionDefinitionsResource": "mtr:properties/definition/class_802.json",
                    "flipTextureV": false
                },
                {
                    "modelResource": "mtr:renfe/class_802_fixed.bbmodel",
                    "textureResource": "mtr:rt/class_802_rt.png",
                    "modelPropertiesResource": "mtr:properties/vehicle/class_802_window_2b.json",
                    "positionDefinitionsResource": "mtr:properties/definition/class_802.json",
                    "flipTextureV": false
                },
                {
                    "modelResource": "mtr:renfe/class_802_fixed.bbmodel",
                    "textureResource": "mtr:rt/class_802_rt.png",
                    "modelPropertiesResource": "mtr:properties/vehicle/class_802_end_1.json",
                    "positionDefinitionsResource": "mtr:properties/definition/class_802.json",
                    "flipTextureV": false
                },
                {
                    "modelResource": "mtr:renfe/class_802_fixed.bbmodel",
                    "textureResource": "mtr:rt/class_802_rt.png",
                    "modelPropertiesResource": "mtr:properties/vehicle/class_802_head_2.json",
                    "positionDefinitionsResource": "mtr:properties/definition/class_802.json",
                    "flipTextureV": false
                }
            ],
            "bogie1Models": [
                {
                    "modelResource": "mtr:models/vehicle/bogie_1.bbmodel",
                    "textureResource": "mtr:textures/vehicle/bogie_1.png",
                    "modelPropertiesResource": "mtr:properties/vehicle/bogie_1.json",
                    "positionDefinitionsResource": "mtr:properties/definition/origin.json",
                    "flipTextureV": false
                }
            ],
            "bogie2Models": [
                {
                    "modelResource": "mtr:models/vehicle/bogie_1.bbmodel",
                    "textureResource": "mtr:textures/vehicle/bogie_1.png",
                    "modelPropertiesResource": "mtr:properties/vehicle/bogie_1.json",
                    "positionDefinitionsResource": "mtr:properties/definition/origin.json",
                    "flipTextureV": false
                }
            ],
            "hasGangway1": true,
            "hasGangway2": false,
            "hasBarrier1": true,
            "hasBarrier2": false,
            "legacyRiderOffset": 0,
            "bveSoundBaseResource": "",
            "legacySpeedSoundBaseResource": "class_802",
            "legacySpeedSoundCount": 120,
            "legacyUseAccelerationSoundsWhenCoasting": false,
            "legacyConstantPlaybackSpeed": false,
            "legacyDoorSoundBaseResource": "class_802",
            "legacyDoorCloseSoundTime": 1
        },
        {
            "id": "mtr_custom_train_class802_ncr",
            "name": "Class 802 RENFE Class 121 Nova High-Speed livery (Trailer)",
            "color": "222b64",
            "transportMode": "TRAIN",
            "length": 25,
            "width": 2,
            "bogie1Position": -8.5,
            "bogie2Position": 8.5,
            "couplingPadding1": 0,
            "couplingPadding2": 0,
            "description": "",
            "wikipediaArticle": "British_Rail_Class_802",
            "tags": [
                "family:class_802",
                "iso_3166:GB",
                "doors:2",
                "type:trailer"
            ],
            "models": [
                {
                    "modelResource": "mtr:renfe/class_802_fixed.bbmodel",
                    "textureResource": "mtr:ncr/class_802_ncr.png",
                    "modelPropertiesResource": "mtr:properties/vehicle/class_802_common.json",
                    "positionDefinitionsResource": "mtr:properties/definition/class_802.json",
                    "flipTextureV": false
                },
                {
                    "modelResource": "mtr:renfe/class_802_fixed.bbmodel",
                    "textureResource": "mtr:ncr/class_802_ncr.png",
                    "modelPropertiesResource": "mtr:properties/vehicle/class_802_window_default.json",
                    "positionDefinitionsResource": "mtr:properties/definition/class_802.json",
                    "flipTextureV": false
                },
                {
                    "modelResource": "mtr:renfe/class_802_fixed.bbmodel",
                    "textureResource": "mtr:ncr/class_802_ncr.png",
                    "modelPropertiesResource": "mtr:properties/vehicle/class_802_end_1.json",
                    "positionDefinitionsResource": "mtr:properties/definition/class_802.json",
                    "flipTextureV": false
                },
                {
                    "modelResource": "mtr:renfe/class_802_fixed.bbmodel",
                    "textureResource": "mtr:ncr/class_802_ncr.png",
                    "modelPropertiesResource": "mtr:properties/vehicle/class_802_end_2.json",
                    "positionDefinitionsResource": "mtr:properties/definition/class_802.json",
                    "flipTextureV": false
                }
            ],
            "bogie1Models": [
                {
                    "modelResource": "mtr:models/vehicle/bogie_1.bbmodel",
                    "textureResource": "mtr:textures/vehicle/bogie_1.png",
                    "modelPropertiesResource": "mtr:properties/vehicle/bogie_1.json",
                    "positionDefinitionsResource": "mtr:properties/definition/origin.json",
                    "flipTextureV": false
                }
            ],
            "bogie2Models": [
                {
                    "modelResource": "mtr:models/vehicle/bogie_1.bbmodel",
                    "textureResource": "mtr:textures/vehicle/bogie_1.png",
                    "modelPropertiesResource": "mtr:properties/vehicle/bogie_1.json",
                    "positionDefinitionsResource": "mtr:properties/definition/origin.json",
                    "flipTextureV": false
                }
            ],
            "hasGangway1": true,
            "hasGangway2": true,
            "hasBarrier1": true,
            "hasBarrier2": true,
            "legacyRiderOffset": 0,
            "bveSoundBaseResource": "",
            "legacySpeedSoundBaseResource": "class_802",
            "legacySpeedSoundCount": 120,
            "legacyUseAccelerationSoundsWhenCoasting": false,
            "legacyConstantPlaybackSpeed": false,
            "legacyDoorSoundBaseResource": "class_802",
            "legacyDoorCloseSoundTime": 1
        },
        {
            "id": "mtr_custom_train_class802_ncr_cab_1",
            "name": "Class 802 RENFE Class 121 Nova High-Speed livery Cab (Forwards)",
            "color": "222b64",
            "transportMode": "TRAIN",
            "length": 25,
            "width": 2,
            "bogie1Position": -8.5,
            "bogie2Position": 8.5,
            "couplingPadding1": 0,
            "couplingPadding2": 0,
            "description": "",
            "wikipediaArticle": "British_Rail_Class_802",
            "tags": [
                "family:class_802",
                "iso_3166:GB",
                "doors:2",
                "type:cab_1"
            ],
            "models": [
                {
                    "modelResource": "mtr:renfe/class_802_fixed.bbmodel",
                    "textureResource": "mtr:ncr/class_802_ncr.png",
                    "modelPropertiesResource": "mtr:properties/vehicle/class_802_common.json",
                    "positionDefinitionsResource": "mtr:properties/definition/class_802.json",
                    "flipTextureV": false
                },
                {
                    "modelResource": "mtr:renfe/class_802_fixed.bbmodel",
                    "textureResource": "mtr:ncr/class_802_ncr.png",
                    "modelPropertiesResource": "mtr:properties/vehicle/class_802_window_1a.json",
                    "positionDefinitionsResource": "mtr:properties/definition/class_802.json",
                    "flipTextureV": false
                },
                {
                    "modelResource": "mtr:renfe/class_802_fixed.bbmodel",
                    "textureResource": "mtr:ncr/class_802_ncr.png",
                    "modelPropertiesResource": "mtr:properties/vehicle/class_802_window_1b.json",
                    "positionDefinitionsResource": "mtr:properties/definition/class_802.json",
                    "flipTextureV": false
                },
                {
                    "modelResource": "mtr:renfe/class_802_fixed.bbmodel",
                    "textureResource": "mtr:ncr/class_802_ncr.png",
                    "modelPropertiesResource": "mtr:properties/vehicle/class_802_head_1.json",
                    "positionDefinitionsResource": "mtr:properties/definition/class_802.json",
                    "flipTextureV": false
                },
                {
                    "modelResource": "mtr:renfe/class_802_fixed.bbmodel",
                    "textureResource": "mtr:ncr/class_802_ncr.png",
                    "modelPropertiesResource": "mtr:properties/vehicle/class_802_end_2.json",
                    "positionDefinitionsResource": "mtr:properties/definition/class_802.json",
                    "flipTextureV": false
                }
            ],
            "bogie1Models": [
                {
                    "modelResource": "mtr:models/vehicle/bogie_1.bbmodel",
                    "textureResource": "mtr:rtextures/vehicle/bogie_1.png",
                    "modelPropertiesResource": "mtr:properties/vehicle/bogie_1.json",
                    "positionDefinitionsResource": "mtr:properties/definition/origin.json",
                    "flipTextureV": false
                }
            ],
            "bogie2Models": [
                {
                    "modelResource": "mtr:models/vehicle/bogie_1.bbmodel",
                    "textureResource": "mtr:textures/vehicle/bogie_1.png",
                    "modelPropertiesResource": "mtr:properties/vehicle/bogie_1.json",
                    "positionDefinitionsResource": "mtr:properties/definition/origin.json",
                    "flipTextureV": false
                }
            ],
            "hasGangway1": false,
            "hasGangway2": true,
            "hasBarrier1": false,
            "hasBarrier2": true,
            "legacyRiderOffset": 0,
            "bveSoundBaseResource": "",
            "legacySpeedSoundBaseResource": "class_802",
            "legacySpeedSoundCount": 120,
            "legacyUseAccelerationSoundsWhenCoasting": false,
            "legacyConstantPlaybackSpeed": false,
            "legacyDoorSoundBaseResource": "class_802",
            "legacyDoorCloseSoundTime": 1
        },
        {
            "id": "mtr_custom_train_class802_ncr_cab_2",
            "name": "Class 802 RENFE Class 121 Nova High-Speed livery Cab (Backwards)",
            "color": "222b64",
            "transportMode": "TRAIN",
            "length": 25,
            "width": 2,
            "bogie1Position": -8.5,
            "bogie2Position": 8.5,
            "couplingPadding1": 0,
            "couplingPadding2": 0,
            "description": "",
            "wikipediaArticle": "British_Rail_Class_802",
            "tags": [
                "family:class_802",
                "iso_3166:GB",
                "doors:2",
                "type:cab_2"
            ],
            "models": [
                {
                    "modelResource": "mtr:renfe/class_802_fixed.bbmodel",
                    "textureResource": "mtr:ncr/class_802_ncr.png",
                    "modelPropertiesResource": "mtr:properties/vehicle/class_802_common.json",
                    "positionDefinitionsResource": "mtr:properties/definition/class_802.json",
                    "flipTextureV": false
                },
                {
                    "modelResource": "mtr:renfe/class_802_fixed.bbmodel",
                    "textureResource": "mtr:ncr/class_802_ncr.png",
                    "modelPropertiesResource": "mtr:properties/vehicle/class_802_window_2a.json",
                    "positionDefinitionsResource": "mtr:properties/definition/class_802.json",
                    "flipTextureV": false
                },
                {
                    "modelResource": "mtr:renfe/class_802_fixed.bbmodel",
                    "textureResource": "mtr:ncr/class_802_ncr.png",
                    "modelPropertiesResource": "mtr:properties/vehicle/class_802_window_2b.json",
                    "positionDefinitionsResource": "mtr:properties/definition/class_802.json",
                    "flipTextureV": false
                },
                {
                    "modelResource": "mtr:renfe/class_802_fixed.bbmodel",
                    "textureResource": "mtr:ncr/class_802_ncr.png",
                    "modelPropertiesResource": "mtr:properties/vehicle/class_802_end_1.json",
                    "positionDefinitionsResource": "mtr:properties/definition/class_802.json",
                    "flipTextureV": false
                },
                {
                    "modelResource": "mtr:renfe/class_802_fixed.bbmodel",
                    "textureResource": "mtr:ncr/class_802_ncr.png",
                    "modelPropertiesResource": "mtr:properties/vehicle/class_802_head_2.json",
                    "positionDefinitionsResource": "mtr:properties/definition/class_802.json",
                    "flipTextureV": false
                }
            ],
            "bogie1Models": [
                {
                    "modelResource": "mtr:models/vehicle/bogie_1.bbmodel",
                    "textureResource": "mtr:textures/vehicle/bogie_1.png",
                    "modelPropertiesResource": "mtr:properties/vehicle/bogie_1.json",
                    "positionDefinitionsResource": "mtr:properties/definition/origin.json",
                    "flipTextureV": false
                }
            ],
            "bogie2Models": [
                {
                    "modelResource": "mtr:models/vehicle/bogie_1.bbmodel",
                    "textureResource": "mtr:textures/vehicle/bogie_1.png",
                    "modelPropertiesResource": "mtr:properties/vehicle/bogie_1.json",
                    "positionDefinitionsResource": "mtr:properties/definition/origin.json",
                    "flipTextureV": false
                }
            ],
            "hasGangway1": true,
            "hasGangway2": false,
            "hasBarrier1": true,
            "hasBarrier2": false,
            "legacyRiderOffset": 0,
            "bveSoundBaseResource": "",
            "legacySpeedSoundBaseResource": "class_802",
            "legacySpeedSoundCount": 120,
            "legacyUseAccelerationSoundsWhenCoasting": false,
            "legacyConstantPlaybackSpeed": false,
            "legacyDoorSoundBaseResource": "class_802",
            "legacyDoorCloseSoundTime": 1
        }
        
    ],
    "signs":[],    
    "rails": [],
    "objects": []
}