{
  "bartdc": {
    "sounds": ["custom:bartdc"]
  },
  "bartbh": {
    "sounds": ["custom:bartpa"]
  },
  "bsldc": {
    "sounds": ["custom:bsldc"]
  },
  "mtrdc": {
    "sounds": ["custom:mtrdc"]
  },
  "mtrdop": {
    "sounds": ["custom:mtrdop"]
  },
  "nycdc": {
    "sounds": ["custom:nycdc"]
  },
  "mfldop": {
    "sounds": ["custom:septamfldop"]
  },
  "mfldc": {
    "sounds": ["custom:septamfldc"]
  },
  "wmatadc": {
    "sounds": ["custom:wmatadc"]
  },
  "wmatadch1": {
    "sounds": ["custom:wmatadch1"]
  },
  "wmatadch2": {
    "sounds": ["custom:wmatadch2"]
  },
  "wmatadop": {
    "sounds": ["custom:wmatadop"]
  }
}
