{
	"parts": [
		{
			"names": [
				"head_exterior_closed_gangway"
			],
			"positionDefinitions": [
				"end1"
			],
			"renderStage": "EXTERIOR"
		},
		{
			"names": [
				"head_interior_closed_gangway"
			],
			"positionDefinitions": [
				"end1"
			],
			"renderStage": "INTERIOR"
		},
		{
			"names": [
				"head_interior_wall"
			],
			"positionDefinitions": [
				"end1"
			],
			"renderStage": "EXTERIOR"
		},
		{
			"names": [
				"headlight"
			],
			"positionDefinitions": [
				"end1"
			],
			"condition": "ON_ROUTE_FORWARDS",
			"renderStage": "ALWAYS_ON_LIGHT"
		},
		{
			"names": [
				"taillight"
			],
			"positionDefinitions": [
				"end1"
			],
			"condition": "ON_ROUTE_BACKWARDS",
			"renderStage": "ALWAYS_ON_LIGHT"
		},
		{
			"names": [
				"head_interior_light"
			],
			"positionDefinitions": [
				"end1"
			],
			"renderStage": "EXTERIOR"
		}
		],
	"modelYOffset": 1
}