{
	"parts": [
		{
			"names": [
				"head_exterior"
			],
			"positionDefinitions": [
				"end1"
			],
			"renderStage": "EXTERIOR"
		},
		{
			"names": [
				"head"
			],
			"positionDefinitions": [
				"end1"
			],
			"renderStage": "INTERIOR"
		},
		{
			"names": [
				"roof_interior"
			],
			"positionDefinitions": [
				"roofInteriorHead1"
			],
			"renderStage": "INTERIOR"
		},
		{
			"names": [
				"end_head_floor"
			],
			"positionDefinitions": [
				"end1"
			],
			"type": "FLOOR"
	},
	{
			"names": [
				"seat"
			],
			"positionDefinitions": [
				"seatHead1"
			],
			"renderStage": "INTERIOR"
		},
		{
			"names": [
				"speakers_1"
			],
			"positionDefinitions": [
				"speakersHead1"
			],
			"renderStage": "INTERIOR"
		},
		{
			"names": [
				"lights_1"
			],
			"positionDefinitions": [
				"lightHead1"
			],
			"renderStage": "LIGHT"
		},
		{
			"names": [
				"destination_sign"
			],
			"positionDefinitions": [
				"end1"
			],
			"type": "DISPLAY",
			"displayXPadding": 0.0,
			"displayYPadding": 0.0,
			"displayColorCjk": "00FF00",
			"displayColor": "00FF00",
			"displayOptions": [
			"UPPER_CASE",
			"ALIGN_CENTER",
			"SINGLE_LINE"
			],
			"displayType": "DESTINATION",
			"displayDefaultText": "Legacy Fleet"
		}
		],
	"modelYOffset": 1
}