{
	"parts": [
		{
			"names": [
				"seat"
			],
			"positionDefinitions": [
				"seatEnd1"
			],
			"renderStage": "INTERIOR"
		},
		{
			"names": [
			"end_window_floor"
			],
			"positionDefinitions": [
				"end1"
			],
			"type": "FLOOR"
		},
		{
			"names": [
				"end_window_interior"
			],
			"positionDefinitions": [
				"end1"
			],
			"renderStage": "INTERIOR"
		},
		{
			"names": [
				"end_exterior"
			],
			"positionDefinitions": [
				"end1"
			],
			"renderStage": "EXTERIOR"
		},
		{
			"names": [
				"door_light_exterior_off"
			],
			"positionDefinitions": [
				"end1"
			],
			"condition": "DOORS_CLOSED",
			"renderStage": "EXTERIOR"
		},
		{
			"names": [
				"door_light_exterior_on"
			],
			"positionDefinitions": [
				"end1"
			],
			"condition": "DOORS_OPENED",
			"renderStage": "ALWAYS_ON_LIGHT"
		},
		{
			"names": [
				"handrail_roof_horizontal"
			],
			"positionDefinitions": [
				"handrailHorizontalEnd1"
			],
			"renderStage": "INTERIOR"
		},
		{
			"names": [
				"handrail_roof_vertical"
			],
			"positionDefinitions": [
				"handrailVerticalEnd1"
			],
			"renderStage": "INTERIOR"
		},
		{
			"names": [
				"lights_1"
			],
			"positionDefinitions": [
				"lightsEnd1"
			],
			"renderStage": "LIGHT"
		},
		{
			"names": [
				"roof_exterior"
			],
			"positionDefinitions": [
				"roofExteriorEnd1"
			],
			"renderStage": "EXTERIOR"
		},
		{
			"names": [
				"roof_interior"
			],
			"positionDefinitions": [
				"roofInteriorEnd1"
			],
			"renderStage": "INTERIOR"
		},
		{
			"names": [
				"seat_handrail_1"
			],
			"positionDefinitions": [
				"seatHandrail1End1"
			],
			"renderStage": "INTERIOR"
		},
		{
			"names": [
				"seat_handrail_2"
			],
			"positionDefinitions": [
				"seatHandrail2End1"
			],
			"renderStage": "INTERIOR"
		},
		{
			"names": [
				"seat_handrail_3"
			],
			"positionDefinitions": [
				"seatHandrail3End1"
			],
			"renderStage": "INTERIOR"
		},
		{
			"names": [
				"speakers_1"
			],
			"positionDefinitions": [
				"speakersEnd1"
			],
			"renderStage": "INTERIOR"
		}
		],
	"modelYOffset": 1
}