{
	"parts": [
		{
			"names": [
				"head_exterior_open_gangway"
			],
			"positionDefinitions": [
				"end2"
			],
			"renderStage": "EXTERIOR"
		},
		{
			"names": [
				"head_interior_open_gangway"
			],
			"positionDefinitions": [
				"end2"
			],
			"renderStage": "INTERIOR"
		},
		{
			"names": [
				"head_interior_wall"
			],
			"positionDefinitions": [
				"end2"
			],
			"renderStage": "INTERIOR"
		},
		{
			"names": [
				"end_head_cab_floor"
			],
			"positionDefinitions": [
				"end2"
			],
			"type": "FLOOR"
		},
		{
			"names": [
				"head_interior_light"
			],
			"positionDefinitions": [
				"end2"
			],
			"renderStage": "LIGHT"
		}
		],
	"modelYOffset": 1
}