{
	"parts": [
		{
			"names": [
				"seat"
			],
			"positionDefinitions": [
				"seatEnd2"
			],
			"renderStage": "INTERIOR"
		},
		{
			"names": [
			"end_window_floor"
			],
			"positionDefinitions": [
				"end2"
			],
			"type": "FLOOR"
		},
		{
			"names": [
				"end_window_interior"
			],
			"positionDefinitions": [
				"end2"
			],
			"renderStage": "INTERIOR"
		},
		{
			"names": [
				"end_exterior"
			],
			"positionDefinitions": [
				"end2"
			],
			"renderStage": "EXTERIOR"
		},
		{
			"names": [
				"door_light_exterior_off"
			],
			"positionDefinitions": [
				"end2"
			],
			"condition": "DOORS_CLOSED",
			"renderStage": "EXTERIOR"
		},
		{
			"names": [
				"door_light_exterior_on"
			],
			"positionDefinitions": [
				"end2"
			],
			"condition": "DOORS_OPENED",
			"renderStage": "ALWAYS_ON_LIGHT"
		},
		{
			"names": [
				"handrail_roof_horizontal"
			],
			"positionDefinitions": [
				"handrailHorizontalEnd2"
			],
			"renderStage": "INTERIOR"
		},
		{
			"names": [
				"handrail_roof_vertical"
			],
			"positionDefinitions": [
				"handrailVerticalEnd2"
			],
			"renderStage": "INTERIOR"
		},
		{
			"names": [
				"lights_1"
			],
			"positionDefinitions": [
				"lightsEnd2"
			],
			"renderStage": "LIGHT"
		},
		{
			"names": [
				"roof_exterior"
			],
			"positionDefinitions": [
				"roofExteriorEnd2"
			],
			"renderStage": "EXTERIOR"
		},
		{
			"names": [
				"roof_interior"
			],
			"positionDefinitions": [
				"roofInteriorEnd2"
			],
			"renderStage": "INTERIOR"
		},
		{
			"names": [
				"seat_handrail_1"
			],
			"positionDefinitions": [
				"seatHandrail1End2"
			],
			"renderStage": "INTERIOR"
		},
		{
			"names": [
				"seat_handrail_2"
			],
			"positionDefinitions": [
				"seatHandrail2End2"
			],
			"renderStage": "INTERIOR"
		},
		{
			"names": [
				"seat_handrail_3"
			],
			"positionDefinitions": [
				"seatHandrail3End2"
			],
			"renderStage": "INTERIOR"
		},
		{
			"names": [
				"speakers_1"
			],
			"positionDefinitions": [
				"speakersEnd2"
			],
			"renderStage": "INTERIOR"
		}
		],
	"modelYOffset": 1
}