{
	"parts": [
		{
			"names": [
				"door_light_interior_flash_off"
			],
			"positionDefinitions": [
				"door",
				"doorFlipped"
			],
			"renderStage": "INTERIOR"
		},
		{
			"names": [
				"door_light_interior_flash_on"
			],
			"positionDefinitions": [
				"door",
				"doorFlipped"
			],
			"condition": "DOORS_OPENED",
			"renderStage": "ALWAYS_ON_LIGHT",
			"displayXPadding": 0.0,
			"displayYPadding": 0.0,
			"displayColorCjk": "FF9900",
			"displayColor": "FF9900",
			"displayMaxLineHeight": 1.5,
			"displayCjkSizeRatio": 2.0,
			"displayOptions": [],
			"displayType": "DESTINATION",
			"displayDefaultText": "Not In Service",
			"doorXMultiplier": 1.0,
			"doorZMultiplier": 0.0,
			"doorAnimationType": "STANDARD",
			"renderFromOpeningDoorTime": 1000000,
			"renderUntilOpeningDoorTime": 1000000,
			"renderFromClosingDoorTime": 1999,
			"renderUntilClosingDoorTime": 1,
			"flashOffTime": 375,
			"flashOnTime": 125
		}
		],
	"modelYOffset": 1
}