{
	"parts": [
		{
			"names": [
				"lights_1"
			],
			"positionDefinitions": [
				"lights1"
			],
			"renderStage": "LIGHT"
		},
		{
			"names": [
				"lights_2"
			],
			"positionDefinitions": [
				"lights2"
			],
			"renderStage": "LIGHT"
		},
		{
			"names": [
				"lights_3"
			],
			"positionDefinitions": [
				"door",
				"doorFlipped"
			],
			"renderStage": "LIGHT"
		},
		{
			"names": [
				"speakers_1"
			],
			"positionDefinitions": [
				"speakers1"
			],
			"renderStage": "INTERIOR"
		},
		{
			"names": [
				"speakers_2"
			],
			"positionDefinitions": [
				"door"
			],
			"renderStage": "INTERIOR"
		},
		{
			"names": [
				"roof_interior"
			],
			"positionDefinitions": [
				"roofInterior"
			],
			"renderStage": "INTERIOR"
		},
		{
			"names": [
				"roof_exterior"
			],
			"positionDefinitions": [
				"roofExterior"
			],
			"renderStage": "EXTERIOR"
		},
		{
			"names": [
				"window_interior"
			],
			"positionDefinitions": [
				"window",
				"windowFlipped"
			],
			"renderStage": "INTERIOR"
		},
		{
			"names": [
				"window_floor"
			],
			"positionDefinitions": [
				"window",
				"windowFlipped"
			],
			"type": "FLOOR"
		},
		{
			"names": [
				"window_exterior"
			],
			"positionDefinitions": [
				"window",
				"windowFlipped"
			],
			"renderStage": "EXTERIOR"
		},
		{
			"names": [
				"door_interior",
				"handrail_door_bike"
			],
			"positionDefinitions": [
				"doorInteriorWall"
			],
			"renderStage": "INTERIOR"
		},
		{
			"names": [
				"door_floor"
			],
			"positionDefinitions": [
				"door",
				"doorFlipped"
			],
			"type": "FLOOR"
		},
		{
			"names": [
				"doorway"
			],
			"positionDefinitions": [
				"door",
				"doorFlipped"
			],
			"type": "DOORWAY"
		},
		{
			"names": [
				"door_exterior"
			],
			"positionDefinitions": [
				"door",
				"doorFlipped"
			],
			"renderStage": "EXTERIOR"
		},
		{
			"names": [
				"door_edge"
			],
			"positionDefinitions": [
				"door",
				"doorFlipped"
			],
			"renderStage": "INTERIOR"
		},
		{
			"names": [
				"door_left_interior"
			],
			"positionDefinitions": [
				"door"
			],
			"renderStage": "INTERIOR",
			"doorZMultiplier": -12,
			"doorAnimationType": "R179"
		},
		{
			"names": [
				"door_left_exterior"
			],
			"positionDefinitions": [
				"door"
			],
			"renderStage": "EXTERIOR",
			"doorZMultiplier": -12,
			"doorAnimationType": "R179"
		},
		{
			"names": [
				"door_right_interior"
			],
			"positionDefinitions": [
				"door"
			],
			"renderStage": "INTERIOR",
			"doorZMultiplier": 12,
			"doorAnimationType": "R179"
		},
		{
			"names": [
				"door_right_exterior"
			],
			"positionDefinitions": [
				"door"
			],
			"renderStage": "EXTERIOR",
			"doorZMultiplier": 12,
			"doorAnimationType": "R179"
		},
		{
			"names": [
				"door_right_interior"
			],
			"positionDefinitions": [
				"doorFlipped"
			],
			"renderStage": "INTERIOR",
			"doorZMultiplier": 12,
			"doorAnimationType": "R179"
		},
		{
			"names": [
				"door_right_exterior"
			],
			"positionDefinitions": [
				"doorFlipped"
			],
			"renderStage": "EXTERIOR",
			"doorZMultiplier": 12,
			"doorAnimationType": "R179"
		},
		{
			"names": [
				"door_left_interior"
			],
			"positionDefinitions": [
				"doorFlipped"
			],
			"renderStage": "INTERIOR",
			"doorZMultiplier": -12,
			"doorAnimationType": "R179"
		},
		{
			"names": [
				"door_left_exterior"
			],
			"positionDefinitions": [
				"doorFlipped"
			],
			"renderStage": "EXTERIOR",
			"doorZMultiplier": -12,
			"doorAnimationType": "R179"
		},
		{
			"names": [
				"handrail_door_interior"
			],
			"positionDefinitions": [
				"door",
				"doorFlipped"
			],
			"renderStage": "INTERIOR"
		},
		{
			"names": [
				"seat"
			],
			"positionDefinitions": [
				"seats"
			],
			"renderStage": "INTERIOR"
		},
		{
			"names": [
				"handrail_roof_horizontal"
			],
			"positionDefinitions": [
				"handrailHorizontal"
			],
			"renderStage": "INTERIOR"
		},
		{
			"names": [
				"handrail_roof_vertical"
			],
			"positionDefinitions": [
				"handrailVertical"
			],
			"renderStage": "INTERIOR"
		},
		{
			"names": [
				"seat_handrail_1"
			],
			"positionDefinitions": [
				"seatHandrail1"
			],
			"renderStage": "INTERIOR"
		},
		{
			"names": [
				"seat_handrail_2"
			],
			"positionDefinitions": [
				"seatHandrail2"
			],
			"renderStage": "INTERIOR"
		},
		{
			"names": [
				"seat_handrail_3"
			],
			"positionDefinitions": [
				"seatHandrail3"
			],
			"renderStage": "INTERIOR"
		},
		{
			"names": [
				"seat_handrail_4"
			],
			"positionDefinitions": [
				"seatHandrail4"
			],
			"renderStage": "INTERIOR"
		}
	],
	"modelYOffset": 1,
	"gangwayInnerSideResource": "mtr:textures/gangway/m_train_exterior.png",
	"gangwayInnerTopResource": "mtr:textures/gangway/m_train_exterior.png",
	"gangwayInnerBottomResource": "mtr:textures/gangway/sp1900_floor.png",
	"gangwayOuterSideResource": "mtr:textures/gangway/m_train_exterior.png",
	"gangwayOuterTopResource": "mtr:textures/gangway/m_train_exterior.png",
	"gangwayOuterBottomResource": "mtr:textures/gangway/m_train_exterior.png",
	"gangwayWidth": 1.45,
	"gangwayHeight": 2.16,
	"gangwayYOffset": 1,
	"gangwayZOffset": 0.5
}