{
    "stadtbahn_1980mod_loop": {
        "sounds":[
            {
                "name": "mtr:stadtbahn_1980mod/loop",
                "pitch": 1,
                "attenuation_distance": 64
            }
        ]
    },
    "stadtbahn_1980mod_airhigh": {
        "sounds":[
            {
                "name": "mtr:stadtbahn_1980mod/airhigh",
                "pitch": 1,
                "attenuation_distance": 96
            }
        ]
    },
    "stadtbahn_1980mod_airzero": {
        "sounds":[
            {
                "name": "mtr:stadtbahn_1980mod/airzero",
                "pitch": 1,
                "attenuation_distance": 96
            }
        ]
    },
    "stadtbahn_1980mod_dooropn": {
        "sounds":[
            {
                "name": "mtr:stadtbahn_1980mod/dooropn",
                "pitch": 1,
                "attenuation_distance": 64
            }
        ]
    },
    "stadtbahn_1980mod_doorcls": {
        "sounds":[
            {
                "name": "mtr:stadtbahn_1980mod/doorcls",
                "pitch": 1,
                "attenuation_distance": 64
            }
        ]
    },
    "stadtbahn_1980mod_point": {
        "sounds":[
            {
                "name": "mtr:stadtbahn_1980mod/point",
                "pitch": 1,
                "attenuation_distance": 96
            }
        ]
    },
    "stadtbahn_1980mod_run": {
        "sounds":[
            {
                "name": "mtr:stadtbahn_1980mod/run",
                "pitch": 1,
                "attenuation_distance": 96
            }
        ]
    },
    "stadtbahn_1980mod_motor0": {
        "sounds":[
            {
                "name": "mtr:stadtbahn_1980mod/motor0",
                "pitch": 1,
                "attenuation_distance": 96
            }
        ]
    },
    "stadtbahn_1980mod_motor1": {
        "sounds":[
            {
                "name": "mtr:stadtbahn_1980mod/motor1",
                "pitch": 1,
                "attenuation_distance": 96
            }
        ]
    },
        "stadtbahn_1987mod_loop": {
        "sounds":[
            {
                "name": "mtr:stadtbahn_1980mod/loop",
                "pitch": 1,
                "attenuation_distance": 64
            }
        ]
    },
    "stadtbahn_1987mod_airhigh": {
        "sounds":[
            {
                "name": "mtr:stadtbahn_1980mod/airhigh",
                "pitch": 1,
                "attenuation_distance": 96
            }
        ]
    },
    "stadtbahn_1987mod_airzero": {
        "sounds":[
            {
                "name": "mtr:stadtbahn_1980mod/airzero",
                "pitch": 1,
                "attenuation_distance": 96
            }
        ]
    },
    "stadtbahn_1987mod_dooropn": {
        "sounds":[
            {
                "name": "mtr:stadtbahn_1995/dooropn",
                "pitch": 1,
                "attenuation_distance": 64
            }
        ]
    },
    "stadtbahn_1987mod_doorcls": {
        "sounds":[
            {
                "name": "mtr:stadtbahn_1995/doorcls",
                "pitch": 1,
                "attenuation_distance": 64
            }
        ]
    },
    "stadtbahn_1987mod_point": {
        "sounds":[
            {
                "name": "mtr:stadtbahn_1980mod/point",
                "pitch": 1,
                "attenuation_distance": 96
            }
        ]
    },
    "stadtbahn_1987mod_run": {
        "sounds":[
            {
                "name": "mtr:stadtbahn_1980mod/run",
                "pitch": 1,
                "attenuation_distance": 96
            }
        ]
    },
    "stadtbahn_1987mod_motor0": {
        "sounds":[
            {
                "name": "mtr:stadtbahn_1980mod/motor0",
                "pitch": 1,
                "attenuation_distance": 96
            }
        ]
    },
    "stadtbahn_1987mod_motor1": {
        "sounds":[
            {
                "name": "mtr:stadtbahn_1980mod/motor1",
                "pitch": 1,
                "attenuation_distance": 96
            }
        ]
    },
    "stadtbahn_1987_loop": {
        "sounds":[
            {
                "name": "mtr:stadtbahn_1987/loop",
                "pitch": 1,
                "attenuation_distance": 32
            }
        ]
    },
    "stadtbahn_1987_airhigh": {
        "sounds":[
            {
                "name": "mtr:stadtbahn_1987/airhigh",
                "pitch": 1,
                "attenuation_distance": 48
            }
        ]
    },
    "stadtbahn_1987_airzero": {
        "sounds":[
            {
                "name": "mtr:stadtbahn_1987/airzero",
                "pitch": 1,
                "attenuation_distance": 48
            }
        ]
    },
    "stadtbahn_1987_motor0": {
        "sounds":[
            {
                "name": "mtr:stadtbahn_1987/motor0",
                "pitch": 1,
                "attenuation_distance": 48
            }
        ]
    },
    "stadtbahn_1987_motor1": {
        "sounds":[
            {
                "name": "mtr:stadtbahn_1987/motor1",
                "pitch": 1,
                "attenuation_distance": 48
            }
        ]
    },
    "stadtbahn_1987_point": {
        "sounds":[
            {
                "name": "mtr:stadtbahn_1987/point",
                "pitch": 1,
                "attenuation_distance": 48
            }
        ]
    },
    "stadtbahn_1987_dooropn": {
        "sounds":[
            {
                "name": "mtr:stadtbahn_1987/dooropn",
                "pitch": 1,
                "attenuation_distance": 32
            }
        ]
    },
    "stadtbahn_1987_doorcls": {
        "sounds":[
            {
                "name": "mtr:stadtbahn_1987/doorcls",
                "pitch": 1,
                "attenuation_distance": 32
            }
        ]
    },
    "stadtbahn_1987_run": {
        "sounds":[
            {
                "name": "mtr:stadtbahn_1987/run",
                "pitch": 1,
                "attenuation_distance": 48
            }
        ]
    },
    "stadtbahn_1995_loop": {
        "sounds":[
            {
                "name": "mtr:stadtbahn_1995/loop",
                "pitch": 1,
                "attenuation_distance": 64
            }
        ]
    },
    "stadtbahn_1995_airhigh": {
        "sounds":[
            {
                "name": "mtr:stadtbahn_1995/airhigh",
                "pitch": 1,
                "attenuation_distance": 96
            }
        ]
    },
    "stadtbahn_1995_airzero": {
        "sounds":[
            {
                "name": "mtr:stadtbahn_1995/airzero",
                "pitch": 1,
                "attenuation_distance": 96
            }
        ]
    },
    "stadtbahn_1995_motor0": {
        "sounds":[
            {
                "name": "mtr:stadtbahn_1995/motor0",
                "pitch": 1,
                "attenuation_distance": 96
            }
        ]
    },
    "stadtbahn_1995_motor2": {
        "sounds":[
            {
                "name": "mtr:stadtbahn_1995/motor2",
                "pitch": 1,
                "attenuation_distance": 96
            }
        ]
    },
    "stadtbahn_1995_point": {
        "sounds":[
            {
                "name": "mtr:stadtbahn_1995/point",
                "pitch": 1,
                "attenuation_distance": 96
            }
        ]
    },
    "stadtbahn_1995_dooropn": {
        "sounds":[
            {
                "name": "mtr:stadtbahn_1995/dooropn",
                "pitch": 1,
                "attenuation_distance": 64
            }
        ]
    },
    "stadtbahn_1995_doorcls": {
        "sounds":[
            {
                "name": "mtr:stadtbahn_1995/doorcls",
                "pitch": 1,
                "attenuation_distance": 64
            }
        ]
    },
    "stadtbahn_1995_run": {
        "sounds":[
            {
                "name": "mtr:stadtbahn_1995/run",
                "pitch": 1,
                "attenuation_distance": 96
            }
        ]
    },
    "stadtbahn_1995mod_loop": {
        "sounds":[
            {
                "name": "mtr:stadtbahn_1995mod/loop",
                "pitch": 1,
                "attenuation_distance": 64
            }
        ]
    },
    "stadtbahn_1995mod_airhigh": {
        "sounds":[
            {
                "name": "mtr:stadtbahn_1995mod/airhigh",
                "pitch": 1,
                "attenuation_distance": 96
            }
        ]
    },
    "stadtbahn_1995mod_airzero": {
        "sounds":[
            {
                "name": "mtr:stadtbahn_1995mod/airzero",
                "pitch": 1,
                "attenuation_distance": 96
            }
        ]
    },
    "stadtbahn_1995mod_motor0": {
        "sounds":[
            {
                "name": "mtr:stadtbahn_1995mod/motor0",
                "pitch": 1,
                "attenuation_distance": 96
            }
        ]
    },
    "stadtbahn_1995mod_motor2": {
        "sounds":[
            {
                "name": "mtr:stadtbahn_1995mod/motor2",
                "pitch": 1,
                "attenuation_distance": 96
            }
        ]
    },
    "stadtbahn_1995mod_point": {
        "sounds":[
            {
                "name": "mtr:stadtbahn_1995mod/point",
                "pitch": 1,
                "attenuation_distance": 96
            }
        ]
    },
    "stadtbahn_1995mod_dooropn": {
        "sounds":[
            {
                "name": "mtr:stadtbahn_1995mod/dooropn",
                "pitch": 1,
                "attenuation_distance": 64
            }
        ]
    },
    "stadtbahn_1995mod_doorcls": {
        "sounds":[
            {
                "name": "mtr:stadtbahn_1995mod/doorcls",
                "pitch": 1,
                "attenuation_distance": 64
            }
        ]
    },
    "stadtbahn_1995mod_run": {
        "sounds":[
            {
                "name": "mtr:stadtbahn_1995mod/run",
                "pitch": 1,
                "attenuation_distance": 96
            }
        ]
    },
    "stadtbahn_2002_airhigh": {
        "sounds":[
            {
                "name": "mtr:stadtbahn_2002/airhigh",
                "pitch": 1,
                "attenuation_distance": 96
            }
        ]
    },
    "stadtbahn_2002_airzero": {
        "sounds":[
            {
                "name": "mtr:stadtbahn_2002/airzero",
                "pitch": 1,
                "attenuation_distance": 96
            }
        ]
    },
    "stadtbahn_2002_dooropn": {
        "sounds":[
            {
                "name": "mtr:stadtbahn_2002/dooropn",
                "pitch": 1,
                "attenuation_distance": 64
            }
        ]
    },
    "stadtbahn_2002_doorcls": {
        "sounds":[
            {
                "name": "mtr:stadtbahn_2002/doorcls",
                "pitch": 1,
                "attenuation_distance": 64
            }
        ]
    },
    "stadtbahn_2002_loop": {
        "sounds":[
            {
                "name": "mtr:stadtbahn_2002/loop",
                "pitch": 1,
                "attenuation_distance": 64
            }
        ]
    },
    "stadtbahn_2002_run": {
        "sounds":[
            {
                "name": "mtr:stadtbahn_2002/run",
                "pitch": 1,
                "attenuation_distance": 96
            }
        ]
    },
    "stadtbahn_2002_motor0": {
        "sounds":[
            {
                "name": "mtr:stadtbahn_2002/motor0",
                "pitch": 1,
                "attenuation_distance": 96
            }
        ]
    },
    "stadtbahn_2002_motor1": {
        "sounds":[
            {
                "name": "mtr:stadtbahn_2002/motor1",
                "pitch": 1,
                "attenuation_distance": 96
            }
        ]
    },
    "stadtbahn_2002_motor2": {
        "sounds":[
            {
                "name": "mtr:stadtbahn_2002/motor2",
                "pitch": 1,
                "attenuation_distance": 96
            }
        ]
    },
    "stadtbahn_2002_motor3": {
        "sounds":[
            {
                "name": "mtr:stadtbahn_2002/motor3",
                "pitch": 1,
                "attenuation_distance": 96
            }
        ]
    }
}