{"positionDefinitions":[{"name":"f523c8ef","positions":[{"x":0.0,"y":0.0,"z":40.0},{"x":0.0,"y":0.0,"z":-40.0},{"x":0.0,"y":0.0,"z":120.0},{"x":0.0,"y":0.0,"z":-120.0}],"positionsFlipped":[{"x":0.0,"y":0.0,"z":40.0},{"x":0.0,"y":0.0,"z":-40.0},{"x":0.0,"y":0.0,"z":120.0},{"x":0.0,"y":0.0,"z":-120.0}]},{"name":"9004ef9e","positions":[{"x":0.0,"y":0.0,"z":40.0},{"x":0.0,"y":0.0,"z":-40.0},{"x":0.0,"y":0.0,"z":120.0},{"x":0.0,"y":0.0,"z":-120.0}],"positionsFlipped":[]},{"name":"822b6d8d","positions":[{"x":0.0,"y":0.0,"z":40.0},{"x":0.0,"y":0.0,"z":-40.0},{"x":0.0,"y":0.0,"z":120.0},{"x":0.0,"y":0.0,"z":-120.0}],"positionsFlipped":[]},{"name":"2c69a615","positions":[{"x":0.0,"y":0.0,"z":40.0},{"x":0.0,"y":0.0,"z":-40.0},{"x":0.0,"y":0.0,"z":120.0},{"x":0.0,"y":0.0,"z":-120.0}],"positionsFlipped":[{"x":0.0,"y":0.0,"z":40.0},{"x":0.0,"y":0.0,"z":-40.0},{"x":0.0,"y":0.0,"z":120.0},{"x":0.0,"y":0.0,"z":-120.0}]},{"name":"c25dcb3f","positions":[{"x":0.0,"y":0.0,"z":40.0},{"x":0.0,"y":0.0,"z":-40.0},{"x":0.0,"y":0.0,"z":120.0},{"x":0.0,"y":0.0,"z":-120.0}],"positionsFlipped":[{"x":0.0,"y":0.0,"z":40.0},{"x":0.0,"y":0.0,"z":-40.0},{"x":0.0,"y":0.0,"z":120.0},{"x":0.0,"y":0.0,"z":-120.0}]},{"name":"dae605eb","positions":[{"x":0.0,"y":0.0,"z":40.0},{"x":0.0,"y":0.0,"z":-40.0},{"x":0.0,"y":0.0,"z":120.0},{"x":0.0,"y":0.0,"z":-120.0}],"positionsFlipped":[{"x":0.0,"y":0.0,"z":40.0},{"x":0.0,"y":0.0,"z":-40.0},{"x":0.0,"y":0.0,"z":120.0},{"x":0.0,"y":0.0,"z":-120.0}]},{"name":"6edae7f7","positions":[{"x":0.0,"y":0.0,"z":40.0},{"x":0.0,"y":0.0,"z":-40.0},{"x":0.0,"y":0.0,"z":120.0},{"x":0.0,"y":0.0,"z":-120.0}],"positionsFlipped":[{"x":0.0,"y":0.0,"z":40.0},{"x":0.0,"y":0.0,"z":-40.0},{"x":0.0,"y":0.0,"z":120.0},{"x":0.0,"y":0.0,"z":-120.0}]},{"name":"113e08c6","positions":[{"x":0.0,"y":0.0,"z":40.0},{"x":0.0,"y":0.0,"z":-40.0},{"x":0.0,"y":0.0,"z":120.0},{"x":0.0,"y":0.0,"z":-120.0}],"positionsFlipped":[]},{"name":"6d9e513e","positions":[{"x":0.0,"y":0.0,"z":40.0},{"x":0.0,"y":0.0,"z":-40.0},{"x":0.0,"y":0.0,"z":120.0},{"x":0.0,"y":0.0,"z":-120.0}],"positionsFlipped":[{"x":0.0,"y":0.0,"z":40.0},{"x":0.0,"y":0.0,"z":-40.0},{"x":0.0,"y":0.0,"z":120.0},{"x":0.0,"y":0.0,"z":-120.0}]},{"name":"f0028e01","positions":[],"positionsFlipped":[{"x":0.0,"y":0.0,"z":40.0},{"x":0.0,"y":0.0,"z":-40.0},{"x":0.0,"y":0.0,"z":120.0},{"x":0.0,"y":0.0,"z":-120.0}]},{"name":"22409d0","positions":[],"positionsFlipped":[{"x":0.0,"y":0.0,"z":40.0},{"x":0.0,"y":0.0,"z":-40.0},{"x":0.0,"y":0.0,"z":120.0},{"x":0.0,"y":0.0,"z":-120.0}]},{"name":"615b22e4","positions":[],"positionsFlipped":[{"x":0.0,"y":0.0,"z":40.0},{"x":0.0,"y":0.0,"z":-40.0},{"x":0.0,"y":0.0,"z":120.0},{"x":0.0,"y":0.0,"z":-120.0}]},{"name":"2031513b","positions":[{"x":0.0,"y":0.0,"z":40.0},{"x":0.0,"y":0.0,"z":-40.0},{"x":0.0,"y":0.0,"z":120.0},{"x":0.0,"y":0.0,"z":-120.0}],"positionsFlipped":[]},{"name":"d8f44bfd","positions":[{"x":0.0,"y":0.0,"z":40.0},{"x":0.0,"y":0.0,"z":-40.0},{"x":0.0,"y":0.0,"z":120.0},{"x":0.0,"y":0.0,"z":-120.0}],"positionsFlipped":[]},{"name":"ec9a2663","positions":[],"positionsFlipped":[{"x":0.0,"y":0.0,"z":40.0},{"x":0.0,"y":0.0,"z":-40.0},{"x":0.0,"y":0.0,"z":120.0},{"x":0.0,"y":0.0,"z":-120.0}]},{"name":"85ff97a2","positions":[],"positionsFlipped":[{"x":0.0,"y":0.0,"z":40.0},{"x":0.0,"y":0.0,"z":-40.0},{"x":0.0,"y":0.0,"z":120.0},{"x":0.0,"y":0.0,"z":-120.0}]},{"name":"ea516d82","positions":[{"x":0.0,"y":0.0,"z":0.0},{"x":0.0,"y":0.0,"z":80.0},{"x":0.0,"y":0.0,"z":-80.0}],"positionsFlipped":[{"x":0.0,"y":0.0,"z":0.0},{"x":0.0,"y":0.0,"z":80.0},{"x":0.0,"y":0.0,"z":-80.0}]},{"name":"e79353e4","positions":[{"x":0.0,"y":0.0,"z":0.0},{"x":0.0,"y":0.0,"z":80.0},{"x":0.0,"y":0.0,"z":-80.0}],"positionsFlipped":[{"x":0.0,"y":0.0,"z":0.0},{"x":0.0,"y":0.0,"z":80.0},{"x":0.0,"y":0.0,"z":-80.0}]},{"name":"db2ae177","positions":[{"x":0.0,"y":0.0,"z":0.0},{"x":0.0,"y":0.0,"z":80.0},{"x":0.0,"y":0.0,"z":-80.0}],"positionsFlipped":[{"x":0.0,"y":0.0,"z":0.0},{"x":0.0,"y":0.0,"z":80.0},{"x":0.0,"y":0.0,"z":-80.0}]},{"name":"28bbce10","positions":[{"x":0.0,"y":0.0,"z":0.0},{"x":0.0,"y":0.0,"z":80.0},{"x":0.0,"y":0.0,"z":-80.0}],"positionsFlipped":[{"x":0.0,"y":0.0,"z":0.0},{"x":0.0,"y":0.0,"z":80.0},{"x":0.0,"y":0.0,"z":-80.0}]},{"name":"4ae1da79","positions":[{"x":0.0,"y":0.0,"z":0.0},{"x":0.0,"y":0.0,"z":32.0},{"x":0.0,"y":0.0,"z":-32.0},{"x":0.0,"y":0.0,"z":64.0},{"x":0.0,"y":0.0,"z":-64.0},{"x":0.0,"y":0.0,"z":96.0},{"x":0.0,"y":0.0,"z":-96.0},{"x":0.0,"y":0.0,"z":128.0},{"x":0.0,"y":0.0,"z":-128.0}],"positionsFlipped":[{"x":0.0,"y":0.0,"z":0.0},{"x":0.0,"y":0.0,"z":32.0},{"x":0.0,"y":0.0,"z":-32.0},{"x":0.0,"y":0.0,"z":64.0},{"x":0.0,"y":0.0,"z":-64.0},{"x":0.0,"y":0.0,"z":96.0},{"x":0.0,"y":0.0,"z":-96.0},{"x":0.0,"y":0.0,"z":128.0},{"x":0.0,"y":0.0,"z":-128.0}]},{"name":"fadb466a","positions":[{"x":0.0,"y":0.0,"z":0.0},{"x":0.0,"y":0.0,"z":0.0}],"positionsFlipped":[]},{"name":"4111c884","positions":[{"x":0.0,"y":0.0,"z":144.0}],"positionsFlipped":[{"x":0.0,"y":0.0,"z":-144.0}]},{"name":"36a71c20","positions":[{"x":0.0,"y":0.0,"z":144.0}],"positionsFlipped":[{"x":0.0,"y":0.0,"z":-144.0}]},{"name":"abcc927a","positions":[{"x":0.0,"y":0.0,"z":144.0}],"positionsFlipped":[{"x":0.0,"y":0.0,"z":-144.0}]},{"name":"1c59f752","positions":[{"x":0.0,"y":0.0,"z":144.0}],"positionsFlipped":[{"x":0.0,"y":0.0,"z":-144.0}]},{"name":"e0352878","positions":[{"x":0.0,"y":0.0,"z":0.0}],"positionsFlipped":[{"x":0.0,"y":0.0,"z":0.0}]},{"name":"e3d678c2","positions":[{"x":0.0,"y":0.0,"z":0.0}],"positionsFlipped":[{"x":0.0,"y":0.0,"z":0.0}]},{"name":"bc762bf8","positions":[{"x":0.0,"y":0.0,"z":0.0}],"positionsFlipped":[{"x":0.0,"y":0.0,"z":0.0}]},{"name":"2e30cb9e","positions":[{"x":0.0,"y":0.0,"z":0.0}],"positionsFlipped":[{"x":0.0,"y":0.0,"z":0.0}]},{"name":"75e0f7ef","positions":[{"x":0.0,"y":0.0,"z":0.0}],"positionsFlipped":[{"x":0.0,"y":0.0,"z":0.0}]},{"name":"d5fc4c9a","positions":[{"x":0.0,"y":0.0,"z":0.0},{"x":0.0,"y":0.0,"z":17.5},{"x":0.0,"y":0.0,"z":-17.5},{"x":0.0,"y":0.0,"z":-40.0},{"x":0.0,"y":0.0,"z":40.0},{"x":0.0,"y":0.0,"z":62.5},{"x":0.0,"y":0.0,"z":-62.5},{"x":0.0,"y":0.0,"z":80.0},{"x":0.0,"y":0.0,"z":-80.0},{"x":0.0,"y":0.0,"z":97.5},{"x":0.0,"y":0.0,"z":-97.5},{"x":0.0,"y":0.0,"z":120.0},{"x":0.0,"y":0.0,"z":-120.0},{"x":0.0,"y":0.0,"z":142.5},{"x":0.0,"y":0.0,"z":-142.5}],"positionsFlipped":[]},{"name":"280e2130","positions":[{"x":0.0,"y":0.0,"z":0.0},{"x":0.0,"y":0.0,"z":80.0},{"x":0.0,"y":0.0,"z":-80.0}],"positionsFlipped":[{"x":0.0,"y":0.0,"z":0.0},{"x":0.0,"y":0.0,"z":80.0},{"x":0.0,"y":0.0,"z":-80.0}]},{"name":"cd5f16d6","positions":[{"x":0.0,"y":0.0,"z":144.0}],"positionsFlipped":[{"x":0.0,"y":0.0,"z":-144.0}]},{"name":"93a58582","positions":[{"x":0.0,"y":0.0,"z":-144.0}],"positionsFlipped":[{"x":0.0,"y":0.0,"z":144.0}]}]}