{"positionDefinitions":[{"name":"593576a6","positions":[{"x":0.0,"y":0.0,"z":40.0},{"x":0.0,"y":0.0,"z":-40.0},{"x":0.0,"y":0.0,"z":120.0},{"x":0.0,"y":0.0,"z":-104.0}],"positionsFlipped":[{"x":0.0,"y":0.0,"z":40.0},{"x":0.0,"y":0.0,"z":-40.0},{"x":0.0,"y":0.0,"z":120.0},{"x":0.0,"y":0.0,"z":-104.0}]},{"name":"19683f3f","positions":[{"x":0.0,"y":0.0,"z":40.0},{"x":0.0,"y":0.0,"z":-40.0},{"x":0.0,"y":0.0,"z":120.0},{"x":0.0,"y":0.0,"z":-104.0}],"positionsFlipped":[]},{"name":"593e9546","positions":[{"x":0.0,"y":0.0,"z":40.0},{"x":0.0,"y":0.0,"z":-40.0},{"x":0.0,"y":0.0,"z":120.0},{"x":0.0,"y":0.0,"z":-104.0}],"positionsFlipped":[]},{"name":"123a958a","positions":[{"x":0.0,"y":0.0,"z":40.0},{"x":0.0,"y":0.0,"z":-40.0},{"x":0.0,"y":0.0,"z":120.0},{"x":0.0,"y":0.0,"z":-104.0}],"positionsFlipped":[{"x":0.0,"y":0.0,"z":40.0},{"x":0.0,"y":0.0,"z":-40.0},{"x":0.0,"y":0.0,"z":120.0},{"x":0.0,"y":0.0,"z":-104.0}]},{"name":"8279ea74","positions":[{"x":0.0,"y":0.0,"z":40.0},{"x":0.0,"y":0.0,"z":-40.0},{"x":0.0,"y":0.0,"z":120.0},{"x":0.0,"y":0.0,"z":-104.0}],"positionsFlipped":[{"x":0.0,"y":0.0,"z":40.0},{"x":0.0,"y":0.0,"z":-40.0},{"x":0.0,"y":0.0,"z":120.0},{"x":0.0,"y":0.0,"z":-104.0}]},{"name":"bbf3e578","positions":[{"x":0.0,"y":0.0,"z":40.0},{"x":0.0,"y":0.0,"z":-40.0},{"x":0.0,"y":0.0,"z":120.0},{"x":0.0,"y":0.0,"z":-104.0}],"positionsFlipped":[{"x":0.0,"y":0.0,"z":40.0},{"x":0.0,"y":0.0,"z":-40.0},{"x":0.0,"y":0.0,"z":120.0},{"x":0.0,"y":0.0,"z":-104.0}]},{"name":"50ae84db","positions":[{"x":0.0,"y":0.0,"z":40.0},{"x":0.0,"y":0.0,"z":-40.0},{"x":0.0,"y":0.0,"z":120.0},{"x":0.0,"y":0.0,"z":-104.0}],"positionsFlipped":[{"x":0.0,"y":0.0,"z":40.0},{"x":0.0,"y":0.0,"z":-40.0},{"x":0.0,"y":0.0,"z":120.0},{"x":0.0,"y":0.0,"z":-104.0}]},{"name":"ebb1e764","positions":[{"x":0.0,"y":0.0,"z":40.0},{"x":0.0,"y":0.0,"z":-40.0},{"x":0.0,"y":0.0,"z":120.0},{"x":0.0,"y":0.0,"z":-104.0}],"positionsFlipped":[]},{"name":"b50c884f","positions":[{"x":0.0,"y":0.0,"z":40.0},{"x":0.0,"y":0.0,"z":-40.0},{"x":0.0,"y":0.0,"z":120.0},{"x":0.0,"y":0.0,"z":-104.0}],"positionsFlipped":[{"x":0.0,"y":0.0,"z":40.0},{"x":0.0,"y":0.0,"z":-40.0},{"x":0.0,"y":0.0,"z":120.0},{"x":0.0,"y":0.0,"z":-104.0}]},{"name":"1e91429f","positions":[],"positionsFlipped":[{"x":0.0,"y":0.0,"z":40.0},{"x":0.0,"y":0.0,"z":-40.0},{"x":0.0,"y":0.0,"z":120.0},{"x":0.0,"y":0.0,"z":-104.0}]},{"name":"67cc51c6","positions":[],"positionsFlipped":[{"x":0.0,"y":0.0,"z":40.0},{"x":0.0,"y":0.0,"z":-40.0},{"x":0.0,"y":0.0,"z":120.0},{"x":0.0,"y":0.0,"z":-104.0}]},{"name":"243add4","positions":[],"positionsFlipped":[{"x":0.0,"y":0.0,"z":40.0},{"x":0.0,"y":0.0,"z":-40.0},{"x":0.0,"y":0.0,"z":120.0},{"x":0.0,"y":0.0,"z":-104.0}]},{"name":"3dfb4df3","positions":[{"x":0.0,"y":0.0,"z":40.0},{"x":0.0,"y":0.0,"z":-40.0},{"x":0.0,"y":0.0,"z":120.0},{"x":0.0,"y":0.0,"z":-104.0}],"positionsFlipped":[]},{"name":"4592c42f","positions":[{"x":0.0,"y":0.0,"z":40.0},{"x":0.0,"y":0.0,"z":-40.0},{"x":0.0,"y":0.0,"z":120.0},{"x":0.0,"y":0.0,"z":-104.0}],"positionsFlipped":[]},{"name":"9bd2aac3","positions":[],"positionsFlipped":[{"x":0.0,"y":0.0,"z":40.0},{"x":0.0,"y":0.0,"z":-40.0},{"x":0.0,"y":0.0,"z":120.0},{"x":0.0,"y":0.0,"z":-104.0}]},{"name":"a7da0c16","positions":[],"positionsFlipped":[{"x":0.0,"y":0.0,"z":40.0},{"x":0.0,"y":0.0,"z":-40.0},{"x":0.0,"y":0.0,"z":120.0},{"x":0.0,"y":0.0,"z":-104.0}]},{"name":"71e46196","positions":[{"x":0.0,"y":0.0,"z":0.0},{"x":0.0,"y":0.0,"z":80.0}],"positionsFlipped":[{"x":0.0,"y":0.0,"z":0.0},{"x":0.0,"y":0.0,"z":80.0}]},{"name":"b0a962d5","positions":[{"x":0.0,"y":0.0,"z":0.0},{"x":0.0,"y":0.0,"z":80.0}],"positionsFlipped":[{"x":0.0,"y":0.0,"z":0.0},{"x":0.0,"y":0.0,"z":80.0}]},{"name":"c97a9be9","positions":[{"x":0.0,"y":0.0,"z":0.0},{"x":0.0,"y":0.0,"z":80.0}],"positionsFlipped":[{"x":0.0,"y":0.0,"z":0.0},{"x":0.0,"y":0.0,"z":80.0}]},{"name":"b84a0c0c","positions":[{"x":0.0,"y":0.0,"z":0.0},{"x":0.0,"y":0.0,"z":80.0}],"positionsFlipped":[{"x":0.0,"y":0.0,"z":0.0},{"x":0.0,"y":0.0,"z":80.0}]},{"name":"78a06ca1","positions":[{"x":0.0,"y":0.0,"z":0.0},{"x":0.0,"y":0.0,"z":32.0},{"x":0.0,"y":0.0,"z":-32.0},{"x":0.0,"y":0.0,"z":64.0},{"x":0.0,"y":0.0,"z":-64.0},{"x":0.0,"y":0.0,"z":96.0},{"x":0.0,"y":0.0,"z":-96.0},{"x":0.0,"y":0.0,"z":128.0},{"x":0.0,"y":0.0,"z":-128.0}],"positionsFlipped":[{"x":0.0,"y":0.0,"z":0.0},{"x":0.0,"y":0.0,"z":32.0},{"x":0.0,"y":0.0,"z":-32.0},{"x":0.0,"y":0.0,"z":64.0},{"x":0.0,"y":0.0,"z":-64.0},{"x":0.0,"y":0.0,"z":96.0},{"x":0.0,"y":0.0,"z":-96.0},{"x":0.0,"y":0.0,"z":128.0},{"x":0.0,"y":0.0,"z":-128.0}]},{"name":"9a6e6db8","positions":[{"x":0.0,"y":0.0,"z":0.0},{"x":0.0,"y":0.0,"z":0.0}],"positionsFlipped":[]},{"name":"f4e22190","positions":[{"x":0.0,"y":0.0,"z":144.0}],"positionsFlipped":[]},{"name":"583c2208","positions":[{"x":0.0,"y":0.0,"z":144.0}],"positionsFlipped":[]},{"name":"1267ab1d","positions":[{"x":0.0,"y":0.0,"z":144.0}],"positionsFlipped":[]},{"name":"b2604b5d","positions":[{"x":0.0,"y":0.0,"z":144.0}],"positionsFlipped":[{"x":0.0,"y":0.0,"z":-144.0}]},{"name":"3fceb3d8","positions":[{"x":0.0,"y":0.0,"z":0.0}],"positionsFlipped":[{"x":0.0,"y":0.0,"z":0.0}]},{"name":"74c84595","positions":[{"x":0.0,"y":0.0,"z":0.0}],"positionsFlipped":[{"x":0.0,"y":0.0,"z":0.0}]},{"name":"ad73f566","positions":[{"x":0.0,"y":0.0,"z":0.0}],"positionsFlipped":[{"x":0.0,"y":0.0,"z":0.0}]},{"name":"216ca120","positions":[{"x":0.0,"y":0.0,"z":0.0}],"positionsFlipped":[{"x":0.0,"y":0.0,"z":0.0}]},{"name":"145c31cf","positions":[{"x":0.0,"y":0.0,"z":0.0}],"positionsFlipped":[{"x":0.0,"y":0.0,"z":0.0}]},{"name":"8c5ae8dc","positions":[{"x":0.0,"y":0.0,"z":-72.0}],"positionsFlipped":[{"x":0.0,"y":0.0,"z":-72.0}]},{"name":"69e2ef4f","positions":[{"x":0.0,"y":0.0,"z":-72.0}],"positionsFlipped":[{"x":0.0,"y":0.0,"z":-72.0}]},{"name":"5ac559a","positions":[{"x":0.0,"y":0.0,"z":-144.0}],"positionsFlipped":[]},{"name":"8030ee74","positions":[{"x":0.0,"y":0.0,"z":-144.0}],"positionsFlipped":[]},{"name":"54b0e8b0","positions":[{"x":0.0,"y":0.0,"z":-144.0}],"positionsFlipped":[]},{"name":"28414363","positions":[{"x":0.0,"y":0.0,"z":-144.0}],"positionsFlipped":[]},{"name":"d32661b3","positions":[{"x":0.0,"y":0.0,"z":-144.0}],"positionsFlipped":[]},{"name":"e71cc490","positions":[{"x":0.0,"y":0.0,"z":-144.0}],"positionsFlipped":[]},{"name":"43fb06aa","positions":[{"x":0.0,"y":0.0,"z":-72.0}],"positionsFlipped":[{"x":0.0,"y":0.0,"z":-72.0}]},{"name":"8ee3d4c","positions":[{"x":0.0,"y":0.0,"z":-72.0}],"positionsFlipped":[{"x":0.0,"y":0.0,"z":-72.0}]},{"name":"8f1ccf52","positions":[{"x":0.0,"y":0.0,"z":-144.0}],"positionsFlipped":[]},{"name":"eaed7b05","positions":[{"x":0.0,"y":0.0,"z":-144.0}],"positionsFlipped":[]},{"name":"fe8fcb08","positions":[{"x":0.0,"y":0.0,"z":0.0},{"x":0.0,"y":0.0,"z":17.5},{"x":0.0,"y":0.0,"z":-17.5},{"x":0.0,"y":0.0,"z":-40.0},{"x":0.0,"y":0.0,"z":40.0},{"x":0.0,"y":0.0,"z":62.5},{"x":0.0,"y":0.0,"z":80.0},{"x":0.0,"y":0.0,"z":97.5},{"x":0.0,"y":0.0,"z":120.0},{"x":0.0,"y":0.0,"z":142.5},{"x":0.0,"y":0.0,"z":-63.0},{"x":0.0,"y":0.0,"z":-81.0},{"x":0.0,"y":0.0,"z":-104.0}],"positionsFlipped":[]},{"name":"fee5fedd","positions":[{"x":0.0,"y":0.0,"z":-144.0}],"positionsFlipped":[]},{"name":"f799222c","positions":[{"x":0.0,"y":0.0,"z":0.0},{"x":0.0,"y":0.0,"z":80.0}],"positionsFlipped":[{"x":0.0,"y":0.0,"z":0.0},{"x":0.0,"y":0.0,"z":80.0}]},{"name":"b096167","positions":[{"x":0.0,"y":0.0,"z":-72.0}],"positionsFlipped":[{"x":0.0,"y":0.0,"z":-72.0}]},{"name":"c0aaadcb","positions":[{"x":0.0,"y":0.0,"z":-144.0}],"positionsFlipped":[]},{"name":"6952f1a8","positions":[{"x":0.0,"y":0.0,"z":144.0}],"positionsFlipped":[]}]}