{"positionDefinitions":[{"name":"a156244","positions":[{"x":0.0,"y":0.0,"z":40.0},{"x":0.0,"y":0.0,"z":-40.0},{"x":0.0,"y":0.0,"z":-120.0},{"x":0.0,"y":0.0,"z":104.0}],"positionsFlipped":[{"x":0.0,"y":0.0,"z":40.0},{"x":0.0,"y":0.0,"z":-40.0},{"x":0.0,"y":0.0,"z":-120.0},{"x":0.0,"y":0.0,"z":104.0}]},{"name":"723a21a0","positions":[{"x":0.0,"y":0.0,"z":40.0},{"x":0.0,"y":0.0,"z":-40.0},{"x":0.0,"y":0.0,"z":-120.0},{"x":0.0,"y":0.0,"z":104.0}],"positionsFlipped":[]},{"name":"48cdaba3","positions":[{"x":0.0,"y":0.0,"z":40.0},{"x":0.0,"y":0.0,"z":-40.0},{"x":0.0,"y":0.0,"z":-120.0},{"x":0.0,"y":0.0,"z":104.0}],"positionsFlipped":[]},{"name":"75c4d5e4","positions":[{"x":0.0,"y":0.0,"z":40.0},{"x":0.0,"y":0.0,"z":-40.0},{"x":0.0,"y":0.0,"z":-120.0},{"x":0.0,"y":0.0,"z":104.0}],"positionsFlipped":[{"x":0.0,"y":0.0,"z":40.0},{"x":0.0,"y":0.0,"z":-40.0},{"x":0.0,"y":0.0,"z":-120.0},{"x":0.0,"y":0.0,"z":104.0}]},{"name":"1ad0c541","positions":[{"x":0.0,"y":0.0,"z":40.0},{"x":0.0,"y":0.0,"z":-40.0},{"x":0.0,"y":0.0,"z":-120.0},{"x":0.0,"y":0.0,"z":104.0}],"positionsFlipped":[{"x":0.0,"y":0.0,"z":40.0},{"x":0.0,"y":0.0,"z":-40.0},{"x":0.0,"y":0.0,"z":-120.0},{"x":0.0,"y":0.0,"z":104.0}]},{"name":"682167d2","positions":[{"x":0.0,"y":0.0,"z":40.0},{"x":0.0,"y":0.0,"z":-40.0},{"x":0.0,"y":0.0,"z":-120.0},{"x":0.0,"y":0.0,"z":104.0}],"positionsFlipped":[{"x":0.0,"y":0.0,"z":40.0},{"x":0.0,"y":0.0,"z":-40.0},{"x":0.0,"y":0.0,"z":-120.0},{"x":0.0,"y":0.0,"z":104.0}]},{"name":"5e3e2447","positions":[{"x":0.0,"y":0.0,"z":40.0},{"x":0.0,"y":0.0,"z":-40.0},{"x":0.0,"y":0.0,"z":-120.0},{"x":0.0,"y":0.0,"z":104.0}],"positionsFlipped":[{"x":0.0,"y":0.0,"z":40.0},{"x":0.0,"y":0.0,"z":-40.0},{"x":0.0,"y":0.0,"z":-120.0},{"x":0.0,"y":0.0,"z":104.0}]},{"name":"f32c44f2","positions":[{"x":0.0,"y":0.0,"z":40.0},{"x":0.0,"y":0.0,"z":-40.0},{"x":0.0,"y":0.0,"z":-120.0},{"x":0.0,"y":0.0,"z":104.0}],"positionsFlipped":[]},{"name":"c41a1c99","positions":[{"x":0.0,"y":0.0,"z":40.0},{"x":0.0,"y":0.0,"z":-40.0},{"x":0.0,"y":0.0,"z":-120.0},{"x":0.0,"y":0.0,"z":104.0}],"positionsFlipped":[{"x":0.0,"y":0.0,"z":40.0},{"x":0.0,"y":0.0,"z":-40.0},{"x":0.0,"y":0.0,"z":-120.0},{"x":0.0,"y":0.0,"z":104.0}]},{"name":"250da520","positions":[],"positionsFlipped":[{"x":0.0,"y":0.0,"z":40.0},{"x":0.0,"y":0.0,"z":-40.0},{"x":0.0,"y":0.0,"z":-120.0},{"x":0.0,"y":0.0,"z":104.0}]},{"name":"642de78d","positions":[],"positionsFlipped":[{"x":0.0,"y":0.0,"z":40.0},{"x":0.0,"y":0.0,"z":-40.0},{"x":0.0,"y":0.0,"z":-120.0},{"x":0.0,"y":0.0,"z":104.0}]},{"name":"d5a80d4a","positions":[],"positionsFlipped":[{"x":0.0,"y":0.0,"z":40.0},{"x":0.0,"y":0.0,"z":-40.0},{"x":0.0,"y":0.0,"z":-120.0},{"x":0.0,"y":0.0,"z":104.0}]},{"name":"e49b0164","positions":[{"x":0.0,"y":0.0,"z":40.0},{"x":0.0,"y":0.0,"z":-40.0},{"x":0.0,"y":0.0,"z":-120.0},{"x":0.0,"y":0.0,"z":104.0}],"positionsFlipped":[]},{"name":"2e2a8143","positions":[{"x":0.0,"y":0.0,"z":40.0},{"x":0.0,"y":0.0,"z":-40.0},{"x":0.0,"y":0.0,"z":-120.0},{"x":0.0,"y":0.0,"z":104.0}],"positionsFlipped":[]},{"name":"22ef90a2","positions":[],"positionsFlipped":[{"x":0.0,"y":0.0,"z":40.0},{"x":0.0,"y":0.0,"z":-40.0},{"x":0.0,"y":0.0,"z":-120.0},{"x":0.0,"y":0.0,"z":104.0}]},{"name":"d09ff181","positions":[],"positionsFlipped":[{"x":0.0,"y":0.0,"z":40.0},{"x":0.0,"y":0.0,"z":-40.0},{"x":0.0,"y":0.0,"z":-120.0},{"x":0.0,"y":0.0,"z":104.0}]},{"name":"d8ad42b7","positions":[{"x":0.0,"y":0.0,"z":0.0},{"x":0.0,"y":0.0,"z":-80.0}],"positionsFlipped":[{"x":0.0,"y":0.0,"z":0.0},{"x":0.0,"y":0.0,"z":-80.0}]},{"name":"a1c5b20d","positions":[{"x":0.0,"y":0.0,"z":0.0},{"x":0.0,"y":0.0,"z":-80.0}],"positionsFlipped":[{"x":0.0,"y":0.0,"z":0.0},{"x":0.0,"y":0.0,"z":-80.0}]},{"name":"64c1692c","positions":[{"x":0.0,"y":0.0,"z":0.0},{"x":0.0,"y":0.0,"z":-80.0}],"positionsFlipped":[{"x":0.0,"y":0.0,"z":0.0},{"x":0.0,"y":0.0,"z":-80.0}]},{"name":"344d9b24","positions":[{"x":0.0,"y":0.0,"z":0.0},{"x":0.0,"y":0.0,"z":-80.0}],"positionsFlipped":[{"x":0.0,"y":0.0,"z":0.0},{"x":0.0,"y":0.0,"z":-80.0}]},{"name":"cc5566cd","positions":[{"x":0.0,"y":0.0,"z":0.0},{"x":0.0,"y":0.0,"z":32.0},{"x":0.0,"y":0.0,"z":-32.0},{"x":0.0,"y":0.0,"z":64.0},{"x":0.0,"y":0.0,"z":-64.0},{"x":0.0,"y":0.0,"z":96.0},{"x":0.0,"y":0.0,"z":-96.0},{"x":0.0,"y":0.0,"z":128.0},{"x":0.0,"y":0.0,"z":-128.0}],"positionsFlipped":[{"x":0.0,"y":0.0,"z":0.0},{"x":0.0,"y":0.0,"z":32.0},{"x":0.0,"y":0.0,"z":-32.0},{"x":0.0,"y":0.0,"z":64.0},{"x":0.0,"y":0.0,"z":-64.0},{"x":0.0,"y":0.0,"z":96.0},{"x":0.0,"y":0.0,"z":-96.0},{"x":0.0,"y":0.0,"z":128.0},{"x":0.0,"y":0.0,"z":-128.0}]},{"name":"e005ea9b","positions":[{"x":0.0,"y":0.0,"z":0.0},{"x":0.0,"y":0.0,"z":0.0}],"positionsFlipped":[]},{"name":"4ce63c96","positions":[],"positionsFlipped":[{"x":0.0,"y":0.0,"z":-144.0}]},{"name":"36e0afcf","positions":[],"positionsFlipped":[{"x":0.0,"y":0.0,"z":-144.0}]},{"name":"8d1e6100","positions":[],"positionsFlipped":[{"x":0.0,"y":0.0,"z":-144.0}]},{"name":"86482eb6","positions":[{"x":0.0,"y":0.0,"z":144.0}],"positionsFlipped":[{"x":0.0,"y":0.0,"z":-144.0}]},{"name":"1716a2b7","positions":[{"x":0.0,"y":0.0,"z":0.0}],"positionsFlipped":[{"x":0.0,"y":0.0,"z":0.0}]},{"name":"fc2f082f","positions":[{"x":0.0,"y":0.0,"z":0.0}],"positionsFlipped":[{"x":0.0,"y":0.0,"z":0.0}]},{"name":"cc8822eb","positions":[{"x":0.0,"y":0.0,"z":0.0}],"positionsFlipped":[{"x":0.0,"y":0.0,"z":0.0}]},{"name":"1f629b1e","positions":[{"x":0.0,"y":0.0,"z":0.0}],"positionsFlipped":[{"x":0.0,"y":0.0,"z":0.0}]},{"name":"1405cf1b","positions":[{"x":0.0,"y":0.0,"z":0.0}],"positionsFlipped":[{"x":0.0,"y":0.0,"z":0.0}]},{"name":"b5346da5","positions":[{"x":0.0,"y":0.0,"z":72.0}],"positionsFlipped":[{"x":0.0,"y":0.0,"z":72.0}]},{"name":"b88b7e5c","positions":[{"x":0.0,"y":0.0,"z":72.0}],"positionsFlipped":[{"x":0.0,"y":0.0,"z":72.0}]},{"name":"5b050963","positions":[],"positionsFlipped":[{"x":0.0,"y":0.0,"z":144.0}]},{"name":"577e373c","positions":[],"positionsFlipped":[{"x":0.0,"y":0.0,"z":144.0}]},{"name":"568fa412","positions":[],"positionsFlipped":[{"x":0.0,"y":0.0,"z":144.0}]},{"name":"fde1b15","positions":[],"positionsFlipped":[{"x":0.0,"y":0.0,"z":144.0}]},{"name":"8a15c5aa","positions":[],"positionsFlipped":[{"x":0.0,"y":0.0,"z":144.0}]},{"name":"6d013a7","positions":[],"positionsFlipped":[{"x":0.0,"y":0.0,"z":144.0}]},{"name":"8fb0d067","positions":[{"x":0.0,"y":0.0,"z":72.0}],"positionsFlipped":[{"x":0.0,"y":0.0,"z":72.0}]},{"name":"22339d5a","positions":[{"x":0.0,"y":0.0,"z":72.0}],"positionsFlipped":[{"x":0.0,"y":0.0,"z":72.0}]},{"name":"e43a3fcb","positions":[],"positionsFlipped":[{"x":0.0,"y":0.0,"z":144.0}]},{"name":"b8901286","positions":[],"positionsFlipped":[{"x":0.0,"y":0.0,"z":144.0}]},{"name":"322e8802","positions":[{"x":0.0,"y":0.0,"z":0.0},{"x":0.0,"y":0.0,"z":17.5},{"x":0.0,"y":0.0,"z":-17.5},{"x":0.0,"y":0.0,"z":40.0},{"x":0.0,"y":0.0,"z":-40.0},{"x":0.0,"y":0.0,"z":62.5},{"x":0.0,"y":0.0,"z":-80.0},{"x":0.0,"y":0.0,"z":-97.5},{"x":0.0,"y":0.0,"z":-120.0},{"x":0.0,"y":0.0,"z":-142.5},{"x":0.0,"y":0.0,"z":63.0},{"x":0.0,"y":0.0,"z":81.0},{"x":0.0,"y":0.0,"z":104.0}],"positionsFlipped":[]},{"name":"b1cc7aa9","positions":[],"positionsFlipped":[{"x":0.0,"y":0.0,"z":144.0}]},{"name":"e06fed7d","positions":[{"x":0.0,"y":0.0,"z":0.0},{"x":0.0,"y":0.0,"z":-80.0}],"positionsFlipped":[{"x":0.0,"y":0.0,"z":0.0},{"x":0.0,"y":0.0,"z":-80.0}]},{"name":"207ade0","positions":[{"x":0.0,"y":0.0,"z":72.0}],"positionsFlipped":[{"x":0.0,"y":0.0,"z":72.0}]},{"name":"c402cdc4","positions":[],"positionsFlipped":[{"x":0.0,"y":0.0,"z":-144.0}]},{"name":"bcddc558","positions":[],"positionsFlipped":[{"x":0.0,"y":0.0,"z":144.0}]}]}