{"positionDefinitions":[{"name":"df0b20d6","positions":[{"x":0.0,"y":0.0,"z":40.0},{"x":0.0,"y":0.0,"z":-40.0},{"x":0.0,"y":0.0,"z":-120.0},{"x":0.0,"y":0.0,"z":104.0}],"positionsFlipped":[{"x":0.0,"y":0.0,"z":40.0},{"x":0.0,"y":0.0,"z":-40.0},{"x":0.0,"y":0.0,"z":-120.0},{"x":0.0,"y":0.0,"z":104.0}]},{"name":"578cf31e","positions":[{"x":0.0,"y":0.0,"z":40.0},{"x":0.0,"y":0.0,"z":-40.0},{"x":0.0,"y":0.0,"z":-120.0},{"x":0.0,"y":0.0,"z":104.0}],"positionsFlipped":[]},{"name":"a2fffca4","positions":[{"x":0.0,"y":0.0,"z":40.0},{"x":0.0,"y":0.0,"z":-40.0},{"x":0.0,"y":0.0,"z":-120.0},{"x":0.0,"y":0.0,"z":104.0}],"positionsFlipped":[]},{"name":"fb3320f9","positions":[{"x":0.0,"y":0.0,"z":40.0},{"x":0.0,"y":0.0,"z":-40.0},{"x":0.0,"y":0.0,"z":-120.0},{"x":0.0,"y":0.0,"z":104.0}],"positionsFlipped":[{"x":0.0,"y":0.0,"z":40.0},{"x":0.0,"y":0.0,"z":-40.0},{"x":0.0,"y":0.0,"z":-120.0},{"x":0.0,"y":0.0,"z":104.0}]},{"name":"e5f24074","positions":[{"x":0.0,"y":0.0,"z":40.0},{"x":0.0,"y":0.0,"z":-40.0},{"x":0.0,"y":0.0,"z":-120.0},{"x":0.0,"y":0.0,"z":104.0}],"positionsFlipped":[{"x":0.0,"y":0.0,"z":40.0},{"x":0.0,"y":0.0,"z":-40.0},{"x":0.0,"y":0.0,"z":-120.0},{"x":0.0,"y":0.0,"z":104.0}]},{"name":"7d8be69f","positions":[{"x":0.0,"y":0.0,"z":40.0},{"x":0.0,"y":0.0,"z":-40.0},{"x":0.0,"y":0.0,"z":-120.0},{"x":0.0,"y":0.0,"z":104.0}],"positionsFlipped":[{"x":0.0,"y":0.0,"z":40.0},{"x":0.0,"y":0.0,"z":-40.0},{"x":0.0,"y":0.0,"z":-120.0},{"x":0.0,"y":0.0,"z":104.0}]},{"name":"c351bb2d","positions":[{"x":0.0,"y":0.0,"z":40.0},{"x":0.0,"y":0.0,"z":-40.0},{"x":0.0,"y":0.0,"z":-120.0},{"x":0.0,"y":0.0,"z":104.0}],"positionsFlipped":[{"x":0.0,"y":0.0,"z":40.0},{"x":0.0,"y":0.0,"z":-40.0},{"x":0.0,"y":0.0,"z":-120.0},{"x":0.0,"y":0.0,"z":104.0}]},{"name":"36ff206a","positions":[{"x":0.0,"y":0.0,"z":40.0},{"x":0.0,"y":0.0,"z":-40.0},{"x":0.0,"y":0.0,"z":-120.0},{"x":0.0,"y":0.0,"z":104.0}],"positionsFlipped":[]},{"name":"ede87da0","positions":[{"x":0.0,"y":0.0,"z":40.0},{"x":0.0,"y":0.0,"z":-40.0},{"x":0.0,"y":0.0,"z":-120.0},{"x":0.0,"y":0.0,"z":104.0}],"positionsFlipped":[{"x":0.0,"y":0.0,"z":40.0},{"x":0.0,"y":0.0,"z":-40.0},{"x":0.0,"y":0.0,"z":-120.0},{"x":0.0,"y":0.0,"z":104.0}]},{"name":"fd18d6eb","positions":[],"positionsFlipped":[{"x":0.0,"y":0.0,"z":40.0},{"x":0.0,"y":0.0,"z":-40.0},{"x":0.0,"y":0.0,"z":-120.0},{"x":0.0,"y":0.0,"z":104.0}]},{"name":"5b14d7ac","positions":[],"positionsFlipped":[{"x":0.0,"y":0.0,"z":40.0},{"x":0.0,"y":0.0,"z":-40.0},{"x":0.0,"y":0.0,"z":-120.0},{"x":0.0,"y":0.0,"z":104.0}]},{"name":"c308c681","positions":[],"positionsFlipped":[{"x":0.0,"y":0.0,"z":40.0},{"x":0.0,"y":0.0,"z":-40.0},{"x":0.0,"y":0.0,"z":-120.0},{"x":0.0,"y":0.0,"z":104.0}]},{"name":"72c44251","positions":[{"x":0.0,"y":0.0,"z":40.0},{"x":0.0,"y":0.0,"z":-40.0},{"x":0.0,"y":0.0,"z":-120.0},{"x":0.0,"y":0.0,"z":104.0}],"positionsFlipped":[]},{"name":"812e1acf","positions":[{"x":0.0,"y":0.0,"z":40.0},{"x":0.0,"y":0.0,"z":-40.0},{"x":0.0,"y":0.0,"z":-120.0},{"x":0.0,"y":0.0,"z":104.0}],"positionsFlipped":[]},{"name":"32b09e9d","positions":[],"positionsFlipped":[{"x":0.0,"y":0.0,"z":40.0},{"x":0.0,"y":0.0,"z":-40.0},{"x":0.0,"y":0.0,"z":-120.0},{"x":0.0,"y":0.0,"z":104.0}]},{"name":"3508ae9e","positions":[],"positionsFlipped":[{"x":0.0,"y":0.0,"z":40.0},{"x":0.0,"y":0.0,"z":-40.0},{"x":0.0,"y":0.0,"z":-120.0},{"x":0.0,"y":0.0,"z":104.0}]},{"name":"c3c11928","positions":[{"x":0.0,"y":0.0,"z":0.0},{"x":0.0,"y":0.0,"z":-80.0}],"positionsFlipped":[{"x":0.0,"y":0.0,"z":0.0},{"x":0.0,"y":0.0,"z":-80.0}]},{"name":"f6622b33","positions":[{"x":0.0,"y":0.0,"z":0.0},{"x":0.0,"y":0.0,"z":-80.0}],"positionsFlipped":[{"x":0.0,"y":0.0,"z":0.0},{"x":0.0,"y":0.0,"z":-80.0}]},{"name":"9a0b7753","positions":[{"x":0.0,"y":0.0,"z":0.0},{"x":0.0,"y":0.0,"z":-80.0}],"positionsFlipped":[{"x":0.0,"y":0.0,"z":0.0},{"x":0.0,"y":0.0,"z":-80.0}]},{"name":"7b31063d","positions":[{"x":0.0,"y":0.0,"z":0.0},{"x":0.0,"y":0.0,"z":-80.0}],"positionsFlipped":[{"x":0.0,"y":0.0,"z":0.0},{"x":0.0,"y":0.0,"z":-80.0}]},{"name":"ad190436","positions":[{"x":0.0,"y":0.0,"z":0.0},{"x":0.0,"y":0.0,"z":32.0},{"x":0.0,"y":0.0,"z":-32.0},{"x":0.0,"y":0.0,"z":64.0},{"x":0.0,"y":0.0,"z":-64.0},{"x":0.0,"y":0.0,"z":96.0},{"x":0.0,"y":0.0,"z":-96.0},{"x":0.0,"y":0.0,"z":128.0},{"x":0.0,"y":0.0,"z":-128.0}],"positionsFlipped":[{"x":0.0,"y":0.0,"z":0.0},{"x":0.0,"y":0.0,"z":32.0},{"x":0.0,"y":0.0,"z":-32.0},{"x":0.0,"y":0.0,"z":64.0},{"x":0.0,"y":0.0,"z":-64.0},{"x":0.0,"y":0.0,"z":96.0},{"x":0.0,"y":0.0,"z":-96.0},{"x":0.0,"y":0.0,"z":128.0},{"x":0.0,"y":0.0,"z":-128.0}]},{"name":"430fddd0","positions":[{"x":0.0,"y":0.0,"z":0.0},{"x":0.0,"y":0.0,"z":0.0}],"positionsFlipped":[]},{"name":"737282b3","positions":[],"positionsFlipped":[{"x":0.0,"y":0.0,"z":-144.0}]},{"name":"f0940e76","positions":[],"positionsFlipped":[{"x":0.0,"y":0.0,"z":-144.0}]},{"name":"8ad0f7e4","positions":[],"positionsFlipped":[{"x":0.0,"y":0.0,"z":-144.0}]},{"name":"68de7f39","positions":[{"x":0.0,"y":0.0,"z":144.0}],"positionsFlipped":[{"x":0.0,"y":0.0,"z":-144.0}]},{"name":"2a6b5fda","positions":[{"x":0.0,"y":0.0,"z":0.0}],"positionsFlipped":[{"x":0.0,"y":0.0,"z":0.0}]},{"name":"e3c5ad4c","positions":[{"x":0.0,"y":0.0,"z":0.0}],"positionsFlipped":[{"x":0.0,"y":0.0,"z":0.0}]},{"name":"d02f1789","positions":[{"x":0.0,"y":0.0,"z":0.0}],"positionsFlipped":[{"x":0.0,"y":0.0,"z":0.0}]},{"name":"5f64b9a0","positions":[{"x":0.0,"y":0.0,"z":0.0}],"positionsFlipped":[{"x":0.0,"y":0.0,"z":0.0}]},{"name":"740cc7b0","positions":[{"x":0.0,"y":0.0,"z":0.0}],"positionsFlipped":[{"x":0.0,"y":0.0,"z":0.0}]},{"name":"deb1c125","positions":[{"x":0.0,"y":0.0,"z":72.0}],"positionsFlipped":[{"x":0.0,"y":0.0,"z":72.0}]},{"name":"4ca5abea","positions":[{"x":0.0,"y":0.0,"z":72.0}],"positionsFlipped":[{"x":0.0,"y":0.0,"z":72.0}]},{"name":"6e4f37b4","positions":[],"positionsFlipped":[{"x":0.0,"y":0.0,"z":144.0}]},{"name":"7b4405b4","positions":[],"positionsFlipped":[{"x":0.0,"y":0.0,"z":144.0}]},{"name":"b8c094a9","positions":[],"positionsFlipped":[{"x":0.0,"y":0.0,"z":144.0}]},{"name":"90481e5a","positions":[],"positionsFlipped":[{"x":0.0,"y":0.0,"z":144.0}]},{"name":"4c43c6ed","positions":[],"positionsFlipped":[{"x":0.0,"y":0.0,"z":144.0}]},{"name":"8807cb80","positions":[],"positionsFlipped":[{"x":0.0,"y":0.0,"z":144.0}]},{"name":"2f8136b7","positions":[{"x":0.0,"y":0.0,"z":72.0}],"positionsFlipped":[{"x":0.0,"y":0.0,"z":72.0}]},{"name":"73ce8acc","positions":[{"x":0.0,"y":0.0,"z":72.0}],"positionsFlipped":[{"x":0.0,"y":0.0,"z":72.0}]},{"name":"d8eabe82","positions":[],"positionsFlipped":[{"x":0.0,"y":0.0,"z":144.0}]},{"name":"a0383e50","positions":[],"positionsFlipped":[{"x":0.0,"y":0.0,"z":144.0}]},{"name":"f0ca70d","positions":[{"x":0.0,"y":0.0,"z":0.0},{"x":0.0,"y":0.0,"z":17.5},{"x":0.0,"y":0.0,"z":-17.5},{"x":0.0,"y":0.0,"z":40.0},{"x":0.0,"y":0.0,"z":-40.0},{"x":0.0,"y":0.0,"z":62.5},{"x":0.0,"y":0.0,"z":-80.0},{"x":0.0,"y":0.0,"z":-97.5},{"x":0.0,"y":0.0,"z":-120.0},{"x":0.0,"y":0.0,"z":-142.5},{"x":0.0,"y":0.0,"z":63.0},{"x":0.0,"y":0.0,"z":81.0},{"x":0.0,"y":0.0,"z":104.0}],"positionsFlipped":[]},{"name":"64b1c493","positions":[],"positionsFlipped":[{"x":0.0,"y":0.0,"z":144.0}]},{"name":"7e0665b","positions":[{"x":0.0,"y":0.0,"z":0.0},{"x":0.0,"y":0.0,"z":-80.0}],"positionsFlipped":[{"x":0.0,"y":0.0,"z":0.0},{"x":0.0,"y":0.0,"z":-80.0}]},{"name":"632a3d75","positions":[{"x":0.0,"y":0.0,"z":72.0}],"positionsFlipped":[{"x":0.0,"y":0.0,"z":72.0}]},{"name":"d8600025","positions":[],"positionsFlipped":[{"x":0.0,"y":0.0,"z":-144.0}]},{"name":"8b474c97","positions":[],"positionsFlipped":[{"x":0.0,"y":0.0,"z":144.0}]}]}