{"positionDefinitions":[{"name":"e291bf94","positions":[{"x":0.0,"y":0.0,"z":40.0},{"x":0.0,"y":0.0,"z":-40.0},{"x":0.0,"y":0.0,"z":120.0},{"x":0.0,"y":0.0,"z":-104.0}],"positionsFlipped":[{"x":0.0,"y":0.0,"z":40.0},{"x":0.0,"y":0.0,"z":-40.0},{"x":0.0,"y":0.0,"z":120.0},{"x":0.0,"y":0.0,"z":-104.0}]},{"name":"c6b86941","positions":[{"x":0.0,"y":0.0,"z":40.0},{"x":0.0,"y":0.0,"z":-40.0},{"x":0.0,"y":0.0,"z":120.0},{"x":0.0,"y":0.0,"z":-104.0}],"positionsFlipped":[]},{"name":"ae3c5c88","positions":[{"x":0.0,"y":0.0,"z":40.0},{"x":0.0,"y":0.0,"z":-40.0},{"x":0.0,"y":0.0,"z":120.0},{"x":0.0,"y":0.0,"z":-104.0}],"positionsFlipped":[]},{"name":"89412c30","positions":[{"x":0.0,"y":0.0,"z":40.0},{"x":0.0,"y":0.0,"z":-40.0},{"x":0.0,"y":0.0,"z":120.0},{"x":0.0,"y":0.0,"z":-104.0}],"positionsFlipped":[{"x":0.0,"y":0.0,"z":40.0},{"x":0.0,"y":0.0,"z":-40.0},{"x":0.0,"y":0.0,"z":120.0},{"x":0.0,"y":0.0,"z":-104.0}]},{"name":"a3dcf38a","positions":[{"x":0.0,"y":0.0,"z":40.0},{"x":0.0,"y":0.0,"z":-40.0},{"x":0.0,"y":0.0,"z":120.0},{"x":0.0,"y":0.0,"z":-104.0}],"positionsFlipped":[{"x":0.0,"y":0.0,"z":40.0},{"x":0.0,"y":0.0,"z":-40.0},{"x":0.0,"y":0.0,"z":120.0},{"x":0.0,"y":0.0,"z":-104.0}]},{"name":"35e694d1","positions":[{"x":0.0,"y":0.0,"z":40.0},{"x":0.0,"y":0.0,"z":-40.0},{"x":0.0,"y":0.0,"z":120.0},{"x":0.0,"y":0.0,"z":-104.0}],"positionsFlipped":[{"x":0.0,"y":0.0,"z":40.0},{"x":0.0,"y":0.0,"z":-40.0},{"x":0.0,"y":0.0,"z":120.0},{"x":0.0,"y":0.0,"z":-104.0}]},{"name":"efcb0a45","positions":[{"x":0.0,"y":0.0,"z":40.0},{"x":0.0,"y":0.0,"z":-40.0},{"x":0.0,"y":0.0,"z":120.0},{"x":0.0,"y":0.0,"z":-104.0}],"positionsFlipped":[{"x":0.0,"y":0.0,"z":40.0},{"x":0.0,"y":0.0,"z":-40.0},{"x":0.0,"y":0.0,"z":120.0},{"x":0.0,"y":0.0,"z":-104.0}]},{"name":"5ca5eca1","positions":[{"x":0.0,"y":0.0,"z":40.0},{"x":0.0,"y":0.0,"z":-40.0},{"x":0.0,"y":0.0,"z":120.0},{"x":0.0,"y":0.0,"z":-104.0}],"positionsFlipped":[]},{"name":"b337e9dd","positions":[{"x":0.0,"y":0.0,"z":40.0},{"x":0.0,"y":0.0,"z":-40.0},{"x":0.0,"y":0.0,"z":120.0},{"x":0.0,"y":0.0,"z":-104.0}],"positionsFlipped":[{"x":0.0,"y":0.0,"z":40.0},{"x":0.0,"y":0.0,"z":-40.0},{"x":0.0,"y":0.0,"z":120.0},{"x":0.0,"y":0.0,"z":-104.0}]},{"name":"581f6840","positions":[],"positionsFlipped":[{"x":0.0,"y":0.0,"z":40.0},{"x":0.0,"y":0.0,"z":-40.0},{"x":0.0,"y":0.0,"z":120.0},{"x":0.0,"y":0.0,"z":-104.0}]},{"name":"a193c917","positions":[],"positionsFlipped":[{"x":0.0,"y":0.0,"z":40.0},{"x":0.0,"y":0.0,"z":-40.0},{"x":0.0,"y":0.0,"z":120.0},{"x":0.0,"y":0.0,"z":-104.0}]},{"name":"6669c10f","positions":[],"positionsFlipped":[{"x":0.0,"y":0.0,"z":40.0},{"x":0.0,"y":0.0,"z":-40.0},{"x":0.0,"y":0.0,"z":120.0},{"x":0.0,"y":0.0,"z":-104.0}]},{"name":"9392b5c5","positions":[{"x":0.0,"y":0.0,"z":40.0},{"x":0.0,"y":0.0,"z":-40.0},{"x":0.0,"y":0.0,"z":120.0},{"x":0.0,"y":0.0,"z":-104.0}],"positionsFlipped":[]},{"name":"18eac241","positions":[{"x":0.0,"y":0.0,"z":40.0},{"x":0.0,"y":0.0,"z":-40.0},{"x":0.0,"y":0.0,"z":120.0},{"x":0.0,"y":0.0,"z":-104.0}],"positionsFlipped":[]},{"name":"d4d9698a","positions":[],"positionsFlipped":[{"x":0.0,"y":0.0,"z":40.0},{"x":0.0,"y":0.0,"z":-40.0},{"x":0.0,"y":0.0,"z":120.0},{"x":0.0,"y":0.0,"z":-104.0}]},{"name":"96ce0e5","positions":[],"positionsFlipped":[{"x":0.0,"y":0.0,"z":40.0},{"x":0.0,"y":0.0,"z":-40.0},{"x":0.0,"y":0.0,"z":120.0},{"x":0.0,"y":0.0,"z":-104.0}]},{"name":"b0392139","positions":[{"x":0.0,"y":0.0,"z":0.0},{"x":0.0,"y":0.0,"z":80.0}],"positionsFlipped":[{"x":0.0,"y":0.0,"z":0.0},{"x":0.0,"y":0.0,"z":80.0}]},{"name":"d6d8d6e2","positions":[{"x":0.0,"y":0.0,"z":0.0},{"x":0.0,"y":0.0,"z":80.0}],"positionsFlipped":[{"x":0.0,"y":0.0,"z":0.0},{"x":0.0,"y":0.0,"z":80.0}]},{"name":"116eed24","positions":[{"x":0.0,"y":0.0,"z":0.0},{"x":0.0,"y":0.0,"z":80.0}],"positionsFlipped":[{"x":0.0,"y":0.0,"z":0.0},{"x":0.0,"y":0.0,"z":80.0}]},{"name":"1cd1ebdb","positions":[{"x":0.0,"y":0.0,"z":0.0},{"x":0.0,"y":0.0,"z":80.0}],"positionsFlipped":[{"x":0.0,"y":0.0,"z":0.0},{"x":0.0,"y":0.0,"z":80.0}]},{"name":"455d6f41","positions":[{"x":0.0,"y":0.0,"z":0.0},{"x":0.0,"y":0.0,"z":32.0},{"x":0.0,"y":0.0,"z":-32.0},{"x":0.0,"y":0.0,"z":64.0},{"x":0.0,"y":0.0,"z":-64.0},{"x":0.0,"y":0.0,"z":96.0},{"x":0.0,"y":0.0,"z":-96.0},{"x":0.0,"y":0.0,"z":128.0},{"x":0.0,"y":0.0,"z":-128.0}],"positionsFlipped":[{"x":0.0,"y":0.0,"z":0.0},{"x":0.0,"y":0.0,"z":32.0},{"x":0.0,"y":0.0,"z":-32.0},{"x":0.0,"y":0.0,"z":64.0},{"x":0.0,"y":0.0,"z":-64.0},{"x":0.0,"y":0.0,"z":96.0},{"x":0.0,"y":0.0,"z":-96.0},{"x":0.0,"y":0.0,"z":128.0},{"x":0.0,"y":0.0,"z":-128.0}]},{"name":"c899a83b","positions":[{"x":0.0,"y":0.0,"z":0.0},{"x":0.0,"y":0.0,"z":0.0}],"positionsFlipped":[]},{"name":"20dc8680","positions":[{"x":0.0,"y":0.0,"z":144.0}],"positionsFlipped":[]},{"name":"11ecd82a","positions":[{"x":0.0,"y":0.0,"z":144.0}],"positionsFlipped":[]},{"name":"d320c720","positions":[{"x":0.0,"y":0.0,"z":144.0}],"positionsFlipped":[]},{"name":"ef976e78","positions":[{"x":0.0,"y":0.0,"z":144.0}],"positionsFlipped":[{"x":0.0,"y":0.0,"z":-144.0}]},{"name":"acd0ad53","positions":[{"x":0.0,"y":0.0,"z":0.0}],"positionsFlipped":[{"x":0.0,"y":0.0,"z":0.0}]},{"name":"8f2bceef","positions":[{"x":0.0,"y":0.0,"z":0.0}],"positionsFlipped":[{"x":0.0,"y":0.0,"z":0.0}]},{"name":"56a7190b","positions":[{"x":0.0,"y":0.0,"z":0.0}],"positionsFlipped":[{"x":0.0,"y":0.0,"z":0.0}]},{"name":"9335e75","positions":[{"x":0.0,"y":0.0,"z":0.0}],"positionsFlipped":[{"x":0.0,"y":0.0,"z":0.0}]},{"name":"dba6ad25","positions":[{"x":0.0,"y":0.0,"z":0.0}],"positionsFlipped":[{"x":0.0,"y":0.0,"z":0.0}]},{"name":"27d73506","positions":[{"x":0.0,"y":0.0,"z":-72.0}],"positionsFlipped":[{"x":0.0,"y":0.0,"z":-72.0}]},{"name":"becf70e2","positions":[{"x":0.0,"y":0.0,"z":-72.0}],"positionsFlipped":[{"x":0.0,"y":0.0,"z":-72.0}]},{"name":"14839b66","positions":[{"x":0.0,"y":0.0,"z":-144.0}],"positionsFlipped":[]},{"name":"5892bcff","positions":[{"x":0.0,"y":0.0,"z":-144.0}],"positionsFlipped":[]},{"name":"cbc12ab4","positions":[{"x":0.0,"y":0.0,"z":-144.0}],"positionsFlipped":[]},{"name":"a0032ff0","positions":[{"x":0.0,"y":0.0,"z":-144.0}],"positionsFlipped":[]},{"name":"750b0ba0","positions":[{"x":0.0,"y":0.0,"z":-144.0}],"positionsFlipped":[]},{"name":"319b2abe","positions":[{"x":0.0,"y":0.0,"z":-144.0}],"positionsFlipped":[]},{"name":"36368ee1","positions":[{"x":0.0,"y":0.0,"z":-72.0}],"positionsFlipped":[{"x":0.0,"y":0.0,"z":-72.0}]},{"name":"85c74b3a","positions":[{"x":0.0,"y":0.0,"z":-72.0}],"positionsFlipped":[{"x":0.0,"y":0.0,"z":-72.0}]},{"name":"a7b96e23","positions":[{"x":0.0,"y":0.0,"z":-144.0}],"positionsFlipped":[]},{"name":"f4866a11","positions":[{"x":0.0,"y":0.0,"z":-144.0}],"positionsFlipped":[]},{"name":"c40ca37e","positions":[{"x":0.0,"y":0.0,"z":0.0},{"x":0.0,"y":0.0,"z":17.5},{"x":0.0,"y":0.0,"z":-17.5},{"x":0.0,"y":0.0,"z":-40.0},{"x":0.0,"y":0.0,"z":40.0},{"x":0.0,"y":0.0,"z":62.5},{"x":0.0,"y":0.0,"z":80.0},{"x":0.0,"y":0.0,"z":97.5},{"x":0.0,"y":0.0,"z":120.0},{"x":0.0,"y":0.0,"z":142.5},{"x":0.0,"y":0.0,"z":-63.0},{"x":0.0,"y":0.0,"z":-81.0},{"x":0.0,"y":0.0,"z":-104.0}],"positionsFlipped":[]},{"name":"7cd356d3","positions":[{"x":0.0,"y":0.0,"z":-144.0}],"positionsFlipped":[]},{"name":"d6c2dc8a","positions":[{"x":0.0,"y":0.0,"z":0.0},{"x":0.0,"y":0.0,"z":80.0}],"positionsFlipped":[{"x":0.0,"y":0.0,"z":0.0},{"x":0.0,"y":0.0,"z":80.0}]},{"name":"4834a31f","positions":[{"x":0.0,"y":0.0,"z":-72.0}],"positionsFlipped":[{"x":0.0,"y":0.0,"z":-72.0}]},{"name":"11ce876a","positions":[{"x":0.0,"y":0.0,"z":-144.0}],"positionsFlipped":[]},{"name":"b7d5c902","positions":[{"x":0.0,"y":0.0,"z":144.0}],"positionsFlipped":[]}]}