{
    "vehicles": [
        {
            "id": "mtr_custom_train_e235_standard_head",
            "name": "E235-0 Yamanote Line TC Front",
            "color": "4DFF00",
            "transportMode": "TRAIN",
            "length": 20,
            "width": 2,
            "bogie1Position": -6.8,
            "bogie2Position": 6.8,
            "couplingPadding1": 0,
            "couplingPadding2": 0,
            "description": "Trailer Cab",
            "wikipediaArticle": "e235_series",
            "tags": [],
            "models": [
                {
                    "modelResource": "mtr:e235/e235.bbmodel",
                    "textureResource": "mtr:e235/e235.png",
                    "modelPropertiesResource": "mtr:properties_299f15cb.json",
                    "positionDefinitionsResource": "mtr:definition_56ec0b05.json",
                    "flipTextureV": true
                }
            ],
            "bogie1Models": [
                {
                    "modelResource": "mtr:e235/e235.bbmodel",
                    "textureResource": "mtr:e235/e235.png",
                    "modelPropertiesResource": "mtr:properties_65650eb7.json",
                    "positionDefinitionsResource": "mtr:definition_e1c4fb53.json",
                    "flipTextureV": true
                }
            ],
            "bogie2Models": [
                {
                    "modelResource": "mtr:e235/e235.bbmodel",
                    "textureResource": "mtr:e235/e235.png",
                    "modelPropertiesResource": "mtr:properties_2fb3c74c.json",
                    "positionDefinitionsResource": "mtr:definition_e0b76630.json",
                    "flipTextureV": true
                }
            ],
            "hasGangway1": false,
            "hasGangway2": true,
            "hasBarrier1": false,
            "hasBarrier2": false,
            "legacyRiderOffset": 0,
            "bveSoundBaseResource": "e235_sic",
            "legacySpeedSoundBaseResource": "",
            "legacySpeedSoundCount": 1,
            "legacyUseAccelerationSoundsWhenCoasting": false,
            "legacyConstantPlaybackSpeed": false,
            "legacyDoorSoundBaseResource": "",
            "legacyDoorCloseSoundTime": 0
        },
        {
            "id": "mtr_custom_train_e235_standard_trailer",
            "name": "E235-0 Yamanote Line T",
            "color": "4DFF00",
            "transportMode": "TRAIN",
            "length": 20,
            "width": 2,
            "bogie1Position": -6.8,
            "bogie2Position": 6.8,
            "couplingPadding1": 0,
            "couplingPadding2": 0,
            "description": "Trailer",
            "wikipediaArticle": "e235_series",
            "tags": [],
            "models": [
                {
                    "modelResource": "mtr:e235/e235.bbmodel",
                    "textureResource": "mtr:e235/e235.png",
                    "modelPropertiesResource": "mtr:properties_58c8ca3e.json",
                    "positionDefinitionsResource": "mtr:definition_58ada54c.json",
                    "flipTextureV": true
                }
            ],
            "bogie1Models": [
                {
                    "modelResource": "mtr:e235/e235.bbmodel",
                    "textureResource": "mtr:e235/e235.png",
                    "modelPropertiesResource": "mtr:properties_5ea47512.json",
                    "positionDefinitionsResource": "mtr:definition_91e69f91.json",
                    "flipTextureV": true
                }
            ],
            "bogie2Models": [
                {
                    "modelResource": "mtr:e235/e235.bbmodel",
                    "textureResource": "mtr:e235/e235.png",
                    "modelPropertiesResource": "mtr:properties_9354e737.json",
                    "positionDefinitionsResource": "mtr:definition_d239c739.json",
                    "flipTextureV": true
                }
            ],
            "hasGangway1": true,
            "hasGangway2": true,
            "hasBarrier1": false,
            "hasBarrier2": false,
            "legacyRiderOffset": 0,
            "bveSoundBaseResource": "e235_sic",
            "legacySpeedSoundBaseResource": "",
            "legacySpeedSoundCount": 1,
            "legacyUseAccelerationSoundsWhenCoasting": false,
            "legacyConstantPlaybackSpeed": false,
            "legacyDoorSoundBaseResource": "",
            "legacyDoorCloseSoundTime": 0
        },
        {
            "id": "mtr_custom_train_e235_standard_panto",
            "name": "E235-0 Yamanote Line M",
            "color": "4DFF00",
            "transportMode": "TRAIN",
            "length": 20,
            "width": 2,
            "bogie1Position": -6.8,
            "bogie2Position": 6.8,
            "couplingPadding1": 0,
            "couplingPadding2": 0,
            "description": "Motor Trailer",
            "wikipediaArticle": "e235_series",
            "tags": [],
            "models": [
                {
                    "modelResource": "mtr:e235/e235.bbmodel",
                    "textureResource": "mtr:e235/e235.png",
                    "modelPropertiesResource": "mtr:properties_3b973731.json",
                    "positionDefinitionsResource": "mtr:definition_d8167282.json",
                    "flipTextureV": true
                }
            ],
            "bogie1Models": [
                {
                    "modelResource": "mtr:e235/e235.bbmodel",
                    "textureResource": "mtr:e235/e235.png",
                    "modelPropertiesResource": "mtr:properties_7ff45462.json",
                    "positionDefinitionsResource": "mtr:definition_6f449ee9.json",
                    "flipTextureV": true
                }
            ],
            "bogie2Models": [
                {
                    "modelResource": "mtr:e235/e235.bbmodel",
                    "textureResource": "mtr:e235/e235.png",
                    "modelPropertiesResource": "mtr:properties_50dad3c2.json",
                    "positionDefinitionsResource": "mtr:definition_287c8d35.json",
                    "flipTextureV": true
                }
            ],
            "hasGangway1": true,
            "hasGangway2": true,
            "hasBarrier1": false,
            "hasBarrier2": false,
            "legacyRiderOffset": 0,
            "bveSoundBaseResource": "e235_sic",
            "legacySpeedSoundBaseResource": "",
            "legacySpeedSoundCount": 1,
            "legacyUseAccelerationSoundsWhenCoasting": false,
            "legacyConstantPlaybackSpeed": false,
            "legacyDoorSoundBaseResource": "",
            "legacyDoorCloseSoundTime": 0
        },
        {
            "id": "mtr_custom_train_e235_standard_head_2",
            "name": "E235-0 Yamanote Line TC Back",
            "color": "4DFF00",
            "transportMode": "TRAIN",
            "length": 20,
            "width": 2,
            "bogie1Position": -6.8,
            "bogie2Position": 6.8,
            "couplingPadding1": 0,
            "couplingPadding2": 0,
            "description": "Trailer Cab",
            "wikipediaArticle": "e235_series",
            "tags": [],
            "models": [
                {
                    "modelResource": "mtr:e235/e235.bbmodel",
                    "textureResource": "mtr:e235/e235.png",
                    "modelPropertiesResource": "mtr:properties_8a465c70.json",
                    "positionDefinitionsResource": "mtr:definition_2461ae.json",
                    "flipTextureV": true
                }
            ],
            "bogie1Models": [
                {
                    "modelResource": "mtr:e235/e235.bbmodel",
                    "textureResource": "mtr:e235/e235.png",
                    "modelPropertiesResource": "mtr:properties_fcdd29b.json",
                    "positionDefinitionsResource": "mtr:definition_32de95ab.json",
                    "flipTextureV": true
                }
            ],
            "bogie2Models": [
                {
                    "modelResource": "mtr:e235/e235.bbmodel",
                    "textureResource": "mtr:e235/e235.png",
                    "modelPropertiesResource": "mtr:properties_c4eae5a2.json",
                    "positionDefinitionsResource": "mtr:definition_e23948ca.json",
                    "flipTextureV": true
                }
            ],
            "hasGangway1": true,
            "hasGangway2": false,
            "hasBarrier1": false,
            "hasBarrier2": false,
            "legacyRiderOffset": 0,
            "bveSoundBaseResource": "e235_sic",
            "legacySpeedSoundBaseResource": "",
            "legacySpeedSoundCount": 1,
            "legacyUseAccelerationSoundsWhenCoasting": false,
            "legacyConstantPlaybackSpeed": false,
            "legacyDoorSoundBaseResource": "",
            "legacyDoorCloseSoundTime": 0
        },
        {
            "id": "mtr_custom_train_e236_standard_head",
            "name": "E235-0 Yokosuka Line TC Front",
            "color": "0033FF",
            "transportMode": "TRAIN",
            "length": 20,
            "width": 2,
            "bogie1Position": -6.8,
            "bogie2Position": 6.8,
            "couplingPadding1": 0,
            "couplingPadding2": 0,
            "description": "Trailer Cab",
            "wikipediaArticle": "e235_series",
            "tags": [],
            "models": [
                {
                    "modelResource": "mtr:e235/e235.bbmodel",
                    "textureResource": "mtr:e235/e235-1000.png",
                    "modelPropertiesResource": "mtr:properties_cf05023b.json",
                    "positionDefinitionsResource": "mtr:definition_6f02417f.json",
                    "flipTextureV": true
                }
            ],
            "bogie1Models": [
                {
                    "modelResource": "mtr:e235/e235.bbmodel",
                    "textureResource": "mtr:e235/e235.png",
                    "modelPropertiesResource": "mtr:properties_ff882cb9.json",
                    "positionDefinitionsResource": "mtr:definition_6f93a2ef.json",
                    "flipTextureV": true
                }
            ],
            "bogie2Models": [
                {
                    "modelResource": "mtr:e235/e235.bbmodel",
                    "textureResource": "mtr:e235/e235.png",
                    "modelPropertiesResource": "mtr:properties_7a5ddf7c.json",
                    "positionDefinitionsResource": "mtr:definition_4120b9.json",
                    "flipTextureV": true
                }
            ],
            "hasGangway1": false,
            "hasGangway2": true,
            "hasBarrier1": false,
            "hasBarrier2": false,
            "legacyRiderOffset": 0,
            "bveSoundBaseResource": "e235_sic",
            "legacySpeedSoundBaseResource": "",
            "legacySpeedSoundCount": 1,
            "legacyUseAccelerationSoundsWhenCoasting": false,
            "legacyConstantPlaybackSpeed": false,
            "legacyDoorSoundBaseResource": "",
            "legacyDoorCloseSoundTime": 0
        },
        {
            "id": "mtr_custom_train_e236_standard_trailer",
            "name": "E235-0 Yokosuka Line T",
            "color": "0036FF",
            "transportMode": "TRAIN",
            "length": 20,
            "width": 2,
            "bogie1Position": -6.8,
            "bogie2Position": 6.8,
            "couplingPadding1": 0,
            "couplingPadding2": 0,
            "description": "Trailer",
            "wikipediaArticle": "e235_series",
            "tags": [],
            "models": [
                {
                    "modelResource": "mtr:e235/e235.bbmodel",
                    "textureResource": "mtr:e235/e235-1000.png",
                    "modelPropertiesResource": "mtr:properties_d9fda0a8.json",
                    "positionDefinitionsResource": "mtr:definition_2b0a7a48.json",
                    "flipTextureV": true
                }
            ],
            "bogie1Models": [
                {
                    "modelResource": "mtr:e235/e235.bbmodel",
                    "textureResource": "mtr:e235/e235.png",
                    "modelPropertiesResource": "mtr:properties_9b2861b8.json",
                    "positionDefinitionsResource": "mtr:definition_50b98ac8.json",
                    "flipTextureV": true
                }
            ],
            "bogie2Models": [
                {
                    "modelResource": "mtr:e235/e235.bbmodel",
                    "textureResource": "mtr:e235/e235.png",
                    "modelPropertiesResource": "mtr:properties_e55526de.json",
                    "positionDefinitionsResource": "mtr:definition_e67f5d51.json",
                    "flipTextureV": true
                }
            ],
            "hasGangway1": true,
            "hasGangway2": true,
            "hasBarrier1": false,
            "hasBarrier2": false,
            "legacyRiderOffset": 0,
            "bveSoundBaseResource": "e235_sic",
            "legacySpeedSoundBaseResource": "",
            "legacySpeedSoundCount": 1,
            "legacyUseAccelerationSoundsWhenCoasting": false,
            "legacyConstantPlaybackSpeed": false,
            "legacyDoorSoundBaseResource": "",
            "legacyDoorCloseSoundTime": 0
        },
        {
            "id": "mtr_custom_train_e236_standard_panto",
            "name": "E235-0 Yokosuka Line M",
            "color": "0036FF",
            "transportMode": "TRAIN",
            "length": 20,
            "width": 2,
            "bogie1Position": -6.8,
            "bogie2Position": 6.8,
            "couplingPadding1": 0,
            "couplingPadding2": 0,
            "description": "Motor Trailer",
            "wikipediaArticle": "e235_series",
            "tags": [],
            "models": [
                {
                    "modelResource": "mtr:e235/e235.bbmodel",
                    "textureResource": "mtr:e235/e235-1000.png",
                    "modelPropertiesResource": "mtr:properties_138efc48.json",
                    "positionDefinitionsResource": "mtr:definition_dbc6ead.json",
                    "flipTextureV": true
                }
            ],
            "bogie1Models": [
                {
                    "modelResource": "mtr:e235/e235.bbmodel",
                    "textureResource": "mtr:e235/e235.png",
                    "modelPropertiesResource": "mtr:properties_655e8c84.json",
                    "positionDefinitionsResource": "mtr:definition_a06a6321.json",
                    "flipTextureV": true
                }
            ],
            "bogie2Models": [
                {
                    "modelResource": "mtr:e235/e235.bbmodel",
                    "textureResource": "mtr:e235/e235.png",
                    "modelPropertiesResource": "mtr:properties_b971ed9f.json",
                    "positionDefinitionsResource": "mtr:definition_93b4cef4.json",
                    "flipTextureV": true
                }
            ],
            "hasGangway1": true,
            "hasGangway2": true,
            "hasBarrier1": false,
            "hasBarrier2": false,
            "legacyRiderOffset": 0,
            "bveSoundBaseResource": "e235_sic",
            "legacySpeedSoundBaseResource": "",
            "legacySpeedSoundCount": 1,
            "legacyUseAccelerationSoundsWhenCoasting": false,
            "legacyConstantPlaybackSpeed": false,
            "legacyDoorSoundBaseResource": "",
            "legacyDoorCloseSoundTime": 0
        },
        {
            "id": "mtr_custom_train_e236_standard_head_2",
            "name": "E235-0 Yokosuka Line TC Back",
            "color": "0036FF",
            "transportMode": "TRAIN",
            "length": 20,
            "width": 2,
            "bogie1Position": -6.8,
            "bogie2Position": 6.8,
            "couplingPadding1": 0,
            "couplingPadding2": 0,
            "description": "Trailer Cab",
            "wikipediaArticle": "e235_series",
            "tags": [],
            "models": [
                {
                    "modelResource": "mtr:e235/e235.bbmodel",
                    "textureResource": "mtr:e235/e235-1000.png",
                    "modelPropertiesResource": "mtr:properties_145d9280.json",
                    "positionDefinitionsResource": "mtr:definition_1a6865.json",
                    "flipTextureV": true
                }
            ],
            "bogie1Models": [
                {
                    "modelResource": "mtr:e235/e235.bbmodel",
                    "textureResource": "mtr:e235/e235.png",
                    "modelPropertiesResource": "mtr:properties_378ec7dd.json",
                    "positionDefinitionsResource": "mtr:definition_2e2d4f41.json",
                    "flipTextureV": true
                }
            ],
            "bogie2Models": [
                {
                    "modelResource": "mtr:e235/e235.bbmodel",
                    "textureResource": "mtr:e235/e235.png",
                    "modelPropertiesResource": "mtr:properties_3970a5df.json",
                    "positionDefinitionsResource": "mtr:definition_9e6a4f7d.json",
                    "flipTextureV": true
                }
            ],
            "hasGangway1": true,
            "hasGangway2": false,
            "hasBarrier1": false,
            "hasBarrier2": false,
            "legacyRiderOffset": 0,
            "bveSoundBaseResource": "e235_sic",
            "legacySpeedSoundBaseResource": "",
            "legacySpeedSoundCount": 1,
            "legacyUseAccelerationSoundsWhenCoasting": false,
            "legacyConstantPlaybackSpeed": false,
            "legacyDoorSoundBaseResource": "",
            "legacyDoorCloseSoundTime": 0
        }
    ],
    "signs": [],
    "rails": [],
    "objects": [],
    "lifts": []
}