{
    "parts": [
        {
            "names": [
                "door"
            ],
            "positionDefinitions": [
                "a156244"
            ],
            "condition": "NORMAL",
            "renderStage": "INTERIOR",
            "type": "NORMAL",
            "displayXPadding": 0,
            "displayYPadding": 0,
            "displayColorCjk": "FF9900",
            "displayColor": "FF9900",
            "displayMaxLineHeight": 1.5,
            "displayCjkSizeRatio": 2,
            "displayOptions": [],
            "displayPadZeros": 0,
            "displayType": "DESTINATION",
            "displayDefaultText": "Not In Service",
            "doorXMultiplier": 0,
            "doorZMultiplier": 0,
            "doorAnimationType": "STANDARD",
            "renderFromOpeningDoorTime": 0,
            "renderUntilOpeningDoorTime": 0,
            "renderFromClosingDoorTime": 0,
            "renderUntilClosingDoorTime": 0,
            "flashOffTime": 0,
            "flashOnTime": 0
        },
        {
            "names": [
                "door_left"
            ],
            "positionDefinitions": [
                "723a21a0"
            ],
            "condition": "NORMAL",
            "renderStage": "INTERIOR_TRANSLUCENT",
            "type": "NORMAL",
            "displayXPadding": 0,
            "displayYPadding": 0,
            "displayColorCjk": "FF9900",
            "displayColor": "FF9900",
            "displayMaxLineHeight": 1.5,
            "displayCjkSizeRatio": 2,
            "displayOptions": [],
            "displayPadZeros": 0,
            "displayType": "DESTINATION",
            "displayDefaultText": "Not In Service",
            "doorXMultiplier": 0,
            "doorZMultiplier": -10.5,
            "doorAnimationType": "R179",
            "renderFromOpeningDoorTime": 0,
            "renderUntilOpeningDoorTime": 0,
            "renderFromClosingDoorTime": 0,
            "renderUntilClosingDoorTime": 0,
            "flashOffTime": 0,
            "flashOnTime": 0
        },
        {
            "names": [
                "door_right"
            ],
            "positionDefinitions": [
                "48cdaba3"
            ],
            "condition": "NORMAL",
            "renderStage": "INTERIOR_TRANSLUCENT",
            "type": "NORMAL",
            "displayXPadding": 0,
            "displayYPadding": 0,
            "displayColorCjk": "FF9900",
            "displayColor": "FF9900",
            "displayMaxLineHeight": 1.5,
            "displayCjkSizeRatio": 2,
            "displayOptions": [],
            "displayPadZeros": 0,
            "displayType": "DESTINATION",
            "displayDefaultText": "Not In Service",
            "doorXMultiplier": 0,
            "doorZMultiplier": 10.5,
            "doorAnimationType": "R179",
            "renderFromOpeningDoorTime": 0,
            "renderUntilOpeningDoorTime": 0,
            "renderFromClosingDoorTime": 0,
            "renderUntilClosingDoorTime": 0,
            "flashOffTime": 0,
            "flashOnTime": 0
        },
        {
            "names": [
                "display_interior"
            ],
            "positionDefinitions": [
                "75c4d5e4"
            ],
            "condition": "NORMAL",
            "renderStage": "INTERIOR",
            "type": "NORMAL",
            "displayXPadding": 0,
            "displayYPadding": 0,
            "displayColorCjk": "FF9900",
            "displayColor": "FF9900",
            "displayMaxLineHeight": 1.5,
            "displayCjkSizeRatio": 2,
            "displayOptions": [],
            "displayPadZeros": 0,
            "displayType": "DESTINATION",
            "displayDefaultText": "Not In Service",
            "doorXMultiplier": 0,
            "doorZMultiplier": 0,
            "doorAnimationType": "STANDARD",
            "renderFromOpeningDoorTime": 0,
            "renderUntilOpeningDoorTime": 0,
            "renderFromClosingDoorTime": 0,
            "renderUntilClosingDoorTime": 0,
            "flashOffTime": 0,
            "flashOnTime": 0
        },
        {
            "names": [
                "display_interior"
            ],
            "positionDefinitions": [
                "1ad0c541"
            ],
            "condition": "NORMAL",
            "renderStage": "EXTERIOR",
            "type": "DISPLAY",
            "displayXPadding": 0,
            "displayYPadding": 0,
            "displayColorCjk": "FFFFFF",
            "displayColor": "FFFFFF",
            "displayMaxLineHeight": 2,
            "displayCjkSizeRatio": 2,
            "displayOptions": [
                "SPACE_CJK",
                "CYCLE_LANGUAGES"
            ],
            "displayPadZeros": 0,
            "displayType": "NEXT_STATION",
            "displayDefaultText": "故障中­|Out of Service",
            "doorXMultiplier": 0,
            "doorZMultiplier": 0,
            "doorAnimationType": "STANDARD",
            "renderFromOpeningDoorTime": 0,
            "renderUntilOpeningDoorTime": 0,
            "renderFromClosingDoorTime": 0,
            "renderUntilClosingDoorTime": 0,
            "flashOffTime": 0,
            "flashOnTime": 0
        },
        {
            "names": [
                "display_interior_dest"
            ],
            "positionDefinitions": [
                "682167d2"
            ],
            "condition": "NORMAL",
            "renderStage": "EXTERIOR",
            "type": "DISPLAY",
            "displayXPadding": 0,
            "displayYPadding": 0.1,
            "displayColorCjk": "FFFFFF",
            "displayColor": "FFFFFF",
            "displayMaxLineHeight": 1.5,
            "displayCjkSizeRatio": 2,
            "displayOptions": [
                "CYCLE_LANGUAGES"
            ],
            "displayPadZeros": 0,
            "displayType": "DESTINATION",
            "displayDefaultText": "故障中­|Out of Service",
            "doorXMultiplier": 0,
            "doorZMultiplier": 0,
            "doorAnimationType": "STANDARD",
            "renderFromOpeningDoorTime": 0,
            "renderUntilOpeningDoorTime": 0,
            "renderFromClosingDoorTime": 0,
            "renderUntilClosingDoorTime": 0,
            "flashOffTime": 0,
            "flashOnTime": 0
        },
        {
            "names": [
                "door_floor"
            ],
            "positionDefinitions": [
                "5e3e2447"
            ],
            "condition": "NORMAL",
            "renderStage": "EXTERIOR",
            "type": "FLOOR",
            "displayXPadding": 0,
            "displayYPadding": 0,
            "displayColorCjk": "FF9900",
            "displayColor": "FF9900",
            "displayMaxLineHeight": 1.5,
            "displayCjkSizeRatio": 2,
            "displayOptions": [],
            "displayPadZeros": 0,
            "displayType": "DESTINATION",
            "displayDefaultText": "Not In Service",
            "doorXMultiplier": 0,
            "doorZMultiplier": 0,
            "doorAnimationType": "STANDARD",
            "renderFromOpeningDoorTime": 0,
            "renderUntilOpeningDoorTime": 0,
            "renderFromClosingDoorTime": 0,
            "renderUntilClosingDoorTime": 0,
            "flashOffTime": 0,
            "flashOnTime": 0
        },
        {
            "names": [
                "doorway"
            ],
            "positionDefinitions": [
                "f32c44f2"
            ],
            "condition": "NORMAL",
            "renderStage": "EXTERIOR",
            "type": "DOORWAY",
            "displayXPadding": 0,
            "displayYPadding": 0,
            "displayColorCjk": "FF9900",
            "displayColor": "FF9900",
            "displayMaxLineHeight": 1.5,
            "displayCjkSizeRatio": 2,
            "displayOptions": [],
            "displayPadZeros": 0,
            "displayType": "DESTINATION",
            "displayDefaultText": "Not In Service",
            "doorXMultiplier": 0,
            "doorZMultiplier": 0,
            "doorAnimationType": "STANDARD",
            "renderFromOpeningDoorTime": 0,
            "renderUntilOpeningDoorTime": 0,
            "renderFromClosingDoorTime": 0,
            "renderUntilClosingDoorTime": 0,
            "flashOffTime": 0,
            "flashOnTime": 0
        },
        {
            "names": [
                "door_exterior"
            ],
            "positionDefinitions": [
                "c41a1c99"
            ],
            "condition": "NORMAL",
            "renderStage": "EXTERIOR",
            "type": "NORMAL",
            "displayXPadding": 0,
            "displayYPadding": 0,
            "displayColorCjk": "FF9900",
            "displayColor": "FF9900",
            "displayMaxLineHeight": 1.5,
            "displayCjkSizeRatio": 2,
            "displayOptions": [],
            "displayPadZeros": 0,
            "displayType": "DESTINATION",
            "displayDefaultText": "Not In Service",
            "doorXMultiplier": 0,
            "doorZMultiplier": 0,
            "doorAnimationType": "STANDARD",
            "renderFromOpeningDoorTime": 0,
            "renderUntilOpeningDoorTime": 0,
            "renderFromClosingDoorTime": 0,
            "renderUntilClosingDoorTime": 0,
            "flashOffTime": 0,
            "flashOnTime": 0
        },
        {
            "names": [
                "doorway"
            ],
            "positionDefinitions": [
                "250da520"
            ],
            "condition": "NORMAL",
            "renderStage": "EXTERIOR",
            "type": "DOORWAY",
            "displayXPadding": 0,
            "displayYPadding": 0,
            "displayColorCjk": "FF9900",
            "displayColor": "FF9900",
            "displayMaxLineHeight": 1.5,
            "displayCjkSizeRatio": 2,
            "displayOptions": [],
            "displayPadZeros": 0,
            "displayType": "DESTINATION",
            "displayDefaultText": "Not In Service",
            "doorXMultiplier": 0,
            "doorZMultiplier": 0,
            "doorAnimationType": "STANDARD",
            "renderFromOpeningDoorTime": 0,
            "renderUntilOpeningDoorTime": 0,
            "renderFromClosingDoorTime": 0,
            "renderUntilClosingDoorTime": 0,
            "flashOffTime": 0,
            "flashOnTime": 0
        },
        {
            "names": [
                "door_left"
            ],
            "positionDefinitions": [
                "642de78d"
            ],
            "condition": "NORMAL",
            "renderStage": "INTERIOR_TRANSLUCENT",
            "type": "NORMAL",
            "displayXPadding": 0,
            "displayYPadding": 0,
            "displayColorCjk": "FF9900",
            "displayColor": "FF9900",
            "displayMaxLineHeight": 1.5,
            "displayCjkSizeRatio": 2,
            "displayOptions": [],
            "displayPadZeros": 0,
            "displayType": "DESTINATION",
            "displayDefaultText": "Not In Service",
            "doorXMultiplier": 0,
            "doorZMultiplier": -10.5,
            "doorAnimationType": "R179",
            "renderFromOpeningDoorTime": 0,
            "renderUntilOpeningDoorTime": 0,
            "renderFromClosingDoorTime": 0,
            "renderUntilClosingDoorTime": 0,
            "flashOffTime": 0,
            "flashOnTime": 0
        },
        {
            "names": [
                "door_right"
            ],
            "positionDefinitions": [
                "d5a80d4a"
            ],
            "condition": "NORMAL",
            "renderStage": "INTERIOR_TRANSLUCENT",
            "type": "NORMAL",
            "displayXPadding": 0,
            "displayYPadding": 0,
            "displayColorCjk": "FF9900",
            "displayColor": "FF9900",
            "displayMaxLineHeight": 1.5,
            "displayCjkSizeRatio": 2,
            "displayOptions": [],
            "displayPadZeros": 0,
            "displayType": "DESTINATION",
            "displayDefaultText": "Not In Service",
            "doorXMultiplier": 0,
            "doorZMultiplier": 10.5,
            "doorAnimationType": "R179",
            "renderFromOpeningDoorTime": 0,
            "renderUntilOpeningDoorTime": 0,
            "renderFromClosingDoorTime": 0,
            "renderUntilClosingDoorTime": 0,
            "flashOffTime": 0,
            "flashOnTime": 0
        },
        {
            "names": [
                "door_left_exterior"
            ],
            "positionDefinitions": [
                "e49b0164"
            ],
            "condition": "NORMAL",
            "renderStage": "EXTERIOR",
            "type": "NORMAL",
            "displayXPadding": 0,
            "displayYPadding": 0,
            "displayColorCjk": "FF9900",
            "displayColor": "FF9900",
            "displayMaxLineHeight": 1.5,
            "displayCjkSizeRatio": 2,
            "displayOptions": [],
            "displayPadZeros": 0,
            "displayType": "DESTINATION",
            "displayDefaultText": "Not In Service",
            "doorXMultiplier": 0,
            "doorZMultiplier": -10.5,
            "doorAnimationType": "R179",
            "renderFromOpeningDoorTime": 0,
            "renderUntilOpeningDoorTime": 0,
            "renderFromClosingDoorTime": 0,
            "renderUntilClosingDoorTime": 0,
            "flashOffTime": 0,
            "flashOnTime": 0
        },
        {
            "names": [
                "door_right_exterior"
            ],
            "positionDefinitions": [
                "2e2a8143"
            ],
            "condition": "NORMAL",
            "renderStage": "EXTERIOR",
            "type": "NORMAL",
            "displayXPadding": 0,
            "displayYPadding": 0,
            "displayColorCjk": "FF9900",
            "displayColor": "FF9900",
            "displayMaxLineHeight": 1.5,
            "displayCjkSizeRatio": 2,
            "displayOptions": [],
            "displayPadZeros": 0,
            "displayType": "DESTINATION",
            "displayDefaultText": "Not In Service",
            "doorXMultiplier": 0,
            "doorZMultiplier": 10.5,
            "doorAnimationType": "R179",
            "renderFromOpeningDoorTime": 0,
            "renderUntilOpeningDoorTime": 0,
            "renderFromClosingDoorTime": 0,
            "renderUntilClosingDoorTime": 0,
            "flashOffTime": 0,
            "flashOnTime": 0
        },
        {
            "names": [
                "door_left_exterior"
            ],
            "positionDefinitions": [
                "22ef90a2"
            ],
            "condition": "NORMAL",
            "renderStage": "EXTERIOR",
            "type": "NORMAL",
            "displayXPadding": 0,
            "displayYPadding": 0,
            "displayColorCjk": "FF9900",
            "displayColor": "FF9900",
            "displayMaxLineHeight": 1.5,
            "displayCjkSizeRatio": 2,
            "displayOptions": [],
            "displayPadZeros": 0,
            "displayType": "DESTINATION",
            "displayDefaultText": "Not In Service",
            "doorXMultiplier": 0,
            "doorZMultiplier": -10.5,
            "doorAnimationType": "R179",
            "renderFromOpeningDoorTime": 0,
            "renderUntilOpeningDoorTime": 0,
            "renderFromClosingDoorTime": 0,
            "renderUntilClosingDoorTime": 0,
            "flashOffTime": 0,
            "flashOnTime": 0
        },
        {
            "names": [
                "door_right_exterior"
            ],
            "positionDefinitions": [
                "d09ff181"
            ],
            "condition": "NORMAL",
            "renderStage": "EXTERIOR",
            "type": "NORMAL",
            "displayXPadding": 0,
            "displayYPadding": 0,
            "displayColorCjk": "FF9900",
            "displayColor": "FF9900",
            "displayMaxLineHeight": 1.5,
            "displayCjkSizeRatio": 2,
            "displayOptions": [],
            "displayPadZeros": 0,
            "displayType": "DESTINATION",
            "displayDefaultText": "Not In Service",
            "doorXMultiplier": 0,
            "doorZMultiplier": 10.5,
            "doorAnimationType": "R179",
            "renderFromOpeningDoorTime": 0,
            "renderUntilOpeningDoorTime": 0,
            "renderFromClosingDoorTime": 0,
            "renderUntilClosingDoorTime": 0,
            "flashOffTime": 0,
            "flashOnTime": 0
        },
        {
            "names": [
                "window"
            ],
            "positionDefinitions": [
                "d8ad42b7"
            ],
            "condition": "NORMAL",
            "renderStage": "INTERIOR",
            "type": "NORMAL",
            "displayXPadding": 0,
            "displayYPadding": 0,
            "displayColorCjk": "FF9900",
            "displayColor": "FF9900",
            "displayMaxLineHeight": 1.5,
            "displayCjkSizeRatio": 2,
            "displayOptions": [],
            "displayPadZeros": 0,
            "displayType": "DESTINATION",
            "displayDefaultText": "Not In Service",
            "doorXMultiplier": 0,
            "doorZMultiplier": 0,
            "doorAnimationType": "STANDARD",
            "renderFromOpeningDoorTime": 0,
            "renderUntilOpeningDoorTime": 0,
            "renderFromClosingDoorTime": 0,
            "renderUntilClosingDoorTime": 0,
            "flashOffTime": 0,
            "flashOnTime": 0
        },
        {
            "names": [
                "window_exterior"
            ],
            "positionDefinitions": [
                "a1c5b20d"
            ],
            "condition": "NORMAL",
            "renderStage": "EXTERIOR",
            "type": "NORMAL",
            "displayXPadding": 0,
            "displayYPadding": 0,
            "displayColorCjk": "FF9900",
            "displayColor": "FF9900",
            "displayMaxLineHeight": 1.5,
            "displayCjkSizeRatio": 2,
            "displayOptions": [],
            "displayPadZeros": 0,
            "displayType": "DESTINATION",
            "displayDefaultText": "Not In Service",
            "doorXMultiplier": 0,
            "doorZMultiplier": 0,
            "doorAnimationType": "STANDARD",
            "renderFromOpeningDoorTime": 0,
            "renderUntilOpeningDoorTime": 0,
            "renderFromClosingDoorTime": 0,
            "renderUntilClosingDoorTime": 0,
            "flashOffTime": 0,
            "flashOnTime": 0
        },
        {
            "names": [
                "window_floor"
            ],
            "positionDefinitions": [
                "64c1692c"
            ],
            "condition": "NORMAL",
            "renderStage": "EXTERIOR",
            "type": "FLOOR",
            "displayXPadding": 0,
            "displayYPadding": 0,
            "displayColorCjk": "FF9900",
            "displayColor": "FF9900",
            "displayMaxLineHeight": 1.5,
            "displayCjkSizeRatio": 2,
            "displayOptions": [],
            "displayPadZeros": 0,
            "displayType": "DESTINATION",
            "displayDefaultText": "Not In Service",
            "doorXMultiplier": 0,
            "doorZMultiplier": 0,
            "doorAnimationType": "STANDARD",
            "renderFromOpeningDoorTime": 0,
            "renderUntilOpeningDoorTime": 0,
            "renderFromClosingDoorTime": 0,
            "renderUntilClosingDoorTime": 0,
            "flashOffTime": 0,
            "flashOnTime": 0
        },
        {
            "names": [
                "window_seat"
            ],
            "positionDefinitions": [
                "344d9b24"
            ],
            "condition": "NORMAL",
            "renderStage": "EXTERIOR",
            "type": "SEAT",
            "displayXPadding": 0,
            "displayYPadding": 0,
            "displayColorCjk": "FF9900",
            "displayColor": "FF9900",
            "displayMaxLineHeight": 1.5,
            "displayCjkSizeRatio": 2,
            "displayOptions": [],
            "displayPadZeros": 0,
            "displayType": "DESTINATION",
            "displayDefaultText": "Not In Service",
            "doorXMultiplier": 0,
            "doorZMultiplier": 0,
            "doorAnimationType": "STANDARD",
            "renderFromOpeningDoorTime": 0,
            "renderUntilOpeningDoorTime": 0,
            "renderFromClosingDoorTime": 0,
            "renderUntilClosingDoorTime": 0,
            "flashOffTime": 0,
            "flashOnTime": 0
        },
        {
            "names": [
                "roof_exterior"
            ],
            "positionDefinitions": [
                "cc5566cd"
            ],
            "condition": "NORMAL",
            "renderStage": "EXTERIOR",
            "type": "NORMAL",
            "displayXPadding": 0,
            "displayYPadding": 0,
            "displayColorCjk": "FF9900",
            "displayColor": "FF9900",
            "displayMaxLineHeight": 1.5,
            "displayCjkSizeRatio": 2,
            "displayOptions": [],
            "displayPadZeros": 0,
            "displayType": "DESTINATION",
            "displayDefaultText": "Not In Service",
            "doorXMultiplier": 0,
            "doorZMultiplier": 0,
            "doorAnimationType": "STANDARD",
            "renderFromOpeningDoorTime": 0,
            "renderUntilOpeningDoorTime": 0,
            "renderFromClosingDoorTime": 0,
            "renderUntilClosingDoorTime": 0,
            "flashOffTime": 0,
            "flashOnTime": 0
        },
        {
            "names": [
                "ac"
            ],
            "positionDefinitions": [
                "e005ea9b"
            ],
            "condition": "NORMAL",
            "renderStage": "EXTERIOR",
            "type": "NORMAL",
            "displayXPadding": 0,
            "displayYPadding": 0,
            "displayColorCjk": "FF9900",
            "displayColor": "FF9900",
            "displayMaxLineHeight": 1.5,
            "displayCjkSizeRatio": 2,
            "displayOptions": [],
            "displayPadZeros": 0,
            "displayType": "DESTINATION",
            "displayDefaultText": "Not In Service",
            "doorXMultiplier": 0,
            "doorZMultiplier": 0,
            "doorAnimationType": "STANDARD",
            "renderFromOpeningDoorTime": 0,
            "renderUntilOpeningDoorTime": 0,
            "renderFromClosingDoorTime": 0,
            "renderUntilClosingDoorTime": 0,
            "flashOffTime": 0,
            "flashOnTime": 0
        },
        {
            "names": [
                "end"
            ],
            "positionDefinitions": [
                "4ce63c96"
            ],
            "condition": "NORMAL",
            "renderStage": "INTERIOR",
            "type": "NORMAL",
            "displayXPadding": 0,
            "displayYPadding": 0,
            "displayColorCjk": "FF9900",
            "displayColor": "FF9900",
            "displayMaxLineHeight": 1.5,
            "displayCjkSizeRatio": 2,
            "displayOptions": [],
            "displayPadZeros": 0,
            "displayType": "DESTINATION",
            "displayDefaultText": "Not In Service",
            "doorXMultiplier": 0,
            "doorZMultiplier": 0,
            "doorAnimationType": "STANDARD",
            "renderFromOpeningDoorTime": 0,
            "renderUntilOpeningDoorTime": 0,
            "renderFromClosingDoorTime": 0,
            "renderUntilClosingDoorTime": 0,
            "flashOffTime": 0,
            "flashOnTime": 0
        },
        {
            "names": [
                "end_exterior"
            ],
            "positionDefinitions": [
                "36e0afcf"
            ],
            "condition": "NORMAL",
            "renderStage": "EXTERIOR",
            "type": "NORMAL",
            "displayXPadding": 0,
            "displayYPadding": 0,
            "displayColorCjk": "FF9900",
            "displayColor": "FF9900",
            "displayMaxLineHeight": 1.5,
            "displayCjkSizeRatio": 2,
            "displayOptions": [],
            "displayPadZeros": 0,
            "displayType": "DESTINATION",
            "displayDefaultText": "Not In Service",
            "doorXMultiplier": 0,
            "doorZMultiplier": 0,
            "doorAnimationType": "STANDARD",
            "renderFromOpeningDoorTime": 0,
            "renderUntilOpeningDoorTime": 0,
            "renderFromClosingDoorTime": 0,
            "renderUntilClosingDoorTime": 0,
            "flashOffTime": 0,
            "flashOnTime": 0
        },
        {
            "names": [
                "end_floor"
            ],
            "positionDefinitions": [
                "8d1e6100"
            ],
            "condition": "NORMAL",
            "renderStage": "EXTERIOR",
            "type": "FLOOR",
            "displayXPadding": 0,
            "displayYPadding": 0,
            "displayColorCjk": "FF9900",
            "displayColor": "FF9900",
            "displayMaxLineHeight": 1.5,
            "displayCjkSizeRatio": 2,
            "displayOptions": [],
            "displayPadZeros": 0,
            "displayType": "DESTINATION",
            "displayDefaultText": "Not In Service",
            "doorXMultiplier": 0,
            "doorZMultiplier": 0,
            "doorAnimationType": "STANDARD",
            "renderFromOpeningDoorTime": 0,
            "renderUntilOpeningDoorTime": 0,
            "renderFromClosingDoorTime": 0,
            "renderUntilClosingDoorTime": 0,
            "flashOffTime": 0,
            "flashOnTime": 0
        },
        {
            "names": [
                "end_seat"
            ],
            "positionDefinitions": [
                "86482eb6"
            ],
            "condition": "NORMAL",
            "renderStage": "EXTERIOR",
            "type": "FLOOR",
            "displayXPadding": 0,
            "displayYPadding": 0,
            "displayColorCjk": "FF9900",
            "displayColor": "FF9900",
            "displayMaxLineHeight": 1.5,
            "displayCjkSizeRatio": 2,
            "displayOptions": [],
            "displayPadZeros": 0,
            "displayType": "DESTINATION",
            "displayDefaultText": "Not In Service",
            "doorXMultiplier": 0,
            "doorZMultiplier": 0,
            "doorAnimationType": "STANDARD",
            "renderFromOpeningDoorTime": 0,
            "renderUntilOpeningDoorTime": 0,
            "renderFromClosingDoorTime": 0,
            "renderUntilClosingDoorTime": 0,
            "flashOffTime": 0,
            "flashOnTime": 0
        },
        {
            "names": [
                "display_exterior_base"
            ],
            "positionDefinitions": [
                "1716a2b7"
            ],
            "condition": "NORMAL",
            "renderStage": "EXTERIOR",
            "type": "NORMAL",
            "displayXPadding": 0,
            "displayYPadding": 0,
            "displayColorCjk": "FF9900",
            "displayColor": "FF9900",
            "displayMaxLineHeight": 1.5,
            "displayCjkSizeRatio": 2,
            "displayOptions": [],
            "displayPadZeros": 0,
            "displayType": "DESTINATION",
            "displayDefaultText": "Not In Service",
            "doorXMultiplier": 0,
            "doorZMultiplier": 0,
            "doorAnimationType": "STANDARD",
            "renderFromOpeningDoorTime": 0,
            "renderUntilOpeningDoorTime": 0,
            "renderFromClosingDoorTime": 0,
            "renderUntilClosingDoorTime": 0,
            "flashOffTime": 0,
            "flashOnTime": 0
        },
        {
            "names": [
                "display_exterior"
            ],
            "positionDefinitions": [
                "fc2f082f"
            ],
            "condition": "NORMAL",
            "renderStage": "EXTERIOR",
            "type": "NORMAL",
            "displayXPadding": 0,
            "displayYPadding": 0,
            "displayColorCjk": "FF9900",
            "displayColor": "FF9900",
            "displayMaxLineHeight": 1.5,
            "displayCjkSizeRatio": 2,
            "displayOptions": [],
            "displayPadZeros": 0,
            "displayType": "DESTINATION",
            "displayDefaultText": "Not In Service",
            "doorXMultiplier": 0,
            "doorZMultiplier": 0,
            "doorAnimationType": "STANDARD",
            "renderFromOpeningDoorTime": 0,
            "renderUntilOpeningDoorTime": 0,
            "renderFromClosingDoorTime": 0,
            "renderUntilClosingDoorTime": 0,
            "flashOffTime": 0,
            "flashOnTime": 0
        },
        {
            "names": [
                "display_exterior"
            ],
            "positionDefinitions": [
                "cc8822eb"
            ],
            "condition": "NORMAL",
            "renderStage": "EXTERIOR",
            "type": "DISPLAY",
            "displayXPadding": 0.3,
            "displayYPadding": 0.3,
            "displayColorCjk": "FFFFFF",
            "displayColor": "FFFFFF",
            "displayMaxLineHeight": 1.5,
            "displayCjkSizeRatio": 2,
            "displayOptions": [
                "SPACE_CJK",
                "ALIGN_LEFT_CJK",
                "ALIGN_RIGHT"
            ],
            "displayPadZeros": 0,
            "displayType": "DESTINATION",
            "displayDefaultText": "故障中­|Out of Service",
            "doorXMultiplier": 0,
            "doorZMultiplier": 0,
            "doorAnimationType": "STANDARD",
            "renderFromOpeningDoorTime": 0,
            "renderUntilOpeningDoorTime": 0,
            "renderFromClosingDoorTime": 0,
            "renderUntilClosingDoorTime": 0,
            "flashOffTime": 0,
            "flashOnTime": 0
        },
        {
            "names": [
                "doorlight_off"
            ],
            "positionDefinitions": [
                "1f629b1e"
            ],
            "condition": "DOORS_CLOSED",
            "renderStage": "EXTERIOR",
            "type": "NORMAL",
            "displayXPadding": 0,
            "displayYPadding": 0,
            "displayColorCjk": "FF9900",
            "displayColor": "FF9900",
            "displayMaxLineHeight": 1.5,
            "displayCjkSizeRatio": 2,
            "displayOptions": [],
            "displayPadZeros": 0,
            "displayType": "DESTINATION",
            "displayDefaultText": "Not In Service",
            "doorXMultiplier": 0,
            "doorZMultiplier": 0,
            "doorAnimationType": "STANDARD",
            "renderFromOpeningDoorTime": 0,
            "renderUntilOpeningDoorTime": 0,
            "renderFromClosingDoorTime": 0,
            "renderUntilClosingDoorTime": 0,
            "flashOffTime": 0,
            "flashOnTime": 0
        },
        {
            "names": [
                "doorlight_on"
            ],
            "positionDefinitions": [
                "1405cf1b"
            ],
            "condition": "DOORS_OPENED",
            "renderStage": "ALWAYS_ON_LIGHT",
            "type": "NORMAL",
            "displayXPadding": 0,
            "displayYPadding": 0,
            "displayColorCjk": "FF9900",
            "displayColor": "FF9900",
            "displayMaxLineHeight": 1.5,
            "displayCjkSizeRatio": 2,
            "displayOptions": [],
            "displayPadZeros": 0,
            "displayType": "DESTINATION",
            "displayDefaultText": "Not In Service",
            "doorXMultiplier": 0,
            "doorZMultiplier": 0,
            "doorAnimationType": "STANDARD",
            "renderFromOpeningDoorTime": 0,
            "renderUntilOpeningDoorTime": 0,
            "renderFromClosingDoorTime": 0,
            "renderUntilClosingDoorTime": 0,
            "flashOffTime": 0,
            "flashOnTime": 0
        },
        {
            "names": [
                "window_front"
            ],
            "positionDefinitions": [
                "b5346da5"
            ],
            "condition": "NORMAL",
            "renderStage": "INTERIOR",
            "type": "NORMAL",
            "displayXPadding": 0,
            "displayYPadding": 0,
            "displayColorCjk": "FF9900",
            "displayColor": "FF9900",
            "displayMaxLineHeight": 1.5,
            "displayCjkSizeRatio": 2,
            "displayOptions": [],
            "displayPadZeros": 0,
            "displayType": "DESTINATION",
            "displayDefaultText": "Not In Service",
            "doorXMultiplier": 0,
            "doorZMultiplier": 0,
            "doorAnimationType": "STANDARD",
            "renderFromOpeningDoorTime": 0,
            "renderUntilOpeningDoorTime": 0,
            "renderFromClosingDoorTime": 0,
            "renderUntilClosingDoorTime": 0,
            "flashOffTime": 0,
            "flashOnTime": 0
        },
        {
            "names": [
                "window_front_exterior"
            ],
            "positionDefinitions": [
                "b88b7e5c"
            ],
            "condition": "NORMAL",
            "renderStage": "EXTERIOR",
            "type": "NORMAL",
            "displayXPadding": 0,
            "displayYPadding": 0,
            "displayColorCjk": "FF9900",
            "displayColor": "FF9900",
            "displayMaxLineHeight": 1.5,
            "displayCjkSizeRatio": 2,
            "displayOptions": [],
            "displayPadZeros": 0,
            "displayType": "DESTINATION",
            "displayDefaultText": "Not In Service",
            "doorXMultiplier": 0,
            "doorZMultiplier": 0,
            "doorAnimationType": "STANDARD",
            "renderFromOpeningDoorTime": 0,
            "renderUntilOpeningDoorTime": 0,
            "renderFromClosingDoorTime": 0,
            "renderUntilClosingDoorTime": 0,
            "flashOffTime": 0,
            "flashOnTime": 0
        },
        {
            "names": [
                "head"
            ],
            "positionDefinitions": [
                "5b050963"
            ],
            "condition": "NORMAL",
            "renderStage": "INTERIOR",
            "type": "NORMAL",
            "displayXPadding": 0,
            "displayYPadding": 0,
            "displayColorCjk": "FF9900",
            "displayColor": "FF9900",
            "displayMaxLineHeight": 1.5,
            "displayCjkSizeRatio": 2,
            "displayOptions": [],
            "displayPadZeros": 0,
            "displayType": "DESTINATION",
            "displayDefaultText": "Not In Service",
            "doorXMultiplier": 0,
            "doorZMultiplier": 0,
            "doorAnimationType": "STANDARD",
            "renderFromOpeningDoorTime": 0,
            "renderUntilOpeningDoorTime": 0,
            "renderFromClosingDoorTime": 0,
            "renderUntilClosingDoorTime": 0,
            "flashOffTime": 0,
            "flashOnTime": 0
        },
        {
            "names": [
                "head_exterior"
            ],
            "positionDefinitions": [
                "577e373c"
            ],
            "condition": "NORMAL",
            "renderStage": "EXTERIOR",
            "type": "NORMAL",
            "displayXPadding": 0,
            "displayYPadding": 0,
            "displayColorCjk": "FF9900",
            "displayColor": "FF9900",
            "displayMaxLineHeight": 1.5,
            "displayCjkSizeRatio": 2,
            "displayOptions": [],
            "displayPadZeros": 0,
            "displayType": "DESTINATION",
            "displayDefaultText": "Not In Service",
            "doorXMultiplier": 0,
            "doorZMultiplier": 0,
            "doorAnimationType": "STANDARD",
            "renderFromOpeningDoorTime": 0,
            "renderUntilOpeningDoorTime": 0,
            "renderFromClosingDoorTime": 0,
            "renderUntilClosingDoorTime": 0,
            "flashOffTime": 0,
            "flashOnTime": 0
        },
        {
            "names": [
                "display_head_dest"
            ],
            "positionDefinitions": [
                "568fa412"
            ],
            "condition": "NORMAL",
            "renderStage": "EXTERIOR",
            "type": "NORMAL",
            "displayXPadding": 0,
            "displayYPadding": 0,
            "displayColorCjk": "FF9900",
            "displayColor": "FF9900",
            "displayMaxLineHeight": 1.5,
            "displayCjkSizeRatio": 2,
            "displayOptions": [],
            "displayPadZeros": 0,
            "displayType": "DESTINATION",
            "displayDefaultText": "Not In Service",
            "doorXMultiplier": 0,
            "doorZMultiplier": 0,
            "doorAnimationType": "STANDARD",
            "renderFromOpeningDoorTime": 0,
            "renderUntilOpeningDoorTime": 0,
            "renderFromClosingDoorTime": 0,
            "renderUntilClosingDoorTime": 0,
            "flashOffTime": 0,
            "flashOnTime": 0
        },
        {
            "names": [
                "display_head_number"
            ],
            "positionDefinitions": [
                "fde1b15"
            ],
            "condition": "NORMAL",
            "renderStage": "EXTERIOR",
            "type": "NORMAL",
            "displayXPadding": 0,
            "displayYPadding": 0,
            "displayColorCjk": "FF9900",
            "displayColor": "FF9900",
            "displayMaxLineHeight": 1.5,
            "displayCjkSizeRatio": 2,
            "displayOptions": [],
            "displayPadZeros": 0,
            "displayType": "DESTINATION",
            "displayDefaultText": "Not In Service",
            "doorXMultiplier": 0,
            "doorZMultiplier": 0,
            "doorAnimationType": "STANDARD",
            "renderFromOpeningDoorTime": 0,
            "renderUntilOpeningDoorTime": 0,
            "renderFromClosingDoorTime": 0,
            "renderUntilClosingDoorTime": 0,
            "flashOffTime": 0,
            "flashOnTime": 0
        },
        {
            "names": [
                "display_head_dest"
            ],
            "positionDefinitions": [
                "8a15c5aa"
            ],
            "condition": "NORMAL",
            "renderStage": "EXTERIOR",
            "type": "DISPLAY",
            "displayXPadding": 0.5,
            "displayYPadding": 0.5,
            "displayColorCjk": "FFFFFF",
            "displayColor": "FFFFFF",
            "displayMaxLineHeight": 2,
            "displayCjkSizeRatio": 2,
            "displayOptions": [
                "SINGLE_LINE",
                "SPACE_CJK"
            ],
            "displayPadZeros": 0,
            "displayType": "DESTINATION",
            "displayDefaultText": "故障中­|Out of Service",
            "doorXMultiplier": 0,
            "doorZMultiplier": 0,
            "doorAnimationType": "STANDARD",
            "renderFromOpeningDoorTime": 0,
            "renderUntilOpeningDoorTime": 0,
            "renderFromClosingDoorTime": 0,
            "renderUntilClosingDoorTime": 0,
            "flashOffTime": 0,
            "flashOnTime": 0
        },
        {
            "names": [
                "display_head_number"
            ],
            "positionDefinitions": [
                "6d013a7"
            ],
            "condition": "NORMAL",
            "renderStage": "EXTERIOR",
            "type": "DISPLAY",
            "displayXPadding": 0,
            "displayYPadding": 0.2,
            "displayColorCjk": "FFFFFF",
            "displayColor": "FFFFFF",
            "displayMaxLineHeight": 1.5,
            "displayCjkSizeRatio": 1,
            "displayOptions": [],
            "displayPadZeros": 0,
            "displayType": "DEPARTURE_INDEX",
            "displayDefaultText": "E235G",
            "doorXMultiplier": 0,
            "doorZMultiplier": 0,
            "doorAnimationType": "STANDARD",
            "renderFromOpeningDoorTime": 0,
            "renderUntilOpeningDoorTime": 0,
            "renderFromClosingDoorTime": 0,
            "renderUntilClosingDoorTime": 0,
            "flashOffTime": 0,
            "flashOnTime": 0
        },
        {
            "names": [
                "window_front_floor"
            ],
            "positionDefinitions": [
                "8fb0d067"
            ],
            "condition": "NORMAL",
            "renderStage": "EXTERIOR",
            "type": "FLOOR",
            "displayXPadding": 0,
            "displayYPadding": 0,
            "displayColorCjk": "FF9900",
            "displayColor": "FF9900",
            "displayMaxLineHeight": 1.5,
            "displayCjkSizeRatio": 2,
            "displayOptions": [],
            "displayPadZeros": 0,
            "displayType": "DESTINATION",
            "displayDefaultText": "Not In Service",
            "doorXMultiplier": 0,
            "doorZMultiplier": 0,
            "doorAnimationType": "STANDARD",
            "renderFromOpeningDoorTime": 0,
            "renderUntilOpeningDoorTime": 0,
            "renderFromClosingDoorTime": 0,
            "renderUntilClosingDoorTime": 0,
            "flashOffTime": 0,
            "flashOnTime": 0
        },
        {
            "names": [
                "window_front_seat"
            ],
            "positionDefinitions": [
                "22339d5a"
            ],
            "condition": "NORMAL",
            "renderStage": "EXTERIOR",
            "type": "SEAT",
            "displayXPadding": 0,
            "displayYPadding": 0,
            "displayColorCjk": "FF9900",
            "displayColor": "FF9900",
            "displayMaxLineHeight": 1.5,
            "displayCjkSizeRatio": 2,
            "displayOptions": [],
            "displayPadZeros": 0,
            "displayType": "DESTINATION",
            "displayDefaultText": "Not In Service",
            "doorXMultiplier": 0,
            "doorZMultiplier": 0,
            "doorAnimationType": "STANDARD",
            "renderFromOpeningDoorTime": 0,
            "renderUntilOpeningDoorTime": 0,
            "renderFromClosingDoorTime": 0,
            "renderUntilClosingDoorTime": 0,
            "flashOffTime": 0,
            "flashOnTime": 0
        },
        {
            "names": [
                "headlights"
            ],
            "positionDefinitions": [
                "e43a3fcb"
            ],
            "condition": "ON_ROUTE_BACKWARDS",
            "renderStage": "INTERIOR",
            "type": "NORMAL",
            "displayXPadding": 0,
            "displayYPadding": 0,
            "displayColorCjk": "FF9900",
            "displayColor": "FF9900",
            "displayMaxLineHeight": 1.5,
            "displayCjkSizeRatio": 2,
            "displayOptions": [],
            "displayPadZeros": 0,
            "displayType": "DESTINATION",
            "displayDefaultText": "Not In Service",
            "doorXMultiplier": 0,
            "doorZMultiplier": 0,
            "doorAnimationType": "STANDARD",
            "renderFromOpeningDoorTime": 0,
            "renderUntilOpeningDoorTime": 0,
            "renderFromClosingDoorTime": 0,
            "renderUntilClosingDoorTime": 0,
            "flashOffTime": 0,
            "flashOnTime": 0
        },
        {
            "names": [
                "taillights"
            ],
            "positionDefinitions": [
                "b8901286"
            ],
            "condition": "ON_ROUTE_FORWARDS",
            "renderStage": "INTERIOR",
            "type": "NORMAL",
            "displayXPadding": 0,
            "displayYPadding": 0,
            "displayColorCjk": "FF9900",
            "displayColor": "FF9900",
            "displayMaxLineHeight": 1.5,
            "displayCjkSizeRatio": 2,
            "displayOptions": [],
            "displayPadZeros": 0,
            "displayType": "DESTINATION",
            "displayDefaultText": "Not In Service",
            "doorXMultiplier": 0,
            "doorZMultiplier": 0,
            "doorAnimationType": "STANDARD",
            "renderFromOpeningDoorTime": 0,
            "renderUntilOpeningDoorTime": 0,
            "renderFromClosingDoorTime": 0,
            "renderUntilClosingDoorTime": 0,
            "flashOffTime": 0,
            "flashOnTime": 0
        },
        {
            "names": [
                "keikoutou"
            ],
            "positionDefinitions": [
                "322e8802"
            ],
            "condition": "NORMAL",
            "renderStage": "LIGHT",
            "type": "NORMAL",
            "displayXPadding": 0,
            "displayYPadding": 0,
            "displayColorCjk": "FF9900",
            "displayColor": "FF9900",
            "displayMaxLineHeight": 1.5,
            "displayCjkSizeRatio": 2,
            "displayOptions": [],
            "displayPadZeros": 0,
            "displayType": "DESTINATION",
            "displayDefaultText": "Not In Service",
            "doorXMultiplier": 0,
            "doorZMultiplier": 0,
            "doorAnimationType": "STANDARD",
            "renderFromOpeningDoorTime": 0,
            "renderUntilOpeningDoorTime": 0,
            "renderFromClosingDoorTime": 0,
            "renderUntilClosingDoorTime": 0,
            "flashOffTime": 0,
            "flashOnTime": 0
        },
        {
            "names": [
                "head_floor"
            ],
            "positionDefinitions": [
                "b1cc7aa9"
            ],
            "condition": "NORMAL",
            "renderStage": "EXTERIOR",
            "type": "FLOOR",
            "displayXPadding": 0,
            "displayYPadding": 0,
            "displayColorCjk": "FF9900",
            "displayColor": "FF9900",
            "displayMaxLineHeight": 1.5,
            "displayCjkSizeRatio": 2,
            "displayOptions": [],
            "displayPadZeros": 0,
            "displayType": "DESTINATION",
            "displayDefaultText": "Not In Service",
            "doorXMultiplier": 0,
            "doorZMultiplier": 0,
            "doorAnimationType": "STANDARD",
            "renderFromOpeningDoorTime": 0,
            "renderUntilOpeningDoorTime": 0,
            "renderFromClosingDoorTime": 0,
            "renderUntilClosingDoorTime": 0,
            "flashOffTime": 0,
            "flashOnTime": 0
        },
        {
            "names": [
                "window_gls"
            ],
            "positionDefinitions": [
                "e06fed7d"
            ],
            "condition": "NORMAL",
            "renderStage": "INTERIOR_TRANSLUCENT",
            "type": "NORMAL",
            "displayXPadding": 0,
            "displayYPadding": 0,
            "displayColorCjk": "FF9900",
            "displayColor": "FF9900",
            "displayMaxLineHeight": 1.5,
            "displayCjkSizeRatio": 2,
            "displayOptions": [],
            "displayPadZeros": 0,
            "displayType": "DESTINATION",
            "displayDefaultText": "Not In Service",
            "doorXMultiplier": 0,
            "doorZMultiplier": 0,
            "doorAnimationType": "STANDARD",
            "renderFromOpeningDoorTime": 0,
            "renderUntilOpeningDoorTime": 0,
            "renderFromClosingDoorTime": 0,
            "renderUntilClosingDoorTime": 0,
            "flashOffTime": 0,
            "flashOnTime": 0
        },
        {
            "names": [
                "win_front_gls"
            ],
            "positionDefinitions": [
                "207ade0"
            ],
            "condition": "NORMAL",
            "renderStage": "INTERIOR_TRANSLUCENT",
            "type": "NORMAL",
            "displayXPadding": 0,
            "displayYPadding": 0,
            "displayColorCjk": "FF9900",
            "displayColor": "FF9900",
            "displayMaxLineHeight": 1.5,
            "displayCjkSizeRatio": 2,
            "displayOptions": [],
            "displayPadZeros": 0,
            "displayType": "DESTINATION",
            "displayDefaultText": "Not In Service",
            "doorXMultiplier": 0,
            "doorZMultiplier": 0,
            "doorAnimationType": "STANDARD",
            "renderFromOpeningDoorTime": 0,
            "renderUntilOpeningDoorTime": 0,
            "renderFromClosingDoorTime": 0,
            "renderUntilClosingDoorTime": 0,
            "flashOffTime": 0,
            "flashOnTime": 0
        },
        {
            "names": [
                "end_gls"
            ],
            "positionDefinitions": [
                "c402cdc4"
            ],
            "condition": "NORMAL",
            "renderStage": "INTERIOR_TRANSLUCENT",
            "type": "NORMAL",
            "displayXPadding": 0,
            "displayYPadding": 0,
            "displayColorCjk": "FF9900",
            "displayColor": "FF9900",
            "displayMaxLineHeight": 1.5,
            "displayCjkSizeRatio": 2,
            "displayOptions": [],
            "displayPadZeros": 0,
            "displayType": "DESTINATION",
            "displayDefaultText": "Not In Service",
            "doorXMultiplier": 0,
            "doorZMultiplier": 0,
            "doorAnimationType": "STANDARD",
            "renderFromOpeningDoorTime": 0,
            "renderUntilOpeningDoorTime": 0,
            "renderFromClosingDoorTime": 0,
            "renderUntilClosingDoorTime": 0,
            "flashOffTime": 0,
            "flashOnTime": 0
        },
        {
            "names": [
                "head_gls"
            ],
            "positionDefinitions": [
                "bcddc558"
            ],
            "condition": "NORMAL",
            "renderStage": "INTERIOR_TRANSLUCENT",
            "type": "NORMAL",
            "displayXPadding": 0,
            "displayYPadding": 0,
            "displayColorCjk": "FF9900",
            "displayColor": "FF9900",
            "displayMaxLineHeight": 1.5,
            "displayCjkSizeRatio": 2,
            "displayOptions": [],
            "displayPadZeros": 0,
            "displayType": "DESTINATION",
            "displayDefaultText": "Not In Service",
            "doorXMultiplier": 0,
            "doorZMultiplier": 0,
            "doorAnimationType": "STANDARD",
            "renderFromOpeningDoorTime": 0,
            "renderUntilOpeningDoorTime": 0,
            "renderFromClosingDoorTime": 0,
            "renderUntilClosingDoorTime": 0,
            "flashOffTime": 0,
            "flashOnTime": 0
        }
    ],
    "modelYOffset": 1,
    "gangwayInnerSideResource": "mtr:e235/r103_connector_side.png",
    "gangwayInnerTopResource": "mtr:e235/r103_connector_roof.png",
    "gangwayInnerBottomResource": "mtr:e235/r103_connector_floor.png",
    "gangwayOuterSideResource": "mtr:e235/r103_connector_exterior.png",
    "gangwayOuterTopResource": "mtr:e235/r103_connector_exterior.png",
    "gangwayOuterBottomResource": "mtr:e235/r103_connector_exterior.png",
    "gangwayWidth": 1.1,
    "gangwayHeight": 2.1,
    "gangwayYOffset": 1,
    "gangwayZOffset": 0.5,
    "barrierInnerSideResource": "",
    "barrierInnerTopResource": "",
    "barrierInnerBottomResource": "",
    "barrierOuterSideResource": "",
    "barrierOuterTopResource": "",
    "barrierOuterBottomResource": "",
    "barrierWidth": 2.25,
    "barrierHeight": 1,
    "barrierYOffset": 1.25,
    "barrierZOffset": 0.25
}