{"vehicles":[{"id":"toyono_cl_white","name":"Toyono CL (White)","color":"FFFFFF","transportMode":"TRAIN","length":4.0,"width":2.0,"bogie1Position":-1.2,"bogie2Position":1.2,"couplingPadding1":0.0,"couplingPadding2":0.0,"description":"Based on Toyota Corolla.","wikipediaArticle":"Toyota_Corolla_(E80)","tags":[],"models":[{"modelResource":"mtr:toyonocl.bbmodel","textureResource":"mtr:cl-white.png","modelPropertiesResource":"mtr:properties_56a5bb1e.json","positionDefinitionsResource":"mtr:definition_f083fce8.json","flipTextureV":true},{"modelResource":"mtr:cl-antenna.bbmodel","textureResource":"mtr:cl-ant.png","modelPropertiesResource":"mtr:properties_20d1fea2.json","positionDefinitionsResource":"mtr:definition_26a64501.json","flipTextureV":true}],"bogie1Models":[],"bogie2Models":[],"hasGangway1":false,"hasGangway2":false,"hasBarrier1":false,"hasBarrier2":false,"legacyRiderOffset":0.0,"bveSoundBaseResource":"toyono-i4","legacySpeedSoundBaseResource":"","legacySpeedSoundCount":1,"legacyUseAccelerationSoundsWhenCoasting":false,"legacyConstantPlaybackSpeed":false,"legacyDoorSoundBaseResource":"","legacyDoorCloseSoundTime":0.0},{"id":"toyono_cl_silver","name":"Toyono CL (Silver)","color":"9E9E9E","transportMode":"TRAIN","length":4.0,"width":2.0,"bogie1Position":-1.2,"bogie2Position":1.2,"couplingPadding1":0.0,"couplingPadding2":0.0,"description":"Based on Toyota Corolla.","wikipediaArticle":"Toyota_Corolla_(E80)","tags":[],"models":[{"modelResource":"mtr:toyonocl.bbmodel","textureResource":"mtr:cl-silver.png","modelPropertiesResource":"mtr:properties_1d5f4440.json","positionDefinitionsResource":"mtr:definition_991d2bc5.json","flipTextureV":true},{"modelResource":"mtr:cl-antenna.bbmodel","textureResource":"mtr:cl-ant.png","modelPropertiesResource":"mtr:properties_b65d6aa6.json","positionDefinitionsResource":"mtr:definition_ba710ac1.json","flipTextureV":true}],"bogie1Models":[],"bogie2Models":[],"hasGangway1":false,"hasGangway2":false,"hasBarrier1":false,"hasBarrier2":false,"legacyRiderOffset":0.0,"bveSoundBaseResource":"toyono-i4","legacySpeedSoundBaseResource":"","legacySpeedSoundCount":1,"legacyUseAccelerationSoundsWhenCoasting":false,"legacyConstantPlaybackSpeed":false,"legacyDoorSoundBaseResource":"","legacyDoorCloseSoundTime":0.0},{"id":"toyono_cl_black","name":"Toyono CL (Black)","color":"000000","transportMode":"TRAIN","length":4.0,"width":2.0,"bogie1Position":-1.2,"bogie2Position":1.2,"couplingPadding1":0.0,"couplingPadding2":0.0,"description":"Based on Toyota Corolla.","wikipediaArticle":"Toyota_Corolla_(E80)","tags":[],"models":[{"modelResource":"mtr:toyonocl.bbmodel","textureResource":"mtr:cl-black.png","modelPropertiesResource":"mtr:properties_16f216de.json","positionDefinitionsResource":"mtr:definition_b3878737.json","flipTextureV":true},{"modelResource":"mtr:cl-antenna.bbmodel","textureResource":"mtr:cl-ant.png","modelPropertiesResource":"mtr:properties_c5ffe7bd.json","positionDefinitionsResource":"mtr:definition_785a58b0.json","flipTextureV":true}],"bogie1Models":[],"bogie2Models":[],"hasGangway1":false,"hasGangway2":false,"hasBarrier1":false,"hasBarrier2":false,"legacyRiderOffset":0.0,"bveSoundBaseResource":"toyono-i4","legacySpeedSoundBaseResource":"","legacySpeedSoundCount":1,"legacyUseAccelerationSoundsWhenCoasting":false,"legacyConstantPlaybackSpeed":false,"legacyDoorSoundBaseResource":"","legacyDoorCloseSoundTime":0.0},{"id":"toyono_cl_red","name":"Toyono CL (Red)","color":"FF0000","transportMode":"TRAIN","length":4.0,"width":2.0,"bogie1Position":-1.2,"bogie2Position":1.2,"couplingPadding1":0.0,"couplingPadding2":0.0,"description":"Based on Toyota Corolla.","wikipediaArticle":"Toyota_Corolla_(E80)","tags":[],"models":[{"modelResource":"mtr:toyonocl.bbmodel","textureResource":"mtr:cl-red.png","modelPropertiesResource":"mtr:properties_1205fdd0.json","positionDefinitionsResource":"mtr:definition_36973df8.json","flipTextureV":true},{"modelResource":"mtr:cl-antenna.bbmodel","textureResource":"mtr:cl-ant.png","modelPropertiesResource":"mtr:properties_c0ba3ca7.json","positionDefinitionsResource":"mtr:definition_94501194.json","flipTextureV":true}],"bogie1Models":[],"bogie2Models":[],"hasGangway1":false,"hasGangway2":false,"hasBarrier1":false,"hasBarrier2":false,"legacyRiderOffset":0.0,"bveSoundBaseResource":"toyono-i4","legacySpeedSoundBaseResource":"","legacySpeedSoundCount":1,"legacyUseAccelerationSoundsWhenCoasting":false,"legacyConstantPlaybackSpeed":false,"legacyDoorSoundBaseResource":"","legacyDoorCloseSoundTime":0.0},{"id":"toyono_cl_brown","name":"Toyono CL (Brown)","color":"753500","transportMode":"TRAIN","length":4.0,"width":2.0,"bogie1Position":-1.2,"bogie2Position":1.2,"couplingPadding1":0.0,"couplingPadding2":0.0,"description":"Based on Toyota Corolla.","wikipediaArticle":"Toyota_Corolla_(E80)","tags":[],"models":[{"modelResource":"mtr:toyonocl.bbmodel","textureResource":"mtr:cl-brown.png","modelPropertiesResource":"mtr:properties_5b1de4ed.json","positionDefinitionsResource":"mtr:definition_c5e9e9f.json","flipTextureV":true},{"modelResource":"mtr:cl-antenna.bbmodel","textureResource":"mtr:cl-ant.png","modelPropertiesResource":"mtr:properties_e96e4d9b.json","positionDefinitionsResource":"mtr:definition_3fda6878.json","flipTextureV":true}],"bogie1Models":[],"bogie2Models":[],"hasGangway1":false,"hasGangway2":false,"hasBarrier1":false,"hasBarrier2":false,"legacyRiderOffset":0.0,"bveSoundBaseResource":"toyono-i4","legacySpeedSoundBaseResource":"","legacySpeedSoundCount":1,"legacyUseAccelerationSoundsWhenCoasting":false,"legacyConstantPlaybackSpeed":false,"legacyDoorSoundBaseResource":"","legacyDoorCloseSoundTime":0.0},{"id":"toyono_cl_teal","name":"Toyono CL (Teal)","color":"00EEFF","transportMode":"TRAIN","length":4.0,"width":2.0,"bogie1Position":-1.2,"bogie2Position":1.2,"couplingPadding1":0.0,"couplingPadding2":0.0,"description":"Based on Toyota Corolla.","wikipediaArticle":"Toyota_Corolla_(E80)","tags":[],"models":[{"modelResource":"mtr:toyonocl.bbmodel","textureResource":"mtr:cl-teal.png","modelPropertiesResource":"mtr:properties_be0722be.json","positionDefinitionsResource":"mtr:definition_37b572b2.json","flipTextureV":true},{"modelResource":"mtr:cl-antenna.bbmodel","textureResource":"mtr:cl-ant.png","modelPropertiesResource":"mtr:properties_9cfdb8d6.json","positionDefinitionsResource":"mtr:definition_1f7f2f4c.json","flipTextureV":true}],"bogie1Models":[],"bogie2Models":[],"hasGangway1":false,"hasGangway2":false,"hasBarrier1":false,"hasBarrier2":false,"legacyRiderOffset":0.0,"bveSoundBaseResource":"toyono-i4","legacySpeedSoundBaseResource":"","legacySpeedSoundCount":1,"legacyUseAccelerationSoundsWhenCoasting":false,"legacyConstantPlaybackSpeed":false,"legacyDoorSoundBaseResource":"","legacyDoorCloseSoundTime":0.0},{"id":"toyono_cl_blue","name":"Toyono CL (Blue)","color":"0400FF","transportMode":"TRAIN","length":4.0,"width":2.0,"bogie1Position":-1.2,"bogie2Position":1.2,"couplingPadding1":0.0,"couplingPadding2":0.0,"description":"Based on Toyota Corolla.","wikipediaArticle":"Toyota_Corolla_(E80)","tags":[],"models":[{"modelResource":"mtr:toyonocl.bbmodel","textureResource":"mtr:cl-blue.png","modelPropertiesResource":"mtr:properties_d0c2cd62.json","positionDefinitionsResource":"mtr:definition_60105217.json","flipTextureV":true},{"modelResource":"mtr:cl-antenna.bbmodel","textureResource":"mtr:cl-ant.png","modelPropertiesResource":"mtr:properties_733e9836.json","positionDefinitionsResource":"mtr:definition_6f47f79c.json","flipTextureV":true}],"bogie1Models":[],"bogie2Models":[],"hasGangway1":false,"hasGangway2":false,"hasBarrier1":false,"hasBarrier2":false,"legacyRiderOffset":0.0,"bveSoundBaseResource":"toyono-i4","legacySpeedSoundBaseResource":"","legacySpeedSoundCount":1,"legacyUseAccelerationSoundsWhenCoasting":false,"legacyConstantPlaybackSpeed":false,"legacyDoorSoundBaseResource":"","legacyDoorCloseSoundTime":0.0},{"id":"toyono_cl_dark_blue","name":"Toyono CL (Dark Blue)","color":"02008F","transportMode":"TRAIN","length":4.0,"width":2.0,"bogie1Position":-1.2,"bogie2Position":1.2,"couplingPadding1":0.0,"couplingPadding2":0.0,"description":"Based on Toyota Corolla.","wikipediaArticle":"Toyota_Corolla_(E80)","tags":[],"models":[{"modelResource":"mtr:toyonocl.bbmodel","textureResource":"mtr:cl-dark-blue.png","modelPropertiesResource":"mtr:properties_ca7eaee7.json","positionDefinitionsResource":"mtr:definition_477062e3.json","flipTextureV":true},{"modelResource":"mtr:cl-antenna.bbmodel","textureResource":"mtr:cl-ant.png","modelPropertiesResource":"mtr:properties_e77e2754.json","positionDefinitionsResource":"mtr:definition_cd1d8b70.json","flipTextureV":true}],"bogie1Models":[],"bogie2Models":[],"hasGangway1":false,"hasGangway2":false,"hasBarrier1":false,"hasBarrier2":false,"legacyRiderOffset":0.0,"bveSoundBaseResource":"toyono-i4","legacySpeedSoundBaseResource":"","legacySpeedSoundCount":1,"legacyUseAccelerationSoundsWhenCoasting":false,"legacyConstantPlaybackSpeed":false,"legacyDoorSoundBaseResource":"","legacyDoorCloseSoundTime":0.0}],"signs":[],"rails":[],"objects":[],"lifts":[]}