{
	"pids_images": [
		{
			"id": "legible_prague_tram",
			"name": "Prague Legible Tram",
			"background": "jsblock:custom_directory/black.png",
			"scriptFiles": ["jsblock:scripts/legible_prague_tram.js"]
		},
		{
			"id": "legible_prague_tram_nodate",
			"name": "Prague Legible Tram [No Date]",
			"background": "jsblock:custom_directory/black.png",
			"scriptFiles": ["jsblock:scripts/legible_prague_tram_nodate.js"]
		},
		{
			"id": "legible_prague_tram_simple",
			"name": "Prague Legible Tram [Simple]",
			"background": "jsblock:custom_directory/black.png",
			"scriptFiles": ["jsblock:scripts/legible_prague_tram_simple.js"]
		},
		{
			"id": "legible_prague_tram_simple_min",
			"name": "Prague Legible Tram [Simple with min]",
			"background": "jsblock:custom_directory/black.png",
			"scriptFiles": ["jsblock:scripts/legible_prague_tram_simple_min.js"]
		},
				{
			"id": "legible_prague_tram_cz",
			"name": "Prague Legible Tram [CZ]",
			"background": "jsblock:custom_directory/black.png",
			"scriptFiles": ["jsblock:scripts/legible_prague_tram_cz.js"]
		}
	]
}
