{
	"custom_signs": {
		"jr_company_logo_black": {"texture_id": "ivr:sign/jp/jr_logo_black.png"},
		"jr_company_logo_white": {"texture_id": "ivr:sign/jp/jr_logo_white.png"},
		"jr_company_logo_central": {"texture_id": "ivr:sign/jp/jr_logo_central.png"},
		"jr_company_logo_east": {"texture_id": "ivr:sign/jp/jr_logo_east.png"},
		"jr_company_logo_west": {"texture_id": "ivr:sign/jp/jr_logo_west.png"},
		"jr_company_logo_hokkaido": {"texture_id": "ivr:sign/jp/jr_logo_hokkaido.png"},
		"jr_company_logo_kyushu": {"texture_id": "ivr:sign/jp/jr_logo_kyushu.png"},
		"jr_company_logo_shikoku": {"texture_id": "ivr:sign/jp/jr_logo_shikoku.png"},
		"jr_company_logo_info_systems": {"texture_id": "ivr:sign/jp/jr_logo_info_systems.png"},
		"jr_east_lines": {"texture_id": "ivr:sign/jp/jr_lines.png"},
		"jr_east_line_symbol_ja": {"texture_id": "ivr:sign/jp/jr_ja.png"},
		"jr_east_line_symbol_jb": {"texture_id": "ivr:sign/jp/jr_jb.png"},
		"jr_east_line_symbol_jc": {"texture_id": "ivr:sign/jp/jr_jc.png"},
		"jr_east_line_symbol_je": {"texture_id": "ivr:sign/jp/jr_je.png"},
		"jr_east_line_symbol_jh": {"texture_id": "ivr:sign/jp/jr_jh.png"},
		"jr_east_line_symbol_ji": {"texture_id": "ivr:sign/jp/jr_ji.png"},
		"jr_east_line_symbol_jj": {"texture_id": "ivr:sign/jp/jr_jj.png"},
		"jr_east_line_symbol_jk": {"texture_id": "ivr:sign/jp/jr_jk.png"},
		"jr_east_line_symbol_jl": {"texture_id": "ivr:sign/jp/jr_jl.png"},
		"jr_east_line_symbol_jm": {"texture_id": "ivr:sign/jp/jr_jm.png"},
		"jr_east_line_symbol_jn": {"texture_id": "ivr:sign/jp/jr_jn.png"},
		"jr_east_line_symbol_jo": {"texture_id": "ivr:sign/jp/jr_jo.png"},
		"jr_east_line_symbol_js": {"texture_id": "ivr:sign/jp/jr_js.png"},
		"jr_east_line_symbol_jt": {"texture_id": "ivr:sign/jp/jr_jt.png"},
		"jr_east_line_symbol_ju": {"texture_id": "ivr:sign/jp/jr_ju.png"},
		"jr_east_line_symbol_jy": {"texture_id": "ivr:sign/jp/jr_jy.png"},
		"jr_east_line_symbol_mo": {"texture_id": "ivr:sign/jp/jr_mo.png"},
		"jr_east_lines_to_jr_lines": {"texture_id": "ivr:sign/jp/jr_lines.png","custom_text": "JR線|JR Lines"},
		"jr_east_line_symbol_ja_saikyo_line": {"texture_id": "ivr:sign/jp/jr_ja.png","custom_text": "埼京線|Saikyō Line"},
		"jr_east_line_symbol_jb_chuo_sobu_line_local": {"texture_id": "ivr:sign/jp/jr_jb.png","custom_text": "中央・総武線（各駅停車）|Chūō-Sōbu Line (Local)"},
		"jr_east_line_symbol_jc_chuo_line_rapid": {"texture_id": "ivr:sign/jp/jr_jc.png","custom_text": "中央線（快速）|Chūō Line (Rapid)"},
		"jr_east_line_symbol_jc_chuo_line": {"texture_id": "ivr:sign/jp/jr_jc.png","custom_text": "中央線|Chūō Line"},
		"jr_east_line_symbol_jc_itsukaichi_line": {"texture_id": "ivr:sign/jp/jr_jc.png","custom_text": "五日市線|Itsukaichi Line"},
		"jr_east_line_symbol_jc_ome_line": {"texture_id": "ivr:sign/jp/jr_jc.png","custom_text": "青梅線|Ōme Line"},
		"jr_east_line_symbol_je_keiyo_line": {"texture_id": "ivr:sign/jp/jr_je.png","custom_text": "京葉線|Keiyō Line"},
		"jr_east_line_symbol_jh_yokohama_line": {"texture_id": "ivr:sign/jp/jr_jh.png","custom_text": "横浜線|Yokohama Line"},
		"jr_east_line_symbol_ji_tsurumi_line": {"texture_id": "ivr:sign/jp/jr_ji.png","custom_text": "鶴見線|Tsurumi Line"},
		"jr_east_line_symbol_jj_joban_line_rapid": {"texture_id": "ivr:sign/jp/jr_jj.png","custom_text": "常磐線（快速）|Jōban Line (Rapid)"},
		"jr_east_line_symbol_jk_keihin_tohoku_line": {"texture_id": "ivr:sign/jp/jr_jk.png","custom_text": "京浜東北線|Keihin–Tōhoku Line"},
		"jr_east_line_symbol_jk_keihin_tohoku_negishi_line": {"texture_id": "ivr:sign/jp/jr_jk.png","custom_text": "京浜東北・根岸線|Keihin–Tōhoku Negishi Line"},
		"jr_east_line_symbol_jk_negishi_line": {"texture_id": "ivr:sign/jp/jr_jk.png","custom_text": "根岸線|Negishi Line"},
		"jr_east_line_symbol_jl_joban_line_local": {"texture_id": "ivr:sign/jp/jr_jl.png","custom_text": "常磐線（各駅停車）|Jōban Line (Local)"},
		"jr_east_line_symbol_jm_musashino_line": {"texture_id": "ivr:sign/jp/jr_jm.png","custom_text": "武蔵野線|Musashino Line"},
		"jr_east_line_symbol_jn_nambu_line": {"texture_id": "ivr:sign/jp/jr_jn.png","custom_text": "南武線|Nambu Line"},
		"jr_east_line_symbol_jo_yokosuka_line": {"texture_id": "ivr:sign/jp/jr_jo.png","custom_text": "横須賀線|Yokosuka Line"},
		"jr_east_line_symbol_jo_yokosuka_joban_line_rapid": {"texture_id": "ivr:sign/jp/jr_jo.png","custom_text": "横須賀・総武線（快速）|Yokosuka·Jōban Line (Rapid)"},
		"jr_east_line_symbol_jo_yokosuka_joban_line": {"texture_id": "ivr:sign/jp/jr_jo.png","custom_text": "横須賀・総武線|Yokosuka·Jōban Line"},
		"jr_east_line_symbol_jo_sobu_line_rapid": {"texture_id": "ivr:sign/jp/jr_jo.png","custom_text": "総武線（快速）|Sōbu Line (Rapid)"},
		"jr_east_line_symbol_js_shonan_shinjuku_line": {"texture_id": "ivr:sign/jp/jr_js.png","custom_text": "湘南新宿ライン|Shōnan–Shinjuku Line"},
		"jr_east_line_symbol_jt_tokaido_line": {"texture_id": "ivr:sign/jp/jr_jt.png","custom_text": "東海道線|Tōkaidō Line"},
		"jr_east_line_symbol_jt_ito_Line": {"texture_id": "ivr:sign/jp/jr_jt.png","custom_text": "伊東線|Itō Line"},
		"jr_east_line_symbol_ju_ueno_tokyo_line": {"texture_id": "ivr:sign/jp/jr_ju.png","custom_text": "上野東京ライン|Ueno–Tōkyō Line"},
		"jr_east_line_symbol_ju_utsunomiya_line": {"texture_id": "ivr:sign/jp/jr_ju.png","custom_text": "宇都宮線|Utsunomiya Line"},
		"jr_east_line_symbol_ju_takasaki_line": {"texture_id": "ivr:sign/jp/jr_ju.png","custom_text": "高崎線|Takasaki Line"},
		"jr_east_line_symbol_jy_yamanote_line": {"texture_id": "ivr:sign/jp/jr_jy.png","custom_text": "山手線|Yamanote Line"},
		"jr_east_line_symbol_mo_monorail": {"texture_id": "ivr:sign/jp/jr_mo.png","custom_text": "モノレール|Monorail"},
		"jr_east_lines_to_jr_lines_flipped": {"texture_id": "ivr:sign/jp/jr_lines.png","custom_text": "JR線|JR Lines","flip_custom_text": true},
		"jr_east_line_symbol_ja_saikyo_line_flipped": {"texture_id": "ivr:sign/jp/jr_ja.png","custom_text": "埼京線|Saikyō Line","flip_custom_text": true},
		"jr_east_line_symbol_jb_chuo_sobu_line_local_flipped": {"texture_id": "ivr:sign/jp/jr_jb.png","custom_text": "中央・総武線（各駅停車）|Chūō-Sōbu Line (Local)","flip_custom_text": true},
		"jr_east_line_symbol_jc_chuo_line_rapid_flipped": {"texture_id": "ivr:sign/jp/jr_jc.png","custom_text": "中央線（快速）|Chūō Line (Rapid)","flip_custom_text": true},
		"jr_east_line_symbol_jc_chuo_line_flipped": {"texture_id": "ivr:sign/jp/jr_jc.png","custom_text": "中央線|Chūō Line","flip_custom_text": true},
		"jr_east_line_symbol_jc_itsukaichi_line_flipped": {"texture_id": "ivr:sign/jp/jr_jc.png","custom_text": "五日市線|Itsukaichi Line","flip_custom_text": true},
		"jr_east_line_symbol_jc_ome_line_flipped": {"texture_id": "ivr:sign/jp/jr_jc.png","custom_text": "青梅線|Ōme Line","flip_custom_text": true},
		"jr_east_line_symbol_je_keiyo_line_flipped": {"texture_id": "ivr:sign/jp/jr_je.png","custom_text": "京葉線|Keiyō Line","flip_custom_text": true},
		"jr_east_line_symbol_jh_yokohama_line_flipped": {"texture_id": "ivr:sign/jp/jr_jh.png","custom_text": "横浜線|Yokohama Line","flip_custom_text": true},
		"jr_east_line_symbol_ji_tsurumi_line_flipped": {"texture_id": "ivr:sign/jp/jr_ji.png","custom_text": "鶴見線|Tsurumi Line","flip_custom_text": true},
		"jr_east_line_symbol_jj_joban_line_rapid_flipped": {"texture_id": "ivr:sign/jp/jr_jj.png","custom_text": "常磐線（快速）|Jōban Line (Rapid)","flip_custom_text": true},
		"jr_east_line_symbol_jk_keihin_tohoku_line_flipped": {"texture_id": "ivr:sign/jp/jr_jk.png","custom_text": "京浜東北線|Keihin–Tōhoku Line","flip_custom_text": true},
		"jr_east_line_symbol_jk_keihin_tohoku_negishi_line_flipped": {"texture_id": "ivr:sign/jp/jr_jk.png","custom_text": "京浜東北・根岸線|Keihin–Tōhoku Negishi Line","flip_custom_text": true},
		"jr_east_line_symbol_jk_negishi_line_flipped": {"texture_id": "ivr:sign/jp/jr_jk.png","custom_text": "根岸線|Negishi Line","flip_custom_text": true},
		"jr_east_line_symbol_jl_joban_line_local_flipped": {"texture_id": "ivr:sign/jp/jr_jl.png","custom_text": "常磐線（各駅停車）|Jōban Line (Local)","flip_custom_text": true},
		"jr_east_line_symbol_jm_musashino_line_flipped": {"texture_id": "ivr:sign/jp/jr_jm.png","custom_text": "武蔵野線|Musashino Line","flip_custom_text": true},
		"jr_east_line_symbol_jn_nambu_line_flipped": {"texture_id": "ivr:sign/jp/jr_jn.png","custom_text": "南武線|Nambu Line","flip_custom_text": true},
		"jr_east_line_symbol_jo_yokosuka_line_flipped": {"texture_id": "ivr:sign/jp/jr_jo.png","custom_text": "横須賀線|Yokosuka Line","flip_custom_text": true},
		"jr_east_line_symbol_jo_yokosuka_joban_line_rapid_flipped": {"texture_id": "ivr:sign/jp/jr_jo.png","custom_text": "横須賀・総武線（快速）|Yokosuka·Jōban Line (Rapid)","flip_custom_text": true},
		"jr_east_line_symbol_jo_yokosuka_joban_line_flipped": {"texture_id": "ivr:sign/jp/jr_jo.png","custom_text": "横須賀・総武線|Yokosuka·Jōban Line","flip_custom_text": true},
		"jr_east_line_symbol_jo_sobu_line_rapid_flipped": {"texture_id": "ivr:sign/jp/jr_jo.png","custom_text": "総武線（快速）|Sōbu Line (Rapid)","flip_custom_text": true},
		"jr_east_line_symbol_js_shonan_shinjuku_line_flipped": {"texture_id": "ivr:sign/jp/jr_js.png","custom_text": "湘南新宿ライン|Shōnan–Shinjuku Line","flip_custom_text": true},
		"jr_east_line_symbol_jt_tokaido_line_flipped": {"texture_id": "ivr:sign/jp/jr_jt.png","custom_text": "東海道線|Tōkaidō Line","flip_custom_text": true},
		"jr_east_line_symbol_jt_ito_Line_flipped": {"texture_id": "ivr:sign/jp/jr_jt.png","custom_text": "伊東線|Itō Line","flip_custom_text": true},
		"jr_east_line_symbol_ju_ueno_tokyo_line_flipped": {"texture_id": "ivr:sign/jp/jr_ju.png","custom_text": "上野東京ライン|Ueno–Tōkyō Line","flip_custom_text": true},
		"jr_east_line_symbol_ju_utsunomiya_line_flipped": {"texture_id": "ivr:sign/jp/jr_ju.png","custom_text": "宇都宮線|Utsunomiya Line","flip_custom_text": true},
		"jr_east_line_symbol_ju_takasaki_line_flipped": {"texture_id": "ivr:sign/jp/jr_ju.png","custom_text": "高崎線|Takasaki Line","flip_custom_text": true},
		"jr_east_line_symbol_jy_yamanote_line_flipped": {"texture_id": "ivr:sign/jp/jr_jy.png","custom_text": "山手線|Yamanote Line","flip_custom_text": true},
		"jr_east_line_symbol_mo_monorail_flipped": {"texture_id": "ivr:sign/jp/jr_mo.png","custom_text": "モノレール|Monorail","flip_custom_text": true},
		"tokyo_metro_company_logo": {"texture_id": "ivr:sign/jp/tm_logo.png"},
		"toei_subway_company_logo": {"texture_id": "ivr:sign/jp/ts_logo.png"},
		"toei_subway_line_symbol_a": {"texture_id": "ivr:sign/jp/tm_a.png"},
		"toei_subway_line_symbol_e": {"texture_id": "ivr:sign/jp/tm_e.png"},
		"toei_subway_line_symbol_i": {"texture_id": "ivr:sign/jp/tm_i.png"},
		"toei_subway_line_symbol_s": {"texture_id": "ivr:sign/jp/tm_s.png"},
		"tokyo_metro_line_symbol_c": {"texture_id": "ivr:sign/jp/tm_c.png"},
		"tokyo_metro_line_symbol_f": {"texture_id": "ivr:sign/jp/tm_f.png"},
		"tokyo_metro_line_symbol_g": {"texture_id": "ivr:sign/jp/tm_g.png"},
		"tokyo_metro_line_symbol_h": {"texture_id": "ivr:sign/jp/tm_h.png"},
		"tokyo_metro_line_symbol_m": {"texture_id": "ivr:sign/jp/tm_m.png"},
		"tokyo_metro_line_symbol_n": {"texture_id": "ivr:sign/jp/tm_n.png"},
		"tokyo_metro_line_symbol_t": {"texture_id": "ivr:sign/jp/tm_t.png"},
		"tokyo_metro_line_symbol_y": {"texture_id": "ivr:sign/jp/tm_y.png"},
		"tokyo_metro_line_symbol_z": {"texture_id": "ivr:sign/jp/tm_z.png"},
		"toei_subway_line_symbol_a_asakusa_line": {"texture_id": "ivr:sign/jp/tm_a.png","custom_text": "都営浅草線|Asakusa Line"},
		"toei_subway_line_symbol_e_oedo_line": {"texture_id": "ivr:sign/jp/tm_e.png","custom_text": "都営大江戸線|Ōedo Line"},
		"toei_subway_line_symbol_i_mita_line": {"texture_id": "ivr:sign/jp/tm_i.png","custom_text": "都営三田線|Mita Line"},
		"toei_subway_line_symbol_s_shinjuku_line": {"texture_id": "ivr:sign/jp/tm_s.png","custom_text": "都営新宿線|Shinjuku Line"},
		"tokyo_metro_line_symbol_c_chiyoda_line": {"texture_id": "ivr:sign/jp/tm_c.png","custom_text": "千代田線|Chiyoda Line"},
		"tokyo_metro_line_symbol_f_fukutoshin_line": {"texture_id": "ivr:sign/jp/tm_f.png","custom_text": "副都心線|Fukutoshin Line"},
		"tokyo_metro_line_symbol_g_ginza_line": {"texture_id": "ivr:sign/jp/tm_g.png","custom_text": "銀座線|Ginza Line"},
		"tokyo_metro_line_symbol_h_hibiya_line": {"texture_id": "ivr:sign/jp/tm_h.png","custom_text": "日比谷線|Hibiya Line"},
		"tokyo_metro_line_symbol_m_marunouchi_line": {"texture_id": "ivr:sign/jp/tm_m.png","custom_text": "丸ノ内線|Marunouchi Line"},
		"tokyo_metro_line_symbol_n_namboku_line": {"texture_id": "ivr:sign/jp/tm_n.png","custom_text": "南北線|Namboku Line"},
		"tokyo_metro_line_symbol_t_tozai_line": {"texture_id": "ivr:sign/jp/tm_t.png","custom_text": "東西線|Tōzai Line"},
		"tokyo_metro_line_symbol_y_yurakucho_line": {"texture_id": "ivr:sign/jp/tm_y.png","custom_text": "有楽町線|Yūrakuchō Line"},
		"tokyo_metro_line_symbol_z_hanzomon_line": {"texture_id": "ivr:sign/jp/tm_z.png","custom_text": "半蔵門線|Hanzōmon Line"},
		"toei_subway_line_symbol_a_asakusa_line_flipped": {"texture_id": "ivr:sign/jp/tm_a.png","custom_text": "都営浅草線|Asakusa Line","flip_custom_text": true},
		"toei_subway_line_symbol_e_oedo_line_flipped": {"texture_id": "ivr:sign/jp/tm_e.png","custom_text": "都営大江戸線|Ōedo Line","flip_custom_text": true},
		"toei_subway_line_symbol_i_mita_line_flipped": {"texture_id": "ivr:sign/jp/tm_i.png","custom_text": "都営三田線|Mita Line","flip_custom_text": true},
		"toei_subway_line_symbol_s_shinjuku_line_flipped": {"texture_id": "ivr:sign/jp/tm_s.png","custom_text": "都営新宿線|Shinjuku Line","flip_custom_text": true},
		"tokyo_metro_line_symbol_c_chiyoda_line_flipped": {"texture_id": "ivr:sign/jp/tm_c.png","custom_text": "千代田線|Chiyoda Line","flip_custom_text": true},
		"tokyo_metro_line_symbol_f_fukutoshin_line_flipped": {"texture_id": "ivr:sign/jp/tm_f.png","custom_text": "副都心線|Fukutoshin Line","flip_custom_text": true},
		"tokyo_metro_line_symbol_g_ginza_line_flipped": {"texture_id": "ivr:sign/jp/tm_g.png","custom_text": "銀座線|Ginza Line","flip_custom_text": true},
		"tokyo_metro_line_symbol_h_hibiya_line_flipped": {"texture_id": "ivr:sign/jp/tm_h.png","custom_text": "日比谷線|Hibiya Line","flip_custom_text": true},
		"tokyo_metro_line_symbol_m_marunouchi_line_flipped": {"texture_id": "ivr:sign/jp/tm_m.png","custom_text": "丸ノ内線|Marunouchi Line","flip_custom_text": true},
		"tokyo_metro_line_symbol_n_namboku_line_flipped": {"texture_id": "ivr:sign/jp/tm_n.png","custom_text": "南北線|Namboku Line","flip_custom_text": true},
		"tokyo_metro_line_symbol_t_tozai_line_flipped": {"texture_id": "ivr:sign/jp/tm_t.png","custom_text": "東西線|Tōzai Line","flip_custom_text": true},
		"tokyo_metro_line_symbol_y_yurakucho_line_flipped": {"texture_id": "ivr:sign/jp/tm_y.png","custom_text": "有楽町線|Yūrakuchō Line","flip_custom_text": true},
		"tokyo_metro_line_symbol_z_hanzomon_line_flipped": {"texture_id": "ivr:sign/jp/tm_z.png","custom_text": "半蔵門線|Hanzōmon Line","flip_custom_text": true},
		"tsukuba_express_company_logo": {"texture_id": "ivr:sign/jp/tx.png"},
		"tokyu_company_logo": {"texture_id": "ivr:sign/jp/tokyu_logo.png"},
		"tokyu_railway_line_symbol_ty": {"texture_id": "ivr:sign/jp/tk_ty.png"},
		"tokyu_railway_line_symbol_mg": {"texture_id": "ivr:sign/jp/tk_mg.png"},
		"tokyu_railway_line_symbol_sh": {"texture_id": "ivr:sign/jp/tk_sh.png"},
		"tokyu_railway_line_symbol_dt": {"texture_id": "ivr:sign/jp/tk_dt.png"},
		"tokyu_railway_line_symbol_om": {"texture_id": "ivr:sign/jp/tk_om.png"},
		"tokyu_railway_line_symbol_ik": {"texture_id": "ivr:sign/jp/tk_ik.png"},
		"tokyu_railway_line_symbol_tm": {"texture_id": "ivr:sign/jp/tk_tm.png"},
		"tokyu_railway_line_symbol_kd": {"texture_id": "ivr:sign/jp/tk_kd.png"},
		"tokyu_railway_line_symbol_sg": {"texture_id": "ivr:sign/jp/tk_sg.png"},
		"ykt_line_symbol_mm": {"texture_id": "ivr:sign/jp/tk_mm.png"},
		"tokyu_railway_line_symbol_ty_toyoko_line": {"texture_id": "ivr:sign/jp/tk_ty.png","custom_text": "東横線|Tōyoko Line"},
		"tokyu_railway_line_symbol_mg_meguro_line": {"texture_id": "ivr:sign/jp/tk_mg.png","custom_text": "目黒線|Meguro Line"},
		"tokyu_railway_line_symbol_sh_den_en_toshi_line": {"texture_id": "ivr:sign/jp/tk_sh.png","custom_text": "田園都市線|Den-en-toshi Line"},
		"tokyu_railway_line_symbol_dt_oimachi_line": {"texture_id": "ivr:sign/jp/tk_dt.png","custom_text": "大井町線|Ōimachi Line"},
		"tokyu_railway_line_symbol_om_ikegami_line": {"texture_id": "ivr:sign/jp/tk_om.png","custom_text": "池上線|Ikegami Line"},
		"tokyu_railway_line_symbol_ik_tokyu_tamagawa_line": {"texture_id": "ivr:sign/jp/tk_ik.png","custom_text": "東急多摩川線|Tōkyū Tamagawa Line"},
		"tokyu_railway_line_symbol_tm_tokyu_shin-yokohama_line": {"texture_id": "ivr:sign/jp/tk_tm.png","custom_text": "東急新横濱線|Tōkyū Shin-Yokohama Line"},
		"tokyu_railway_line_symbol_kd_kodomonokuni_line": {"texture_id": "ivr:sign/jp/tk_kd.png","custom_text": "こどもの国線|Kodomonokuni Line"},
		"tokyu_railway_line_symbol_sg_setagaya_line": {"texture_id": "ivr:sign/jp/tk_sg.png","custom_text": "世田谷線|Setagaya Line"},
		"ykt_line_symbol_mm_minatomirai_line": {"texture_id": "ivr:sign/jp/tk_mm.png","custom_text": "みなとみらい線|Minatomirai Line"},
		"tokyu_railway_line_symbol_ty_toyoko_line_flipped": {"texture_id": "ivr:sign/jp/tk_ty.png","custom_text": "東横線|Tōyoko Line","flip_custom_text": true},
		"tokyu_railway_line_symbol_mg_meguro_line_flipped": {"texture_id": "ivr:sign/jp/tk_mg.png","custom_text": "目黒線|Meguro Line","flip_custom_text": true},
		"tokyu_railway_line_symbol_sh_den_en_toshi_line_flipped": {"texture_id": "ivr:sign/jp/tk_sh.png","custom_text": "田園都市線|Den-en-toshi Line","flip_custom_text": true},
		"tokyu_railway_line_symbol_dt_oimachi_line_flipped": {"texture_id": "ivr:sign/jp/tk_dt.png","custom_text": "大井町線|Ōimachi Line","flip_custom_text": true},
		"tokyu_railway_line_symbol_om_ikegami_line_flipped": {"texture_id": "ivr:sign/jp/tk_om.png","custom_text": "池上線|Ikegami Line","flip_custom_text": true},
		"tokyu_railway_line_symbol_ik_tokyu_tamagawa_line_flipped": {"texture_id": "ivr:sign/jp/tk_ik.png","custom_text": "東急多摩川線|Tōkyū Tamagawa Line","flip_custom_text": true},
		"tokyu_railway_line_symbol_tm_tokyu_shin-yokohama_line_flipped": {"texture_id": "ivr:sign/jp/tk_tm.png","custom_text": "東急新横濱線|Tōkyū Shin-Yokohama Line","flip_custom_text": true},
		"tokyu_railway_line_symbol_kd_kodomonokuni_line_flipped": {"texture_id": "ivr:sign/jp/tk_kd.png","custom_text": "こどもの国線|Kodomonokuni Line","flip_custom_text": true},
		"tokyu_railway_line_symbol_sg_setagaya_line_flipped": {"texture_id": "ivr:sign/jp/tk_sg.png","custom_text": "世田谷線|Setagaya Line","flip_custom_text": true},
		"ykt_line_symbol_mm_minatomirai_line_flipped": {"texture_id": "ivr:sign/jp/tk_mm.png","custom_text": "みなとみらい線|Minatomirai Line","flip_custom_text": true},
		"yurikamome_line_symbol_u": {"texture_id": "ivr:sign/jp/yuri.png"},
		"yurikamome_line_symbol_u_yurikamome_line": {"texture_id": "ivr:sign/jp/yuri.png","custom_text": "ゆりかもめ|Yurikamome Line"},
		"yurikamome_line_symbol_u_yurikamome_line_flipped": {"texture_id": "ivr:sign/jp/yuri.png","custom_text": "ゆりかもめ|Yurikamome Line","flip_custom_text": true},
		"twr_rinkai_line_symbol_r": {"texture_id": "ivr:sign/jp/twr.png"},
		"twr_rinkai_line_symbol_r_rinkai_line": {"texture_id": "ivr:sign/jp/twr.png","custom_text": "りんかい線|Rinkai Line"},
		"twr_rinkai_line_symbol_r_rinkai_line_flipped": {"texture_id": "ivr:sign/jp/twr.png","custom_text": "りんかい線|Rinkai Line","flip_custom_text": true},
		"keikyu_line_symbol_kk": {"texture_id": "ivr:sign/jp/kk.png"},
		"keikyu_line_symbol_kk_keikyu_line": {"texture_id": "ivr:sign/jp/kk.png","custom_text": "京急線|Keikyū Line"},
		"keikyu_line_symbol_kk_keikyu_line_flipped": {"texture_id": "ivr:sign/jp/kk.png","custom_text": "京急線|Keikyū Line","flip_custom_text": true},
		"jr_company_logo_black_white_outline": {"texture_id": "ivr:sign/jp_white_outline/jr_logo_black.png"},
		"jr_company_logo_white_white_outline": {"texture_id": "ivr:sign/jp_white_outline/jr_logo_white.png"},
		"jr_company_logo_central_white_outline": {"texture_id": "ivr:sign/jp_white_outline/jr_logo_central.png"},
		"jr_company_logo_east_white_outline": {"texture_id": "ivr:sign/jp_white_outline/jr_logo_east.png"},
		"jr_company_logo_west_white_outline": {"texture_id": "ivr:sign/jp_white_outline/jr_logo_west.png"},
		"jr_company_logo_hokkaido_white_outline": {"texture_id": "ivr:sign/jp_white_outline/jr_logo_hokkaido.png"},
		"jr_company_logo_kyushu_white_outline": {"texture_id": "ivr:sign/jp_white_outline/jr_logo_kyushu.png"},
		"jr_company_logo_shikoku_white_outline": {"texture_id": "ivr:sign/jp_white_outline/jr_logo_shikoku.png"},
		"jr_company_logo_info_systems_white_outline": {"texture_id": "ivr:sign/jp_white_outline/jr_logo_info_systems.png"},
		"jr_east_lines_white_outline": {"texture_id": "ivr:sign/jp_white_outline/jr_lines.png"},
		"jr_east_line_symbol_ja_white_outline": {"texture_id": "ivr:sign/jp_white_outline/jr_ja.png"},
		"jr_east_line_symbol_jb_white_outline": {"texture_id": "ivr:sign/jp_white_outline/jr_jb.png"},
		"jr_east_line_symbol_jc_white_outline": {"texture_id": "ivr:sign/jp_white_outline/jr_jc.png"},
		"jr_east_line_symbol_je_white_outline": {"texture_id": "ivr:sign/jp_white_outline/jr_je.png"},
		"jr_east_line_symbol_jh_white_outline": {"texture_id": "ivr:sign/jp_white_outline/jr_jh.png"},
		"jr_east_line_symbol_ji_white_outline": {"texture_id": "ivr:sign/jp_white_outline/jr_ji.png"},
		"jr_east_line_symbol_jj_white_outline": {"texture_id": "ivr:sign/jp_white_outline/jr_jj.png"},
		"jr_east_line_symbol_jk_white_outline": {"texture_id": "ivr:sign/jp_white_outline/jr_jk.png"},
		"jr_east_line_symbol_jl_white_outline": {"texture_id": "ivr:sign/jp_white_outline/jr_jl.png"},
		"jr_east_line_symbol_jm_white_outline": {"texture_id": "ivr:sign/jp_white_outline/jr_jm.png"},
		"jr_east_line_symbol_jn_white_outline": {"texture_id": "ivr:sign/jp_white_outline/jr_jn.png"},
		"jr_east_line_symbol_jo_white_outline": {"texture_id": "ivr:sign/jp_white_outline/jr_jo.png"},
		"jr_east_line_symbol_js_white_outline": {"texture_id": "ivr:sign/jp_white_outline/jr_js.png"},
		"jr_east_line_symbol_jt_white_outline": {"texture_id": "ivr:sign/jp_white_outline/jr_jt.png"},
		"jr_east_line_symbol_ju_white_outline": {"texture_id": "ivr:sign/jp_white_outline/jr_ju.png"},
		"jr_east_line_symbol_jy_white_outline": {"texture_id": "ivr:sign/jp_white_outline/jr_jy.png"},
		"jr_east_line_symbol_mo_white_outline": {"texture_id": "ivr:sign/jp_white_outline/jr_mo.png"},
		"jr_east_lines_to_jr_lines_white_outline": {"texture_id": "ivr:sign/jp_white_outline/jr_lines.png","custom_text": "JR線|JR Lines"},
		"jr_east_line_symbol_ja_saikyo_line_white_outline": {"texture_id": "ivr:sign/jp_white_outline/jr_ja.png","custom_text": "埼京線|Saikyō Line"},
		"jr_east_line_symbol_jb_chuo_sobu_line_local_white_outline": {"texture_id": "ivr:sign/jp_white_outline/jr_jb.png","custom_text": "中央・総武線（各駅停車）|Chūō-Sōbu Line (Local)"},
		"jr_east_line_symbol_jc_chuo_line_rapid_white_outline": {"texture_id": "ivr:sign/jp_white_outline/jr_jc.png","custom_text": "中央線（快速）|Chūō Line (Rapid)"},
		"jr_east_line_symbol_jc_chuo_line_white_outline": {"texture_id": "ivr:sign/jp_white_outline/jr_jc.png","custom_text": "中央線|Chūō Line"},
		"jr_east_line_symbol_jc_itsukaichi_line_white_outline": {"texture_id": "ivr:sign/jp_white_outline/jr_jc.png","custom_text": "五日市線|Itsukaichi Line"},
		"jr_east_line_symbol_jc_ome_line_white_outline": {"texture_id": "ivr:sign/jp_white_outline/jr_jc.png","custom_text": "青梅線|Ōme Line"},
		"jr_east_line_symbol_je_keiyo_line_white_outline": {"texture_id": "ivr:sign/jp_white_outline/jr_je.png","custom_text": "京葉線|Keiyō Line"},
		"jr_east_line_symbol_jh_yokohama_line_white_outline": {"texture_id": "ivr:sign/jp_white_outline/jr_jh.png","custom_text": "横浜線|Yokohama Line"},
		"jr_east_line_symbol_ji_tsurumi_line_white_outline": {"texture_id": "ivr:sign/jp_white_outline/jr_ji.png","custom_text": "鶴見線|Tsurumi Line"},
		"jr_east_line_symbol_jj_joban_line_rapid_white_outline": {"texture_id": "ivr:sign/jp_white_outline/jr_jj.png","custom_text": "常磐線（快速）|Jōban Line (Rapid)"},
		"jr_east_line_symbol_jk_keihin_tohoku_line_white_outline": {"texture_id": "ivr:sign/jp_white_outline/jr_jk.png","custom_text": "京浜東北線|Keihin–Tōhoku Line"},
		"jr_east_line_symbol_jk_keihin_tohoku_negishi_line_white_outline": {"texture_id": "ivr:sign/jp_white_outline/jr_jk.png","custom_text": "京浜東北・根岸線|Keihin–Tōhoku Negishi Line"},
		"jr_east_line_symbol_jk_negishi_line_white_outline": {"texture_id": "ivr:sign/jp_white_outline/jr_jk.png","custom_text": "根岸線|Negishi Line"},
		"jr_east_line_symbol_jl_joban_line_local_white_outline": {"texture_id": "ivr:sign/jp_white_outline/jr_jl.png","custom_text": "常磐線（各駅停車）|Jōban Line (Local)"},
		"jr_east_line_symbol_jm_musashino_line_white_outline": {"texture_id": "ivr:sign/jp_white_outline/jr_jm.png","custom_text": "武蔵野線|Musashino Line"},
		"jr_east_line_symbol_jn_nambu_line_white_outline": {"texture_id": "ivr:sign/jp_white_outline/jr_jn.png","custom_text": "南武線|Nambu Line"},
		"jr_east_line_symbol_jo_yokosuka_line_white_outline": {"texture_id": "ivr:sign/jp_white_outline/jr_jo.png","custom_text": "横須賀線|Yokosuka Line"},
		"jr_east_line_symbol_jo_yokosuka_joban_line_rapid_white_outline": {"texture_id": "ivr:sign/jp_white_outline/jr_jo.png","custom_text": "横須賀・総武線（快速）|Yokosuka·Jōban Line (Rapid)"},
		"jr_east_line_symbol_jo_yokosuka_joban_line_white_outline": {"texture_id": "ivr:sign/jp_white_outline/jr_jo.png","custom_text": "横須賀・総武線|Yokosuka·Jōban Line"},
		"jr_east_line_symbol_jo_sobu_line_rapid_white_outline": {"texture_id": "ivr:sign/jp_white_outline/jr_jo.png","custom_text": "総武線（快速）|Sōbu Line (Rapid)"},
		"jr_east_line_symbol_js_shonan_shinjuku_line_white_outline": {"texture_id": "ivr:sign/jp_white_outline/jr_js.png","custom_text": "湘南新宿ライン|Shōnan–Shinjuku Line"},
		"jr_east_line_symbol_jt_tokaido_line_white_outline": {"texture_id": "ivr:sign/jp_white_outline/jr_jt.png","custom_text": "東海道線|Tōkaidō Line"},
		"jr_east_line_symbol_jt_ito_Line_white_outline": {"texture_id": "ivr:sign/jp_white_outline/jr_jt.png","custom_text": "伊東線|Itō Line"},
		"jr_east_line_symbol_ju_ueno_tokyo_line_white_outline": {"texture_id": "ivr:sign/jp_white_outline/jr_ju.png","custom_text": "上野東京ライン|Ueno–Tōkyō Line"},
		"jr_east_line_symbol_ju_utsunomiya_line_white_outline": {"texture_id": "ivr:sign/jp_white_outline/jr_ju.png","custom_text": "宇都宮線|Utsunomiya Line"},
		"jr_east_line_symbol_ju_takasaki_line_white_outline": {"texture_id": "ivr:sign/jp_white_outline/jr_ju.png","custom_text": "高崎線|Takasaki Line"},
		"jr_east_line_symbol_jy_yamanote_line_white_outline": {"texture_id": "ivr:sign/jp_white_outline/jr_jy.png","custom_text": "山手線|Yamanote Line"},
		"jr_east_line_symbol_mo_monorail_white_outline": {"texture_id": "ivr:sign/jp_white_outline/jr_mo.png","custom_text": "モノレール|Monorail"},
		"jr_east_lines_to_jr_lines_flipped_white_outline": {"texture_id": "ivr:sign/jp_white_outline/jr_lines.png","custom_text": "JR線|JR Lines","flip_custom_text": true},
		"jr_east_line_symbol_ja_saikyo_line_flipped_white_outline": {"texture_id": "ivr:sign/jp_white_outline/jr_ja.png","custom_text": "埼京線|Saikyō Line","flip_custom_text": true},
		"jr_east_line_symbol_jb_chuo_sobu_line_local_flipped_white_outline": {"texture_id": "ivr:sign/jp_white_outline/jr_jb.png","custom_text": "中央・総武線（各駅停車）|Chūō-Sōbu Line (Local)","flip_custom_text": true},
		"jr_east_line_symbol_jc_chuo_line_rapid_flipped_white_outline": {"texture_id": "ivr:sign/jp_white_outline/jr_jc.png","custom_text": "中央線（快速）|Chūō Line (Rapid)","flip_custom_text": true},
		"jr_east_line_symbol_jc_chuo_line_flipped_white_outline": {"texture_id": "ivr:sign/jp_white_outline/jr_jc.png","custom_text": "中央線|Chūō Line","flip_custom_text": true},
		"jr_east_line_symbol_jc_itsukaichi_line_flipped_white_outline": {"texture_id": "ivr:sign/jp_white_outline/jr_jc.png","custom_text": "五日市線|Itsukaichi Line","flip_custom_text": true},
		"jr_east_line_symbol_jc_ome_line_flipped_white_outline": {"texture_id": "ivr:sign/jp_white_outline/jr_jc.png","custom_text": "青梅線|Ōme Line","flip_custom_text": true},
		"jr_east_line_symbol_je_keiyo_line_flipped_white_outline": {"texture_id": "ivr:sign/jp_white_outline/jr_je.png","custom_text": "京葉線|Keiyō Line","flip_custom_text": true},
		"jr_east_line_symbol_jh_yokohama_line_flipped_white_outline": {"texture_id": "ivr:sign/jp_white_outline/jr_jh.png","custom_text": "横浜線|Yokohama Line","flip_custom_text": true},
		"jr_east_line_symbol_ji_tsurumi_line_flipped_white_outline": {"texture_id": "ivr:sign/jp_white_outline/jr_ji.png","custom_text": "鶴見線|Tsurumi Line","flip_custom_text": true},
		"jr_east_line_symbol_jj_joban_line_rapid_flipped_white_outline": {"texture_id": "ivr:sign/jp_white_outline/jr_jj.png","custom_text": "常磐線（快速）|Jōban Line (Rapid)","flip_custom_text": true},
		"jr_east_line_symbol_jk_keihin_tohoku_line_flipped_white_outline": {"texture_id": "ivr:sign/jp_white_outline/jr_jk.png","custom_text": "京浜東北線|Keihin–Tōhoku Line","flip_custom_text": true},
		"jr_east_line_symbol_jk_keihin_tohoku_negishi_line_flipped_white_outline": {"texture_id": "ivr:sign/jp_white_outline/jr_jk.png","custom_text": "京浜東北・根岸線|Keihin–Tōhoku Negishi Line","flip_custom_text": true},
		"jr_east_line_symbol_jk_negishi_line_flipped_white_outline": {"texture_id": "ivr:sign/jp_white_outline/jr_jk.png","custom_text": "根岸線|Negishi Line","flip_custom_text": true},
		"jr_east_line_symbol_jl_joban_line_local_flipped_white_outline": {"texture_id": "ivr:sign/jp_white_outline/jr_jl.png","custom_text": "常磐線（各駅停車）|Jōban Line (Local)","flip_custom_text": true},
		"jr_east_line_symbol_jm_musashino_line_flipped_white_outline": {"texture_id": "ivr:sign/jp_white_outline/jr_jm.png","custom_text": "武蔵野線|Musashino Line","flip_custom_text": true},
		"jr_east_line_symbol_jn_nambu_line_flipped_white_outline": {"texture_id": "ivr:sign/jp_white_outline/jr_jn.png","custom_text": "南武線|Nambu Line","flip_custom_text": true},
		"jr_east_line_symbol_jo_yokosuka_line_flipped_white_outline": {"texture_id": "ivr:sign/jp_white_outline/jr_jo.png","custom_text": "横須賀線|Yokosuka Line","flip_custom_text": true},
		"jr_east_line_symbol_jo_yokosuka_joban_line_rapid_flipped_white_outline": {"texture_id": "ivr:sign/jp_white_outline/jr_jo.png","custom_text": "横須賀・総武線（快速）|Yokosuka·Jōban Line (Rapid)","flip_custom_text": true},
		"jr_east_line_symbol_jo_yokosuka_joban_line_flipped_white_outline": {"texture_id": "ivr:sign/jp_white_outline/jr_jo.png","custom_text": "横須賀・総武線|Yokosuka·Jōban Line","flip_custom_text": true},
		"jr_east_line_symbol_jo_sobu_line_rapid_flipped_white_outline": {"texture_id": "ivr:sign/jp_white_outline/jr_jo.png","custom_text": "総武線（快速）|Sōbu Line (Rapid)","flip_custom_text": true},
		"jr_east_line_symbol_js_shonan_shinjuku_line_flipped_white_outline": {"texture_id": "ivr:sign/jp_white_outline/jr_js.png","custom_text": "湘南新宿ライン|Shōnan–Shinjuku Line","flip_custom_text": true},
		"jr_east_line_symbol_jt_tokaido_line_flipped_white_outline": {"texture_id": "ivr:sign/jp_white_outline/jr_jt.png","custom_text": "東海道線|Tōkaidō Line","flip_custom_text": true},
		"jr_east_line_symbol_jt_ito_Line_flipped_white_outline": {"texture_id": "ivr:sign/jp_white_outline/jr_jt.png","custom_text": "伊東線|Itō Line","flip_custom_text": true},
		"jr_east_line_symbol_ju_ueno_tokyo_line_flipped_white_outline": {"texture_id": "ivr:sign/jp_white_outline/jr_ju.png","custom_text": "上野東京ライン|Ueno–Tōkyō Line","flip_custom_text": true},
		"jr_east_line_symbol_ju_utsunomiya_line_flipped_white_outline": {"texture_id": "ivr:sign/jp_white_outline/jr_ju.png","custom_text": "宇都宮線|Utsunomiya Line","flip_custom_text": true},
		"jr_east_line_symbol_ju_takasaki_line_flipped_white_outline": {"texture_id": "ivr:sign/jp_white_outline/jr_ju.png","custom_text": "高崎線|Takasaki Line","flip_custom_text": true},
		"jr_east_line_symbol_jy_yamanote_line_flipped_white_outline": {"texture_id": "ivr:sign/jp_white_outline/jr_jy.png","custom_text": "山手線|Yamanote Line","flip_custom_text": true},
		"jr_east_line_symbol_mo_monorail_flipped_white_outline": {"texture_id": "ivr:sign/jp_white_outline/jr_mo.png","custom_text": "モノレール|Monorail","flip_custom_text": true},
		"tokyo_metro_company_logo_white_outline": {"texture_id": "ivr:sign/jp_white_outline/tm_logo.png"},
		"toei_subway_company_logo_white_outline": {"texture_id": "ivr:sign/jp_white_outline/ts_logo.png"},
		"toei_subway_line_symbol_a_white_outline": {"texture_id": "ivr:sign/jp_white_outline/tm_a.png"},
		"toei_subway_line_symbol_e_white_outline": {"texture_id": "ivr:sign/jp_white_outline/tm_e.png"},
		"toei_subway_line_symbol_i_white_outline": {"texture_id": "ivr:sign/jp_white_outline/tm_i.png"},
		"toei_subway_line_symbol_s_white_outline": {"texture_id": "ivr:sign/jp_white_outline/tm_s.png"},
		"tokyo_metro_line_symbol_c_white_outline": {"texture_id": "ivr:sign/jp_white_outline/tm_c.png"},
		"tokyo_metro_line_symbol_f_white_outline": {"texture_id": "ivr:sign/jp_white_outline/tm_f.png"},
		"tokyo_metro_line_symbol_g_white_outline": {"texture_id": "ivr:sign/jp_white_outline/tm_g.png"},
		"tokyo_metro_line_symbol_h_white_outline": {"texture_id": "ivr:sign/jp_white_outline/tm_h.png"},
		"tokyo_metro_line_symbol_m_white_outline": {"texture_id": "ivr:sign/jp_white_outline/tm_m.png"},
		"tokyo_metro_line_symbol_n_white_outline": {"texture_id": "ivr:sign/jp_white_outline/tm_n.png"},
		"tokyo_metro_line_symbol_t_white_outline": {"texture_id": "ivr:sign/jp_white_outline/tm_t.png"},
		"tokyo_metro_line_symbol_y_white_outline": {"texture_id": "ivr:sign/jp_white_outline/tm_y.png"},
		"tokyo_metro_line_symbol_z_white_outline": {"texture_id": "ivr:sign/jp_white_outline/tm_z.png"},
		"toei_subway_line_symbol_a_asakusa_line_white_outline": {"texture_id": "ivr:sign/jp_white_outline/tm_a.png","custom_text": "都営浅草線|Asakusa Line"},
		"toei_subway_line_symbol_e_oedo_line_white_outline": {"texture_id": "ivr:sign/jp_white_outline/tm_e.png","custom_text": "都営大江戸線|Ōedo Line"},
		"toei_subway_line_symbol_i_mita_line_white_outline": {"texture_id": "ivr:sign/jp_white_outline/tm_i.png","custom_text": "都営三田線|Mita Line"},
		"toei_subway_line_symbol_s_shinjuku_line_white_outline": {"texture_id": "ivr:sign/jp_white_outline/tm_s.png","custom_text": "都営新宿線|Shinjuku Line"},
		"tokyo_metro_line_symbol_c_chiyoda_line_white_outline": {"texture_id": "ivr:sign/jp_white_outline/tm_c.png","custom_text": "千代田線|Chiyoda Line"},
		"tokyo_metro_line_symbol_f_fukutoshin_line_white_outline": {"texture_id": "ivr:sign/jp_white_outline/tm_f.png","custom_text": "副都心線|Fukutoshin Line"},
		"tokyo_metro_line_symbol_g_ginza_line_white_outline": {"texture_id": "ivr:sign/jp_white_outline/tm_g.png","custom_text": "銀座線|Ginza Line"},
		"tokyo_metro_line_symbol_h_hibiya_line_white_outline": {"texture_id": "ivr:sign/jp_white_outline/tm_h.png","custom_text": "日比谷線|Hibiya Line"},
		"tokyo_metro_line_symbol_m_marunouchi_line_white_outline": {"texture_id": "ivr:sign/jp_white_outline/tm_m.png","custom_text": "丸ノ内線|Marunouchi Line"},
		"tokyo_metro_line_symbol_n_namboku_line_white_outline": {"texture_id": "ivr:sign/jp_white_outline/tm_n.png","custom_text": "南北線|Namboku Line"},
		"tokyo_metro_line_symbol_t_tozai_line_white_outline": {"texture_id": "ivr:sign/jp_white_outline/tm_t.png","custom_text": "東西線|Tōzai Line"},
		"tokyo_metro_line_symbol_y_yurakucho_line_white_outline": {"texture_id": "ivr:sign/jp_white_outline/tm_y.png","custom_text": "有楽町線|Yūrakuchō Line"},
		"tokyo_metro_line_symbol_z_hanzomon_line_white_outline": {"texture_id": "ivr:sign/jp_white_outline/tm_z.png","custom_text": "半蔵門線|Hanzōmon Line"},
		"toei_subway_line_symbol_a_asakusa_line_flipped_white_outline": {"texture_id": "ivr:sign/jp_white_outline/tm_a.png","custom_text": "都営浅草線|Asakusa Line","flip_custom_text": true},
		"toei_subway_line_symbol_e_oedo_line_flipped_white_outline": {"texture_id": "ivr:sign/jp_white_outline/tm_e.png","custom_text": "都営大江戸線|Ōedo Line","flip_custom_text": true},
		"toei_subway_line_symbol_i_mita_line_flipped_white_outline": {"texture_id": "ivr:sign/jp_white_outline/tm_i.png","custom_text": "都営三田線|Mita Line","flip_custom_text": true},
		"toei_subway_line_symbol_s_shinjuku_line_flipped_white_outline": {"texture_id": "ivr:sign/jp_white_outline/tm_s.png","custom_text": "都営新宿線|Shinjuku Line","flip_custom_text": true},
		"tokyo_metro_line_symbol_c_chiyoda_line_flipped_white_outline": {"texture_id": "ivr:sign/jp_white_outline/tm_c.png","custom_text": "千代田線|Chiyoda Line","flip_custom_text": true},
		"tokyo_metro_line_symbol_f_fukutoshin_line_flipped_white_outline": {"texture_id": "ivr:sign/jp_white_outline/tm_f.png","custom_text": "副都心線|Fukutoshin Line","flip_custom_text": true},
		"tokyo_metro_line_symbol_g_ginza_line_flipped_white_outline": {"texture_id": "ivr:sign/jp_white_outline/tm_g.png","custom_text": "銀座線|Ginza Line","flip_custom_text": true},
		"tokyo_metro_line_symbol_h_hibiya_line_flipped_white_outline": {"texture_id": "ivr:sign/jp_white_outline/tm_h.png","custom_text": "日比谷線|Hibiya Line","flip_custom_text": true},
		"tokyo_metro_line_symbol_m_marunouchi_line_flipped_white_outline": {"texture_id": "ivr:sign/jp_white_outline/tm_m.png","custom_text": "丸ノ内線|Marunouchi Line","flip_custom_text": true},
		"tokyo_metro_line_symbol_n_namboku_line_flipped_white_outline": {"texture_id": "ivr:sign/jp_white_outline/tm_n.png","custom_text": "南北線|Namboku Line","flip_custom_text": true},
		"tokyo_metro_line_symbol_t_tozai_line_flipped_white_outline": {"texture_id": "ivr:sign/jp_white_outline/tm_t.png","custom_text": "東西線|Tōzai Line","flip_custom_text": true},
		"tokyo_metro_line_symbol_y_yurakucho_line_flipped_white_outline": {"texture_id": "ivr:sign/jp_white_outline/tm_y.png","custom_text": "有楽町線|Yūrakuchō Line","flip_custom_text": true},
		"tokyo_metro_line_symbol_z_hanzomon_line_flipped_white_outline": {"texture_id": "ivr:sign/jp_white_outline/tm_z.png","custom_text": "半蔵門線|Hanzōmon Line","flip_custom_text": true},
		"tsukuba_express_company_logo_white_outline": {"texture_id": "ivr:sign/jp_white_outline/tx.png"},
		"tokyu_company_logo_white_outline": {"texture_id": "ivr:sign/jp_white_outline/tokyu_logo.png"},
		"tokyu_railway_line_symbol_ty_white_outline": {"texture_id": "ivr:sign/jp_white_outline/tk_ty.png"},
		"tokyu_railway_line_symbol_mg_white_outline": {"texture_id": "ivr:sign/jp_white_outline/tk_mg.png"},
		"tokyu_railway_line_symbol_sh_white_outline": {"texture_id": "ivr:sign/jp_white_outline/tk_sh.png"},
		"tokyu_railway_line_symbol_dt_white_outline": {"texture_id": "ivr:sign/jp_white_outline/tk_dt.png"},
		"tokyu_railway_line_symbol_om_white_outline": {"texture_id": "ivr:sign/jp_white_outline/tk_om.png"},
		"tokyu_railway_line_symbol_ik_white_outline": {"texture_id": "ivr:sign/jp_white_outline/tk_ik.png"},
		"tokyu_railway_line_symbol_tm_white_outline": {"texture_id": "ivr:sign/jp_white_outline/tk_tm.png"},
		"tokyu_railway_line_symbol_kd_white_outline": {"texture_id": "ivr:sign/jp_white_outline/tk_kd.png"},
		"tokyu_railway_line_symbol_sg_white_outline": {"texture_id": "ivr:sign/jp_white_outline/tk_sg.png"},
		"ykt_line_symbol_mm_white_outline": {"texture_id": "ivr:sign/jp_white_outline/tk_mm.png"},
		"tokyu_railway_line_symbol_ty_toyoko_line_white_outline": {"texture_id": "ivr:sign/jp_white_outline/tk_ty.png","custom_text": "東横線|Tōyoko Line"},
		"tokyu_railway_line_symbol_mg_meguro_line_white_outline": {"texture_id": "ivr:sign/jp_white_outline/tk_mg.png","custom_text": "目黒線|Meguro Line"},
		"tokyu_railway_line_symbol_sh_den_en_toshi_line_white_outline": {"texture_id": "ivr:sign/jp_white_outline/tk_sh.png","custom_text": "田園都市線|Den-en-toshi Line"},
		"tokyu_railway_line_symbol_dt_oimachi_line_white_outline": {"texture_id": "ivr:sign/jp_white_outline/tk_dt.png","custom_text": "大井町線|Ōimachi Line"},
		"tokyu_railway_line_symbol_om_ikegami_line_white_outline": {"texture_id": "ivr:sign/jp_white_outline/tk_om.png","custom_text": "池上線|Ikegami Line"},
		"tokyu_railway_line_symbol_ik_tokyu_tamagawa_line_white_outline": {"texture_id": "ivr:sign/jp_white_outline/tk_ik.png","custom_text": "東急多摩川線|Tōkyū Tamagawa Line"},
		"tokyu_railway_line_symbol_tm_tokyu_shin-yokohama_line_white_outline": {"texture_id": "ivr:sign/jp_white_outline/tk_tm.png","custom_text": "東急新横濱線|Tōkyū Shin-Yokohama Line"},
		"tokyu_railway_line_symbol_kd_kodomonokuni_line_white_outline": {"texture_id": "ivr:sign/jp_white_outline/tk_kd.png","custom_text": "こどもの国線|Kodomonokuni Line"},
		"tokyu_railway_line_symbol_sg_setagaya_line_white_outline": {"texture_id": "ivr:sign/jp_white_outline/tk_sg.png","custom_text": "世田谷線|Setagaya Line"},
		"ykt_line_symbol_mm_minatomirai_line_white_outline": {"texture_id": "ivr:sign/jp_white_outline/tk_mm.png","custom_text": "みなとみらい線|Minatomirai Line"},
		"tokyu_railway_line_symbol_ty_toyoko_line_flipped_white_outline": {"texture_id": "ivr:sign/jp_white_outline/tk_ty.png","custom_text": "東横線|Tōyoko Line","flip_custom_text": true},
		"tokyu_railway_line_symbol_mg_meguro_line_flipped_white_outline": {"texture_id": "ivr:sign/jp_white_outline/tk_mg.png","custom_text": "目黒線|Meguro Line","flip_custom_text": true},
		"tokyu_railway_line_symbol_sh_den_en_toshi_line_flipped_white_outline": {"texture_id": "ivr:sign/jp_white_outline/tk_sh.png","custom_text": "田園都市線|Den-en-toshi Line","flip_custom_text": true},
		"tokyu_railway_line_symbol_dt_oimachi_line_flipped_white_outline": {"texture_id": "ivr:sign/jp_white_outline/tk_dt.png","custom_text": "大井町線|Ōimachi Line","flip_custom_text": true},
		"tokyu_railway_line_symbol_om_ikegami_line_flipped_white_outline": {"texture_id": "ivr:sign/jp_white_outline/tk_om.png","custom_text": "池上線|Ikegami Line","flip_custom_text": true},
		"tokyu_railway_line_symbol_ik_tokyu_tamagawa_line_flipped_white_outline": {"texture_id": "ivr:sign/jp_white_outline/tk_ik.png","custom_text": "東急多摩川線|Tōkyū Tamagawa Line","flip_custom_text": true},
		"tokyu_railway_line_symbol_tm_tokyu_shin-yokohama_line_flipped_white_outline": {"texture_id": "ivr:sign/jp_white_outline/tk_tm.png","custom_text": "東急新横濱線|Tōkyū Shin-Yokohama Line","flip_custom_text": true},
		"tokyu_railway_line_symbol_kd_kodomonokuni_line_flipped_white_outline": {"texture_id": "ivr:sign/jp_white_outline/tk_kd.png","custom_text": "こどもの国線|Kodomonokuni Line","flip_custom_text": true},
		"tokyu_railway_line_symbol_sg_setagaya_line_flipped_white_outline": {"texture_id": "ivr:sign/jp_white_outline/tk_sg.png","custom_text": "世田谷線|Setagaya Line","flip_custom_text": true},
		"ykt_line_symbol_mm_minatomirai_line_flipped_white_outline": {"texture_id": "ivr:sign/jp_white_outline/tk_mm.png","custom_text": "みなとみらい線|Minatomirai Line","flip_custom_text": true},
		"yurikamome_line_symbol_u_white_outline": {"texture_id": "ivr:sign/jp_white_outline/yuri.png"},
		"yurikamome_line_symbol_u_yurikamome_line_white_outline": {"texture_id": "ivr:sign/jp_white_outline/yuri.png","custom_text": "ゆりかもめ|Yurikamome Line"},
		"yurikamome_line_symbol_u_yurikamome_line_flipped_white_outline": {"texture_id": "ivr:sign/jp_white_outline/yuri.png","custom_text": "ゆりかもめ|Yurikamome Line","flip_custom_text": true},
		"twr_rinkai_line_symbol_r_white_outline": {"texture_id": "ivr:sign/jp_white_outline/twr.png"},
		"twr_rinkai_line_symbol_r_rinkai_line_white_outline": {"texture_id": "ivr:sign/jp_white_outline/twr.png","custom_text": "りんかい線|Rinkai Line"},
		"twr_rinkai_line_symbol_r_rinkai_line_flipped_white_outline": {"texture_id": "ivr:sign/jp_white_outline/twr.png","custom_text": "りんかい線|Rinkai Line","flip_custom_text": true},
		"keikyu_line_symbol_kk_white_outline": {"texture_id": "ivr:sign/jp_white_outline/kk.png"},
		"keikyu_line_symbol_kk_keikyu_line_white_outline": {"texture_id": "ivr:sign/jp_white_outline/kk.png","custom_text": "京急線|Keikyū Line"},
		"keikyu_line_symbol_kk_keikyu_line_flipped_white_outline": {"texture_id": "ivr:sign/jp_white_outline/kk.png","custom_text": "京急線|Keikyū Line","flip_custom_text": true}
	}	
}