{"vehicles":[{"id":"mitzunami_archer_white","name":"Mitzunami Archer (White)","color":"FFFFFF","transportMode":"TRAIN","length":4.5,"width":2.0,"bogie1Position":-1.4,"bogie2Position":0.9,"couplingPadding1":0.0,"couplingPadding2":0.0,"description":"Based on Mitsubishi Lancer.","wikipediaArticle":"Mitsubishi_Lancer","tags":[],"models":[{"modelResource":"mtr:mizunamiarcher.bbmodel","textureResource":"mtr:archer-white.png","modelPropertiesResource":"mtr:properties_e2f2a000.json","positionDefinitionsResource":"mtr:definition_8b9454c6.json","flipTextureV":true}],"bogie1Models":[],"bogie2Models":[],"hasGangway1":false,"hasGangway2":false,"hasBarrier1":false,"hasBarrier2":false,"legacyRiderOffset":0.0,"bveSoundBaseResource":"toyono-i4","legacySpeedSoundBaseResource":"","legacySpeedSoundCount":1,"legacyUseAccelerationSoundsWhenCoasting":false,"legacyConstantPlaybackSpeed":false,"legacyDoorSoundBaseResource":"","legacyDoorCloseSoundTime":0.0},{"id":"mitzunami_archer_silver","name":"Mitzunami Archer (Silver)","color":"D6D6D6","transportMode":"TRAIN","length":4.5,"width":2.0,"bogie1Position":-1.4,"bogie2Position":0.9,"couplingPadding1":0.0,"couplingPadding2":0.0,"description":"Based on Mitsubishi Lancer.","wikipediaArticle":"Mitsubishi_Lancer","tags":[],"models":[{"modelResource":"mtr:mizunamiarcher.bbmodel","textureResource":"mtr:archer-silver.png","modelPropertiesResource":"mtr:properties_bf7f0db6.json","positionDefinitionsResource":"mtr:definition_8672ca73.json","flipTextureV":true}],"bogie1Models":[],"bogie2Models":[],"hasGangway1":false,"hasGangway2":false,"hasBarrier1":false,"hasBarrier2":false,"legacyRiderOffset":0.0,"bveSoundBaseResource":"toyono-i4","legacySpeedSoundBaseResource":"","legacySpeedSoundCount":1,"legacyUseAccelerationSoundsWhenCoasting":false,"legacyConstantPlaybackSpeed":false,"legacyDoorSoundBaseResource":"","legacyDoorCloseSoundTime":0.0},{"id":"mitzunami_archer_black","name":"Mitzunami Archer (Black)","color":"000000","transportMode":"TRAIN","length":4.5,"width":2.0,"bogie1Position":-1.4,"bogie2Position":0.9,"couplingPadding1":0.0,"couplingPadding2":0.0,"description":"Based on Mitsubishi Lancer.","wikipediaArticle":"Mitsubishi_Lancer","tags":[],"models":[{"modelResource":"mtr:mizunamiarcher.bbmodel","textureResource":"mtr:archer-black.png","modelPropertiesResource":"mtr:properties_fe49b72d.json","positionDefinitionsResource":"mtr:definition_75f93adb.json","flipTextureV":true}],"bogie1Models":[],"bogie2Models":[],"hasGangway1":false,"hasGangway2":false,"hasBarrier1":false,"hasBarrier2":false,"legacyRiderOffset":0.0,"bveSoundBaseResource":"toyono-i4","legacySpeedSoundBaseResource":"","legacySpeedSoundCount":1,"legacyUseAccelerationSoundsWhenCoasting":false,"legacyConstantPlaybackSpeed":false,"legacyDoorSoundBaseResource":"","legacyDoorCloseSoundTime":0.0},{"id":"mitzunami_archer_red","name":"Mitzunami Archer (Red)","color":"FF0000","transportMode":"TRAIN","length":4.5,"width":2.0,"bogie1Position":-1.4,"bogie2Position":0.9,"couplingPadding1":0.0,"couplingPadding2":0.0,"description":"Based on Mitsubishi Lancer.","wikipediaArticle":"Mitsubishi_Lancer","tags":[],"models":[{"modelResource":"mtr:mizunamiarcher.bbmodel","textureResource":"mtr:archer-red.png","modelPropertiesResource":"mtr:properties_ad8c0989.json","positionDefinitionsResource":"mtr:definition_789ee711.json","flipTextureV":true}],"bogie1Models":[],"bogie2Models":[],"hasGangway1":false,"hasGangway2":false,"hasBarrier1":false,"hasBarrier2":false,"legacyRiderOffset":0.0,"bveSoundBaseResource":"toyono-i4","legacySpeedSoundBaseResource":"","legacySpeedSoundCount":1,"legacyUseAccelerationSoundsWhenCoasting":false,"legacyConstantPlaybackSpeed":false,"legacyDoorSoundBaseResource":"","legacyDoorCloseSoundTime":0.0},{"id":"mitzunami_archer_yellow","name":"Mitzunami Archer (Yellow)","color":"FFFF00","transportMode":"TRAIN","length":4.5,"width":2.0,"bogie1Position":-1.4,"bogie2Position":0.9,"couplingPadding1":0.0,"couplingPadding2":0.0,"description":"Based on Mitsubishi Lancer.","wikipediaArticle":"Mitsubishi_Lancer","tags":[],"models":[{"modelResource":"mtr:mizunamiarcher.bbmodel","textureResource":"mtr:archer-yellow.png","modelPropertiesResource":"mtr:properties_10e2a64e.json","positionDefinitionsResource":"mtr:definition_a1df9c4f.json","flipTextureV":true}],"bogie1Models":[],"bogie2Models":[],"hasGangway1":false,"hasGangway2":false,"hasBarrier1":false,"hasBarrier2":false,"legacyRiderOffset":0.0,"bveSoundBaseResource":"toyono-i4","legacySpeedSoundBaseResource":"","legacySpeedSoundCount":1,"legacyUseAccelerationSoundsWhenCoasting":false,"legacyConstantPlaybackSpeed":false,"legacyDoorSoundBaseResource":"","legacyDoorCloseSoundTime":0.0},{"id":"mitzunami_archer_beige","name":"Mitzunami Archer (Beige)","color":"FFFFCC","transportMode":"TRAIN","length":4.5,"width":2.0,"bogie1Position":-1.4,"bogie2Position":0.9,"couplingPadding1":0.0,"couplingPadding2":0.0,"description":"Based on Mitsubishi Lancer.","wikipediaArticle":"Mitsubishi_Lancer","tags":[],"models":[{"modelResource":"mtr:mizunamiarcher.bbmodel","textureResource":"mtr:archer-beige.png","modelPropertiesResource":"mtr:properties_7aa7a71.json","positionDefinitionsResource":"mtr:definition_3eafcae2.json","flipTextureV":true}],"bogie1Models":[],"bogie2Models":[],"hasGangway1":false,"hasGangway2":false,"hasBarrier1":false,"hasBarrier2":false,"legacyRiderOffset":0.0,"bveSoundBaseResource":"toyono-i4","legacySpeedSoundBaseResource":"","legacySpeedSoundCount":1,"legacyUseAccelerationSoundsWhenCoasting":false,"legacyConstantPlaybackSpeed":false,"legacyDoorSoundBaseResource":"","legacyDoorCloseSoundTime":0.0},{"id":"mitzunami_archer_green","name":"Mitzunami Archer (Green)","color":"00FF00","transportMode":"TRAIN","length":4.5,"width":2.0,"bogie1Position":-1.4,"bogie2Position":0.9,"couplingPadding1":0.0,"couplingPadding2":0.0,"description":"Based on Mitsubishi Lancer.","wikipediaArticle":"Mitsubishi_Lancer","tags":[],"models":[{"modelResource":"mtr:mizunamiarcher.bbmodel","textureResource":"mtr:archer-green.png","modelPropertiesResource":"mtr:properties_2fab86d0.json","positionDefinitionsResource":"mtr:definition_220548e0.json","flipTextureV":true}],"bogie1Models":[],"bogie2Models":[],"hasGangway1":false,"hasGangway2":false,"hasBarrier1":false,"hasBarrier2":false,"legacyRiderOffset":0.0,"bveSoundBaseResource":"toyono-i4","legacySpeedSoundBaseResource":"","legacySpeedSoundCount":1,"legacyUseAccelerationSoundsWhenCoasting":false,"legacyConstantPlaybackSpeed":false,"legacyDoorSoundBaseResource":"","legacyDoorCloseSoundTime":0.0},{"id":"mitzunami_archer_dark_blue","name":"Mitzunami Archer (Dark Blue)","color":"00008F","transportMode":"TRAIN","length":4.5,"width":2.0,"bogie1Position":-1.4,"bogie2Position":0.9,"couplingPadding1":0.0,"couplingPadding2":0.0,"description":"Based on Mitsubishi Lancer.","wikipediaArticle":"Mitsubishi_Lancer","tags":[],"models":[{"modelResource":"mtr:mizunamiarcher.bbmodel","textureResource":"mtr:archer-dark-blue.png","modelPropertiesResource":"mtr:properties_52ab99ee.json","positionDefinitionsResource":"mtr:definition_c9c4ad4d.json","flipTextureV":true}],"bogie1Models":[],"bogie2Models":[],"hasGangway1":false,"hasGangway2":false,"hasBarrier1":false,"hasBarrier2":false,"legacyRiderOffset":0.0,"bveSoundBaseResource":"toyono-i4","legacySpeedSoundBaseResource":"","legacySpeedSoundCount":1,"legacyUseAccelerationSoundsWhenCoasting":false,"legacyConstantPlaybackSpeed":false,"legacyDoorSoundBaseResource":"","legacyDoorCloseSoundTime":0.0}],"signs":[],"rails":[],"objects":[],"lifts":[]}