{"parts":[{"names":["body"],"positionDefinitions":["bc1dbc0a"],"condition":"NORMAL","renderStage":"EXTERIOR","type":"NORMAL","displayXPadding":0.0,"displayYPadding":0.0,"displayColorCjk":"FF9900","displayColor":"FF9900","displayMaxLineHeight":1.5,"displayCjkSizeRatio":2.0,"displayOptions":[],"displayPadZeros":0.0,"displayType":"DESTINATION","displayDefaultText":"Not In Service","doorXMultiplier":0.0,"doorZMultiplier":0.0,"doorAnimationType":"STANDARD","renderFromOpeningDoorTime":0,"renderUntilOpeningDoorTime":0,"renderFromClosingDoorTime":0,"renderUntilClosingDoorTime":0,"flashOffTime":0,"flashOnTime":0},{"names":["taillight"],"positionDefinitions":["6e42872"],"condition":"NORMAL","renderStage":"ALWAYS_ON_LIGHT","type":"NORMAL","displayXPadding":0.0,"displayYPadding":0.0,"displayColorCjk":"FF9900","displayColor":"FF9900","displayMaxLineHeight":1.5,"displayCjkSizeRatio":2.0,"displayOptions":[],"displayPadZeros":0.0,"displayType":"DESTINATION","displayDefaultText":"Not In Service","doorXMultiplier":0.0,"doorZMultiplier":0.0,"doorAnimationType":"STANDARD","renderFromOpeningDoorTime":0,"renderUntilOpeningDoorTime":0,"renderFromClosingDoorTime":0,"renderUntilClosingDoorTime":0,"flashOffTime":0,"flashOnTime":0},{"names":["taillight2"],"positionDefinitions":["240ecfe5"],"condition":"ON_ROUTE_BACKWARDS","renderStage":"ALWAYS_ON_LIGHT","type":"NORMAL","displayXPadding":0.0,"displayYPadding":0.0,"displayColorCjk":"FF9900","displayColor":"FF9900","displayMaxLineHeight":1.5,"displayCjkSizeRatio":2.0,"displayOptions":[],"displayPadZeros":0.0,"displayType":"DESTINATION","displayDefaultText":"Not In Service","doorXMultiplier":0.0,"doorZMultiplier":0.0,"doorAnimationType":"STANDARD","renderFromOpeningDoorTime":0,"renderUntilOpeningDoorTime":0,"renderFromClosingDoorTime":0,"renderUntilClosingDoorTime":0,"flashOffTime":0,"flashOnTime":0},{"names":["headlight"],"positionDefinitions":["57b0ab98"],"condition":"NORMAL","renderStage":"ALWAYS_ON_LIGHT","type":"NORMAL","displayXPadding":0.0,"displayYPadding":0.0,"displayColorCjk":"FF9900","displayColor":"FF9900","displayMaxLineHeight":1.5,"displayCjkSizeRatio":2.0,"displayOptions":[],"displayPadZeros":0.0,"displayType":"DESTINATION","displayDefaultText":"Not In Service","doorXMultiplier":0.0,"doorZMultiplier":0.0,"doorAnimationType":"STANDARD","renderFromOpeningDoorTime":0,"renderUntilOpeningDoorTime":0,"renderFromClosingDoorTime":0,"renderUntilClosingDoorTime":0,"flashOffTime":0,"flashOnTime":0},{"names":["wheel"],"positionDefinitions":["fe6a09ab"],"condition":"NORMAL","renderStage":"EXTERIOR","type":"NORMAL","displayXPadding":0.0,"displayYPadding":0.0,"displayColorCjk":"FF9900","displayColor":"FF9900","displayMaxLineHeight":1.5,"displayCjkSizeRatio":2.0,"displayOptions":[],"displayPadZeros":0.0,"displayType":"DESTINATION","displayDefaultText":"Not In Service","doorXMultiplier":0.0,"doorZMultiplier":0.0,"doorAnimationType":"STANDARD","renderFromOpeningDoorTime":0,"renderUntilOpeningDoorTime":0,"renderFromClosingDoorTime":0,"renderUntilClosingDoorTime":0,"flashOffTime":0,"flashOnTime":0},{"names":["floor"],"positionDefinitions":["e9b662ce"],"condition":"NORMAL","renderStage":"EXTERIOR","type":"FLOOR","displayXPadding":0.0,"displayYPadding":0.0,"displayColorCjk":"FF9900","displayColor":"FF9900","displayMaxLineHeight":1.5,"displayCjkSizeRatio":2.0,"displayOptions":[],"displayPadZeros":0.0,"displayType":"DESTINATION","displayDefaultText":"Not In Service","doorXMultiplier":0.0,"doorZMultiplier":0.0,"doorAnimationType":"STANDARD","renderFromOpeningDoorTime":0,"renderUntilOpeningDoorTime":0,"renderFromClosingDoorTime":0,"renderUntilClosingDoorTime":0,"flashOffTime":0,"flashOnTime":0}],"modelYOffset":1.0,"gangwayInnerSideResource":"","gangwayInnerTopResource":"","gangwayInnerBottomResource":"","gangwayOuterSideResource":"","gangwayOuterTopResource":"","gangwayOuterBottomResource":"","gangwayWidth":1.5,"gangwayHeight":2.25,"gangwayYOffset":1.0,"gangwayZOffset":0.5,"barrierInnerSideResource":"","barrierInnerTopResource":"","barrierInnerBottomResource":"","barrierOuterSideResource":"","barrierOuterTopResource":"","barrierOuterBottomResource":"","barrierWidth":2.25,"barrierHeight":1.0,"barrierYOffset":1.25,"barrierZOffset":0.25}