{
    "parts": [
        {
            "names": [
                "window"
            ],
            "positionDefinitions": [
                "ce593f8a"
            ],
            "condition": "NORMAL",
            "renderStage": "INTERIOR",
            "type": "NORMAL",
            "displayXPadding": 0,
            "displayYPadding": 0,
            "displayColorCjk": "FF9900",
            "displayColor": "FF9900",
            "displayMaxLineHeight": 1.5,
            "displayCjkSizeRatio": 2,
            "displayOptions": [],
            "displayPadZeros": 0,
            "displayType": "DESTINATION",
            "displayDefaultText": "회송|Not In Service",
            "doorXMultiplier": 0,
            "doorZMultiplier": 0,
            "doorAnimationType": "STANDARD",
            "renderFromOpeningDoorTime": 0,
            "renderUntilOpeningDoorTime": 0,
            "renderFromClosingDoorTime": 0,
            "renderUntilClosingDoorTime": 0,
            "flashOffTime": 0,
            "flashOnTime": 0
        },
        {
            "names": [
                "window_transcluent"
            ],
            "positionDefinitions": [
                "b476cfe3"
            ],
            "condition": "NORMAL",
            "renderStage": "INTERIOR_TRANSLUCENT",
            "type": "NORMAL",
            "displayXPadding": 0,
            "displayYPadding": 0,
            "displayColorCjk": "FF9900",
            "displayColor": "FF9900",
            "displayMaxLineHeight": 1.5,
            "displayCjkSizeRatio": 2,
            "displayOptions": [],
            "displayPadZeros": 0,
            "displayType": "DESTINATION",
            "displayDefaultText": "회송|Not In Service",
            "doorXMultiplier": 0,
            "doorZMultiplier": 0,
            "doorAnimationType": "STANDARD",
            "renderFromOpeningDoorTime": 0,
            "renderUntilOpeningDoorTime": 0,
            "renderFromClosingDoorTime": 0,
            "renderUntilClosingDoorTime": 0,
            "flashOffTime": 0,
            "flashOnTime": 0
        },
        {
            "names": [
                "window_blue"
            ],
            "positionDefinitions": [
                "4be71de9"
            ],
            "condition": "NORMAL",
            "renderStage": "ALWAYS_ON_LIGHT",
            "type": "NORMAL",
            "displayXPadding": 0,
            "displayYPadding": 0,
            "displayColorCjk": "FF9900",
            "displayColor": "FF9900",
            "displayMaxLineHeight": 1.5,
            "displayCjkSizeRatio": 2,
            "displayOptions": [],
            "displayPadZeros": 0,
            "displayType": "DESTINATION",
            "displayDefaultText": "회송|Not In Service",
            "doorXMultiplier": 0,
            "doorZMultiplier": 0,
            "doorAnimationType": "STANDARD",
            "renderFromOpeningDoorTime": 0,
            "renderUntilOpeningDoorTime": 0,
            "renderFromClosingDoorTime": 0,
            "renderUntilClosingDoorTime": 0,
            "flashOffTime": 0,
            "flashOnTime": 0
        },
        {
            "names": [
                "window_exterior"
            ],
            "positionDefinitions": [
                "120b51d0"
            ],
            "condition": "NORMAL",
            "renderStage": "EXTERIOR",
            "type": "NORMAL",
            "displayXPadding": 0,
            "displayYPadding": 0,
            "displayColorCjk": "FF9900",
            "displayColor": "FF9900",
            "displayMaxLineHeight": 1.5,
            "displayCjkSizeRatio": 2,
            "displayOptions": [],
            "displayPadZeros": 0,
            "displayType": "DESTINATION",
            "displayDefaultText": "회송|Not In Service",
            "doorXMultiplier": 0,
            "doorZMultiplier": 0,
            "doorAnimationType": "STANDARD",
            "renderFromOpeningDoorTime": 0,
            "renderUntilOpeningDoorTime": 0,
            "renderFromClosingDoorTime": 0,
            "renderUntilClosingDoorTime": 0,
            "flashOffTime": 0,
            "flashOnTime": 0
        },
        {
            "names": [
                "window_nodisplay"
            ],
            "positionDefinitions": [
                "469709af"
            ],
            "condition": "NORMAL",
            "renderStage": "EXTERIOR",
            "type": "NORMAL",
            "displayXPadding": 0,
            "displayYPadding": 0,
            "displayColorCjk": "FF9900",
            "displayColor": "FF9900",
            "displayMaxLineHeight": 1.5,
            "displayCjkSizeRatio": 2,
            "displayOptions": [],
            "displayPadZeros": 0,
            "displayType": "DESTINATION",
            "displayDefaultText": "회송|Not In Service",
            "doorXMultiplier": 0,
            "doorZMultiplier": 0,
            "doorAnimationType": "STANDARD",
            "renderFromOpeningDoorTime": 0,
            "renderUntilOpeningDoorTime": 0,
            "renderFromClosingDoorTime": 0,
            "renderUntilClosingDoorTime": 0,
            "flashOffTime": 0,
            "flashOnTime": 0
        },
        {
            "names": [
                "window_display"
            ],
            "positionDefinitions": [
                "fa1441b6"
            ],
            "condition": "NORMAL",
            "renderStage": "EXTERIOR",
            "type": "NORMAL",
            "displayXPadding": 0,
            "displayYPadding": 0,
            "displayColorCjk": "FF9900",
            "displayColor": "FF9900",
            "displayMaxLineHeight": 1.5,
            "displayCjkSizeRatio": 2,
            "displayOptions": [],
            "displayPadZeros": 0,
            "displayType": "DESTINATION",
            "displayDefaultText": "회송|Not In Service",
            "doorXMultiplier": 0,
            "doorZMultiplier": 0,
            "doorAnimationType": "STANDARD",
            "renderFromOpeningDoorTime": 0,
            "renderUntilOpeningDoorTime": 0,
            "renderFromClosingDoorTime": 0,
            "renderUntilClosingDoorTime": 0,
            "flashOffTime": 0,
            "flashOnTime": 0
        },
        {
            "names": [
                "display_side"
            ],
            "positionDefinitions": [
                "a1663395"
            ],
            "condition": "NORMAL",
            "renderStage": "EXTERIOR",
            "type": "DISPLAY",
            "displayXPadding": 0,
            "displayYPadding": 0,
            "displayColorCjk": "B6FF00",
            "displayColor": "B6FF00",
            "displayMaxLineHeight": 1.5,
            "displayCjkSizeRatio": 2,
            "displayOptions": [
                "SPACE_CJK",
                "CYCLE_LANGUAGES"
            ],
            "displayPadZeros": 0,
            "displayType": "DESTINATION",
            "displayDefaultText": "회송|Not In Service",
            "doorXMultiplier": 0,
            "doorZMultiplier": 0,
            "doorAnimationType": "STANDARD",
            "renderFromOpeningDoorTime": 0,
            "renderUntilOpeningDoorTime": 0,
            "renderFromClosingDoorTime": 0,
            "renderUntilClosingDoorTime": 0,
            "flashOffTime": 0,
            "flashOnTime": 0
        },
        {
            "names": [
                "roof_exterior"
            ],
            "positionDefinitions": [
                "8e237a78"
            ],
            "condition": "NORMAL",
            "renderStage": "EXTERIOR",
            "type": "NORMAL",
            "displayXPadding": 0,
            "displayYPadding": 0,
            "displayColorCjk": "FF9900",
            "displayColor": "FF9900",
            "displayMaxLineHeight": 1.5,
            "displayCjkSizeRatio": 2,
            "displayOptions": [],
            "displayPadZeros": 0,
            "displayType": "DESTINATION",
            "displayDefaultText": "회송|Not In Service",
            "doorXMultiplier": 0,
            "doorZMultiplier": 0,
            "doorAnimationType": "STANDARD",
            "renderFromOpeningDoorTime": 0,
            "renderUntilOpeningDoorTime": 0,
            "renderFromClosingDoorTime": 0,
            "renderUntilClosingDoorTime": 0,
            "flashOffTime": 0,
            "flashOnTime": 0
        },
        {
            "names": [
                "ac"
            ],
            "positionDefinitions": [
                "bfae3f6"
            ],
            "condition": "NORMAL",
            "renderStage": "EXTERIOR",
            "type": "NORMAL",
            "displayXPadding": 0,
            "displayYPadding": 0,
            "displayColorCjk": "FF9900",
            "displayColor": "FF9900",
            "displayMaxLineHeight": 1.5,
            "displayCjkSizeRatio": 2,
            "displayOptions": [],
            "displayPadZeros": 0,
            "displayType": "DESTINATION",
            "displayDefaultText": "회송|Not In Service",
            "doorXMultiplier": 0,
            "doorZMultiplier": 0,
            "doorAnimationType": "STANDARD",
            "renderFromOpeningDoorTime": 0,
            "renderUntilOpeningDoorTime": 0,
            "renderFromClosingDoorTime": 0,
            "renderUntilClosingDoorTime": 0,
            "flashOffTime": 0,
            "flashOnTime": 0
        },
        {
            "names": [
                "door"
            ],
            "positionDefinitions": [
                "b0b49a50"
            ],
            "condition": "NORMAL",
            "renderStage": "INTERIOR",
            "type": "NORMAL",
            "displayXPadding": 0,
            "displayYPadding": 0,
            "displayColorCjk": "FF9900",
            "displayColor": "FF9900",
            "displayMaxLineHeight": 1.5,
            "displayCjkSizeRatio": 2,
            "displayOptions": [],
            "displayPadZeros": 0,
            "displayType": "DESTINATION",
            "displayDefaultText": "회송|Not In Service",
            "doorXMultiplier": 0,
            "doorZMultiplier": 0,
            "doorAnimationType": "STANDARD",
            "renderFromOpeningDoorTime": 0,
            "renderUntilOpeningDoorTime": 0,
            "renderFromClosingDoorTime": 0,
            "renderUntilClosingDoorTime": 0,
            "flashOffTime": 0,
            "flashOnTime": 0
        },
        {
            "names": [
                "door_left"
            ],
            "positionDefinitions": [
                "848adf41"
            ],
            "condition": "NORMAL",
            "renderStage": "INTERIOR",
            "type": "NORMAL",
            "displayXPadding": 0,
            "displayYPadding": 0,
            "displayColorCjk": "FF9900",
            "displayColor": "FF9900",
            "displayMaxLineHeight": 1.5,
            "displayCjkSizeRatio": 2,
            "displayOptions": [],
            "displayPadZeros": 0,
            "displayType": "DESTINATION",
            "displayDefaultText": "회송|Not In Service",
            "doorXMultiplier": 0,
            "doorZMultiplier": -11,
            "doorAnimationType": "CONSTANT",
            "renderFromOpeningDoorTime": 0,
            "renderUntilOpeningDoorTime": 0,
            "renderFromClosingDoorTime": 0,
            "renderUntilClosingDoorTime": 0,
            "flashOffTime": 0,
            "flashOnTime": 0
        },
        {
            "names": [
                "door_right"
            ],
            "positionDefinitions": [
                "99aef0de"
            ],
            "condition": "NORMAL",
            "renderStage": "INTERIOR",
            "type": "NORMAL",
            "displayXPadding": 0,
            "displayYPadding": 0,
            "displayColorCjk": "FF9900",
            "displayColor": "FF9900",
            "displayMaxLineHeight": 1.5,
            "displayCjkSizeRatio": 2,
            "displayOptions": [],
            "displayPadZeros": 0,
            "displayType": "DESTINATION",
            "displayDefaultText": "회송|Not In Service",
            "doorXMultiplier": 0,
            "doorZMultiplier": 11,
            "doorAnimationType": "CONSTANT",
            "renderFromOpeningDoorTime": 0,
            "renderUntilOpeningDoorTime": 0,
            "renderFromClosingDoorTime": 0,
            "renderUntilClosingDoorTime": 0,
            "flashOffTime": 0,
            "flashOnTime": 0
        },
        {
            "names": [
                "door_left_exterior"
            ],
            "positionDefinitions": [
                "96703464"
            ],
            "condition": "NORMAL",
            "renderStage": "EXTERIOR",
            "type": "NORMAL",
            "displayXPadding": 0,
            "displayYPadding": 0,
            "displayColorCjk": "FF9900",
            "displayColor": "FF9900",
            "displayMaxLineHeight": 1.5,
            "displayCjkSizeRatio": 2,
            "displayOptions": [],
            "displayPadZeros": 0,
            "displayType": "DESTINATION",
            "displayDefaultText": "회송|Not In Service",
            "doorXMultiplier": 0,
            "doorZMultiplier": -11,
            "doorAnimationType": "CONSTANT",
            "renderFromOpeningDoorTime": 0,
            "renderUntilOpeningDoorTime": 0,
            "renderFromClosingDoorTime": 0,
            "renderUntilClosingDoorTime": 0,
            "flashOffTime": 0,
            "flashOnTime": 0
        },
        {
            "names": [
                "door_right_exterior"
            ],
            "positionDefinitions": [
                "9747765e"
            ],
            "condition": "NORMAL",
            "renderStage": "EXTERIOR",
            "type": "NORMAL",
            "displayXPadding": 0,
            "displayYPadding": 0,
            "displayColorCjk": "FF9900",
            "displayColor": "FF9900",
            "displayMaxLineHeight": 1.5,
            "displayCjkSizeRatio": 2,
            "displayOptions": [],
            "displayPadZeros": 0,
            "displayType": "DESTINATION",
            "displayDefaultText": "회송|Not In Service",
            "doorXMultiplier": 0,
            "doorZMultiplier": 11,
            "doorAnimationType": "CONSTANT",
            "renderFromOpeningDoorTime": 0,
            "renderUntilOpeningDoorTime": 0,
            "renderFromClosingDoorTime": 0,
            "renderUntilClosingDoorTime": 0,
            "flashOffTime": 0,
            "flashOnTime": 0
        },
        {
            "names": [
                "door_exterior"
            ],
            "positionDefinitions": [
                "93c52bf2"
            ],
            "condition": "NORMAL",
            "renderStage": "EXTERIOR",
            "type": "NORMAL",
            "displayXPadding": 0,
            "displayYPadding": 0,
            "displayColorCjk": "FF9900",
            "displayColor": "FF9900",
            "displayMaxLineHeight": 1.5,
            "displayCjkSizeRatio": 2,
            "displayOptions": [],
            "displayPadZeros": 0,
            "displayType": "DESTINATION",
            "displayDefaultText": "회송|Not In Service",
            "doorXMultiplier": 0,
            "doorZMultiplier": 0,
            "doorAnimationType": "STANDARD",
            "renderFromOpeningDoorTime": 0,
            "renderUntilOpeningDoorTime": 0,
            "renderFromClosingDoorTime": 0,
            "renderUntilClosingDoorTime": 0,
            "flashOffTime": 0,
            "flashOnTime": 0
        },
        {
            "names": [
                "door_left_blue"
            ],
            "positionDefinitions": [
                "37dfd113"
            ],
            "condition": "NORMAL",
            "renderStage": "ALWAYS_ON_LIGHT",
            "type": "NORMAL",
            "displayXPadding": 0,
            "displayYPadding": 0,
            "displayColorCjk": "FF9900",
            "displayColor": "FF9900",
            "displayMaxLineHeight": 1.5,
            "displayCjkSizeRatio": 2,
            "displayOptions": [],
            "displayPadZeros": 0,
            "displayType": "DESTINATION",
            "displayDefaultText": "회송|Not In Service",
            "doorXMultiplier": 0,
            "doorZMultiplier": -11,
            "doorAnimationType": "CONSTANT",
            "renderFromOpeningDoorTime": 0,
            "renderUntilOpeningDoorTime": 0,
            "renderFromClosingDoorTime": 0,
            "renderUntilClosingDoorTime": 0,
            "flashOffTime": 0,
            "flashOnTime": 0
        },
        {
            "names": [
                "door_right_blue"
            ],
            "positionDefinitions": [
                "b7a46b09"
            ],
            "condition": "NORMAL",
            "renderStage": "ALWAYS_ON_LIGHT",
            "type": "NORMAL",
            "displayXPadding": 0,
            "displayYPadding": 0,
            "displayColorCjk": "FF9900",
            "displayColor": "FF9900",
            "displayMaxLineHeight": 1.5,
            "displayCjkSizeRatio": 2,
            "displayOptions": [],
            "displayPadZeros": 0,
            "displayType": "DESTINATION",
            "displayDefaultText": "회송|Not In Service",
            "doorXMultiplier": 0,
            "doorZMultiplier": 11,
            "doorAnimationType": "CONSTANT",
            "renderFromOpeningDoorTime": 0,
            "renderUntilOpeningDoorTime": 0,
            "renderFromClosingDoorTime": 0,
            "renderUntilClosingDoorTime": 0,
            "flashOffTime": 0,
            "flashOnTime": 0
        },
        {
            "names": [
                "doorstatus_idle"
            ],
            "positionDefinitions": [
                "80bf05e3"
            ],
            "condition": "NORMAL",
            "renderStage": "LIGHT",
            "type": "NORMAL",
            "displayXPadding": 0,
            "displayYPadding": 0,
            "displayColorCjk": "FF9900",
            "displayColor": "FF9900",
            "displayMaxLineHeight": 1.5,
            "displayCjkSizeRatio": 2,
            "displayOptions": [],
            "displayPadZeros": 0,
            "displayType": "DESTINATION",
            "displayDefaultText": "회송|Not In Service",
            "doorXMultiplier": 1,
            "doorZMultiplier": 0,
            "doorAnimationType": "STANDARD",
            "renderFromOpeningDoorTime": 1,
            "renderUntilOpeningDoorTime": 0,
            "renderFromClosingDoorTime": 0,
            "renderUntilClosingDoorTime": 10000,
            "flashOffTime": 0,
            "flashOnTime": 0
        },
        {
            "names": [
                "doorstatus_green"
            ],
            "positionDefinitions": [
                "141ce5ce"
            ],
            "condition": "DOORS_OPENED",
            "renderStage": "LIGHT",
            "type": "NORMAL",
            "displayXPadding": 0,
            "displayYPadding": 0,
            "displayColorCjk": "FF9900",
            "displayColor": "FF9900",
            "displayMaxLineHeight": 1.5,
            "displayCjkSizeRatio": 2,
            "displayOptions": [],
            "displayPadZeros": 0,
            "displayType": "DESTINATION",
            "displayDefaultText": "회송|Not In Service",
            "doorXMultiplier": 1,
            "doorZMultiplier": 0,
            "doorAnimationType": "STANDARD",
            "renderFromOpeningDoorTime": 1,
            "renderUntilOpeningDoorTime": 10000,
            "renderFromClosingDoorTime": 99999,
            "renderUntilClosingDoorTime": 99999,
            "flashOffTime": 0,
            "flashOnTime": 0
        },
        {
            "names": [
                "doorstatus_on"
            ],
            "positionDefinitions": [
                "bd14abe"
            ],
            "condition": "DOORS_OPENED",
            "renderStage": "LIGHT",
            "type": "NORMAL",
            "displayXPadding": 0,
            "displayYPadding": 0,
            "displayColorCjk": "FF9900",
            "displayColor": "FF9900",
            "displayMaxLineHeight": 1.5,
            "displayCjkSizeRatio": 2,
            "displayOptions": [],
            "displayPadZeros": 0,
            "displayType": "DESTINATION",
            "displayDefaultText": "회송|Not In Service",
            "doorXMultiplier": 1,
            "doorZMultiplier": 0,
            "doorAnimationType": "STANDARD",
            "renderFromOpeningDoorTime": 10000,
            "renderUntilOpeningDoorTime": 9999,
            "renderFromClosingDoorTime": 1,
            "renderUntilClosingDoorTime": 10000,
            "flashOffTime": 300,
            "flashOnTime": 300
        },
        {
            "names": [
                "lights"
            ],
            "positionDefinitions": [
                "c17343e9"
            ],
            "condition": "NORMAL",
            "renderStage": "LIGHT",
            "type": "NORMAL",
            "displayXPadding": 0,
            "displayYPadding": 0,
            "displayColorCjk": "FF9900",
            "displayColor": "FF9900",
            "displayMaxLineHeight": 1.5,
            "displayCjkSizeRatio": 2,
            "displayOptions": [],
            "displayPadZeros": 0,
            "displayType": "DESTINATION",
            "displayDefaultText": "회송|Not In Service",
            "doorXMultiplier": 0,
            "doorZMultiplier": 0,
            "doorAnimationType": "STANDARD",
            "renderFromOpeningDoorTime": 0,
            "renderUntilOpeningDoorTime": 0,
            "renderFromClosingDoorTime": 0,
            "renderUntilClosingDoorTime": 0,
            "flashOffTime": 0,
            "flashOnTime": 0
        },
        {
            "names": [
                "doorlight_off"
            ],
            "positionDefinitions": [
                "7ed5ba8e"
            ],
            "condition": "DOORS_CLOSED",
            "renderStage": "EXTERIOR",
            "type": "NORMAL",
            "displayXPadding": 0,
            "displayYPadding": 0,
            "displayColorCjk": "FF9900",
            "displayColor": "FF9900",
            "displayMaxLineHeight": 1.5,
            "displayCjkSizeRatio": 2,
            "displayOptions": [],
            "displayPadZeros": 0,
            "displayType": "DESTINATION",
            "displayDefaultText": "회송|Not In Service",
            "doorXMultiplier": 0,
            "doorZMultiplier": 0,
            "doorAnimationType": "STANDARD",
            "renderFromOpeningDoorTime": 0,
            "renderUntilOpeningDoorTime": 0,
            "renderFromClosingDoorTime": 0,
            "renderUntilClosingDoorTime": 0,
            "flashOffTime": 0,
            "flashOnTime": 0
        },
        {
            "names": [
                "doorlight_on"
            ],
            "positionDefinitions": [
                "2c37b511"
            ],
            "condition": "DOORS_OPENED",
            "renderStage": "ALWAYS_ON_LIGHT",
            "type": "NORMAL",
            "displayXPadding": 0,
            "displayYPadding": 0,
            "displayColorCjk": "FF9900",
            "displayColor": "FF9900",
            "displayMaxLineHeight": 1.5,
            "displayCjkSizeRatio": 2,
            "displayOptions": [],
            "displayPadZeros": 0,
            "displayType": "DESTINATION",
            "displayDefaultText": "회송|Not In Service",
            "doorXMultiplier": 0,
            "doorZMultiplier": 0,
            "doorAnimationType": "STANDARD",
            "renderFromOpeningDoorTime": 0,
            "renderUntilOpeningDoorTime": 0,
            "renderFromClosingDoorTime": 0,
            "renderUntilClosingDoorTime": 0,
            "flashOffTime": 0,
            "flashOnTime": 0
        },
        {
            "names": [
                "window_floor"
            ],
            "positionDefinitions": [
                "2eee8747"
            ],
            "condition": "NORMAL",
            "renderStage": "EXTERIOR",
            "type": "FLOOR",
            "displayXPadding": 0,
            "displayYPadding": 0,
            "displayColorCjk": "FF9900",
            "displayColor": "FF9900",
            "displayMaxLineHeight": 1.5,
            "displayCjkSizeRatio": 2,
            "displayOptions": [],
            "displayPadZeros": 0,
            "displayType": "DESTINATION",
            "displayDefaultText": "회송|Not In Service",
            "doorXMultiplier": 0,
            "doorZMultiplier": 0,
            "doorAnimationType": "STANDARD",
            "renderFromOpeningDoorTime": 0,
            "renderUntilOpeningDoorTime": 0,
            "renderFromClosingDoorTime": 0,
            "renderUntilClosingDoorTime": 0,
            "flashOffTime": 0,
            "flashOnTime": 0
        },
        {
            "names": [
                "window_seat"
            ],
            "positionDefinitions": [
                "89b711a"
            ],
            "condition": "NORMAL",
            "renderStage": "EXTERIOR",
            "type": "SEAT",
            "displayXPadding": 0,
            "displayYPadding": 0,
            "displayColorCjk": "FF9900",
            "displayColor": "FF9900",
            "displayMaxLineHeight": 1.5,
            "displayCjkSizeRatio": 2,
            "displayOptions": [],
            "displayPadZeros": 0,
            "displayType": "DESTINATION",
            "displayDefaultText": "회송|Not In Service",
            "doorXMultiplier": 0,
            "doorZMultiplier": 0,
            "doorAnimationType": "STANDARD",
            "renderFromOpeningDoorTime": 0,
            "renderUntilOpeningDoorTime": 0,
            "renderFromClosingDoorTime": 0,
            "renderUntilClosingDoorTime": 0,
            "flashOffTime": 0,
            "flashOnTime": 0
        },
        {
            "names": [
                "door_floor"
            ],
            "positionDefinitions": [
                "290d803e"
            ],
            "condition": "NORMAL",
            "renderStage": "EXTERIOR",
            "type": "FLOOR",
            "displayXPadding": 0,
            "displayYPadding": 0,
            "displayColorCjk": "FF9900",
            "displayColor": "FF9900",
            "displayMaxLineHeight": 1.5,
            "displayCjkSizeRatio": 2,
            "displayOptions": [],
            "displayPadZeros": 0,
            "displayType": "DESTINATION",
            "displayDefaultText": "회송|Not In Service",
            "doorXMultiplier": 0,
            "doorZMultiplier": 0,
            "doorAnimationType": "STANDARD",
            "renderFromOpeningDoorTime": 0,
            "renderUntilOpeningDoorTime": 0,
            "renderFromClosingDoorTime": 0,
            "renderUntilClosingDoorTime": 0,
            "flashOffTime": 0,
            "flashOnTime": 0
        },
        {
            "names": [
                "doorway"
            ],
            "positionDefinitions": [
                "3330d986"
            ],
            "condition": "NORMAL",
            "renderStage": "EXTERIOR",
            "type": "DOORWAY",
            "displayXPadding": 0,
            "displayYPadding": 0,
            "displayColorCjk": "FF9900",
            "displayColor": "FF9900",
            "displayMaxLineHeight": 1.5,
            "displayCjkSizeRatio": 2,
            "displayOptions": [],
            "displayPadZeros": 0,
            "displayType": "DESTINATION",
            "displayDefaultText": "회송|Not In Service",
            "doorXMultiplier": 0,
            "doorZMultiplier": 0,
            "doorAnimationType": "STANDARD",
            "renderFromOpeningDoorTime": 0,
            "renderUntilOpeningDoorTime": 0,
            "renderFromClosingDoorTime": 0,
            "renderUntilClosingDoorTime": 0,
            "flashOffTime": 0,
            "flashOnTime": 0
        }
    ],
    "modelYOffset": 1,
    "gangwayInnerSideResource": "mtr:rotem/rotem_side.png",
    "gangwayInnerTopResource": "mtr:rotem/rotem_roof.png",
    "gangwayInnerBottomResource": "mtr:textures/gangway/a_train_floor.png",
    "gangwayOuterSideResource": "mtr:rotem/rotem_side.png",
    "gangwayOuterTopResource": "mtr:rotem/rotem_roof.png",
    "gangwayOuterBottomResource": "mtr:rotem/rotem_side.png",
    "gangwayWidth": 1.5,
    "gangwayHeight": 2.25,
    "gangwayYOffset": 1,
    "gangwayZOffset": 0.5,
    "barrierInnerSideResource": "",
    "barrierInnerTopResource": "",
    "barrierInnerBottomResource": "",
    "barrierOuterSideResource": "",
    "barrierOuterTopResource": "",
    "barrierOuterBottomResource": "",
    "barrierWidth": 2.25,
    "barrierHeight": 1,
    "barrierYOffset": 1.25,
    "barrierZOffset": 0.25
}