{
    "parts": [
        {
            "names": [
                "end"
            ],
            "positionDefinitions": [
                "33493200"
            ],
            "condition": "NORMAL",
            "renderStage": "INTERIOR",
            "type": "NORMAL",
            "displayXPadding": 0,
            "displayYPadding": 0,
            "displayColorCjk": "FF9900",
            "displayColor": "FF9900",
            "displayMaxLineHeight": 1.5,
            "displayCjkSizeRatio": 2,
            "displayOptions": [],
            "displayPadZeros": 0,
            "displayType": "DESTINATION",
            "displayDefaultText": "회송|Not In Service",
            "doorXMultiplier": 0,
            "doorZMultiplier": 0,
            "doorAnimationType": "STANDARD",
            "renderFromOpeningDoorTime": 0,
            "renderUntilOpeningDoorTime": 0,
            "renderFromClosingDoorTime": 0,
            "renderUntilClosingDoorTime": 0,
            "flashOffTime": 0,
            "flashOnTime": 0
        },
        {
            "names": [
                "end_exterior"
            ],
            "positionDefinitions": [
                "70a007dc"
            ],
            "condition": "NORMAL",
            "renderStage": "EXTERIOR",
            "type": "NORMAL",
            "displayXPadding": 0,
            "displayYPadding": 0,
            "displayColorCjk": "FF9900",
            "displayColor": "FF9900",
            "displayMaxLineHeight": 1.5,
            "displayCjkSizeRatio": 2,
            "displayOptions": [],
            "displayPadZeros": 0,
            "displayType": "DESTINATION",
            "displayDefaultText": "마인크래프트교통공사|Minecraft Transit Railway",
            "doorXMultiplier": 0,
            "doorZMultiplier": 0,
            "doorAnimationType": "STANDARD",
            "renderFromOpeningDoorTime": 0,
            "renderUntilOpeningDoorTime": 0,
            "renderFromClosingDoorTime": 0,
            "renderUntilClosingDoorTime": 0,
            "flashOffTime": 0,
            "flashOnTime": 0
        },
        {
            "names": [
                "end_blue"
            ],
            "positionDefinitions": [
                "7f8047bb"
            ],
            "condition": "NORMAL",
            "renderStage": "ALWAYS_ON_LIGHT",
            "type": "NORMAL",
            "displayXPadding": 0,
            "displayYPadding": 0,
            "displayColorCjk": "FF9900",
            "displayColor": "FF9900",
            "displayMaxLineHeight": 1.5,
            "displayCjkSizeRatio": 2,
            "displayOptions": [],
            "displayPadZeros": 0,
            "displayType": "DESTINATION",
            "displayDefaultText": "회송|Not In Service",
            "doorXMultiplier": 0,
            "doorZMultiplier": 0,
            "doorAnimationType": "STANDARD",
            "renderFromOpeningDoorTime": 0,
            "renderUntilOpeningDoorTime": 0,
            "renderFromClosingDoorTime": 0,
            "renderUntilClosingDoorTime": 0,
            "flashOffTime": 0,
            "flashOnTime": 0
        },
        {
            "names": [
                "lights"
            ],
            "positionDefinitions": [
                "46aa0f45"
            ],
            "condition": "NORMAL",
            "renderStage": "LIGHT",
            "type": "NORMAL",
            "displayXPadding": 0,
            "displayYPadding": 0,
            "displayColorCjk": "FF9900",
            "displayColor": "FF9900",
            "displayMaxLineHeight": 1.5,
            "displayCjkSizeRatio": 2,
            "displayOptions": [],
            "displayPadZeros": 0,
            "displayType": "DESTINATION",
            "displayDefaultText": "회송|Not In Service",
            "doorXMultiplier": 0,
            "doorZMultiplier": 0,
            "doorAnimationType": "STANDARD",
            "renderFromOpeningDoorTime": 0,
            "renderUntilOpeningDoorTime": 0,
            "renderFromClosingDoorTime": 0,
            "renderUntilClosingDoorTime": 0,
            "flashOffTime": 0,
            "flashOnTime": 0
        },
        {
            "names": [
                "end_floor"
            ],
            "positionDefinitions": [
                "25b63690"
            ],
            "condition": "NORMAL",
            "renderStage": "EXTERIOR",
            "type": "FLOOR",
            "displayXPadding": 0,
            "displayYPadding": 0,
            "displayColorCjk": "FF9900",
            "displayColor": "FF9900",
            "displayMaxLineHeight": 1.5,
            "displayCjkSizeRatio": 2,
            "displayOptions": [],
            "displayPadZeros": 0,
            "displayType": "DESTINATION",
            "displayDefaultText": "회송|Not In Service",
            "doorXMultiplier": 0,
            "doorZMultiplier": 0,
            "doorAnimationType": "STANDARD",
            "renderFromOpeningDoorTime": 0,
            "renderUntilOpeningDoorTime": 0,
            "renderFromClosingDoorTime": 0,
            "renderUntilClosingDoorTime": 0,
            "flashOffTime": 0,
            "flashOnTime": 0
        },
        {
            "names": [
                "end_seat"
            ],
            "positionDefinitions": [
                "6043d8c0"
            ],
            "condition": "NORMAL",
            "renderStage": "EXTERIOR",
            "type": "SEAT",
            "displayXPadding": 0,
            "displayYPadding": 0,
            "displayColorCjk": "FF9900",
            "displayColor": "FF9900",
            "displayMaxLineHeight": 1.5,
            "displayCjkSizeRatio": 2,
            "displayOptions": [],
            "displayPadZeros": 0,
            "displayType": "NEXT_STATION",
            "displayDefaultText": "회송|Not In Service",
            "doorXMultiplier": 0,
            "doorZMultiplier": 0,
            "doorAnimationType": "STANDARD",
            "renderFromOpeningDoorTime": 0,
            "renderUntilOpeningDoorTime": 0,
            "renderFromClosingDoorTime": 0,
            "renderUntilClosingDoorTime": 0,
            "flashOffTime": 0,
            "flashOnTime": 0
        },
        {
            "names": [
                "end_display"
            ],
            "positionDefinitions": [
                "10b6fd33"
            ],
            "condition": "DOORS_CLOSED",
            "renderStage": "EXTERIOR",
            "type": "DISPLAY",
            "displayXPadding": 0,
            "displayYPadding": 0,
            "displayColorCjk": "FFFFFF",
            "displayColor": "FFFFFF",
            "displayMaxLineHeight": 1.5,
            "displayCjkSizeRatio": 2,
            "displayOptions": [
                "SINGLE_LINE",
                "SCROLL_NORMAL"
            ],
            "displayPadZeros": 0,
            "displayType": "NEXT_STATION_KCR",
            "displayDefaultText": "마인크래프트교통공사|Minecraft Transit Railway",
            "doorXMultiplier": 0,
            "doorZMultiplier": 0,
            "doorAnimationType": "STANDARD",
            "renderFromOpeningDoorTime": 0,
            "renderUntilOpeningDoorTime": 0,
            "renderFromClosingDoorTime": 0,
            "renderUntilClosingDoorTime": 0,
            "flashOffTime": 0,
            "flashOnTime": 0
        },
		{
            "names": [
                "window_transcluent"
            ],
            "positionDefinitions": [
                "87654321"
            ],
            "condition": "NORMAL",
            "renderStage": "INTERIOR_TRANSLUCENT",
            "type": "NORMAL",
            "displayXPadding": 0,
            "displayYPadding": 0,
            "displayColorCjk": "FF9900",
            "displayColor": "FF9900",
            "displayMaxLineHeight": 1.5,
            "displayCjkSizeRatio": 2,
            "displayOptions": [],
            "displayPadZeros": 0,
            "displayType": "DESTINATION",
            "displayDefaultText": "회송|Not In Service",
            "doorXMultiplier": 0,
            "doorZMultiplier": 0,
            "doorAnimationType": "STANDARD",
            "renderFromOpeningDoorTime": 0,
            "renderUntilOpeningDoorTime": 0,
            "renderFromClosingDoorTime": 0,
            "renderUntilClosingDoorTime": 0,
            "flashOffTime": 0,
            "flashOnTime": 0
        },
        {
            "names": [
                "end_display"
            ],
            "positionDefinitions": [
                "54d18c0b"
            ],
            "condition": "DOORS_OPENED",
            "renderStage": "EXTERIOR",
            "type": "DISPLAY",
            "displayXPadding": 0,
            "displayYPadding": 0,
            "displayColorCjk": "FFFFFF",
            "displayColor": "FFFFFF",
            "displayMaxLineHeight": 1.5,
            "displayCjkSizeRatio": 2,
            "displayOptions": [
                "SPACE_CJK",
                "ALIGN_BOTTOM",
                "CYCLE_LANGUAGES"
            ],
            "displayPadZeros": 0,
            "displayType": "NEXT_STATION",
            "displayDefaultText": "회송|Not In Service",
            "doorXMultiplier": 0,
            "doorZMultiplier": 0,
            "doorAnimationType": "STANDARD",
            "renderFromOpeningDoorTime": 0,
            "renderUntilOpeningDoorTime": 0,
            "renderFromClosingDoorTime": 0,
            "renderUntilClosingDoorTime": 0,
            "flashOffTime": 0,
            "flashOnTime": 0
        }
    ],
    "modelYOffset": 1,
    "gangwayInnerSideResource": "",
    "gangwayInnerTopResource": "",
    "gangwayInnerBottomResource": "",
    "gangwayOuterSideResource": "",
    "gangwayOuterTopResource": "",
    "gangwayOuterBottomResource": "",
    "gangwayWidth": 1.5,
    "gangwayHeight": 2.25,
    "gangwayYOffset": 1,
    "gangwayZOffset": 0.5,
    "barrierInnerSideResource": "",
    "barrierInnerTopResource": "",
    "barrierInnerBottomResource": "",
    "barrierOuterSideResource": "",
    "barrierOuterTopResource": "",
    "barrierOuterBottomResource": "",
    "barrierWidth": 2.25,
    "barrierHeight": 1,
    "barrierYOffset": 1.25,
    "barrierZOffset": 0.25
}