{
  "custom_trains": {
    "siemens_s200_sf": {
      "name": "Muni Metro Siemens S200 (Low Floor Boarding)",
      "description": "The Siemens S200 is a high-floor light rail vehicle (LRV) manufactured by Siemens Mobility in Florin, California. As the sucessors of the SD-100, SD-160, SD-400 and SD-460, the S200 is a high-floor version of the Siemens S70 & S700 low-floor LRV.",
      "wikipedia_article": "",
      "color": "DA321A",
      "gangway_connection_id": "mtr:siemens_s200_sf/siemens_s200_sf",
      "has_gangway_connection": true,
      "door_animation_type": "PLUG_SLOW",
      "texture_id": "mtr:siemens_s200_sf/siemens_s200_sf",
      "model": "mtr:siemens_s200_sf/siemens_s200_sf.bbmodel",
      "model_properties": "mtr:siemens_s200_sf/siemens_s200_sf.json",
      "bve_sound_base_id": "siemens_s200_sf"
    },
    "siemens_s200_sf_hf": {
      "name": "Muni Metro Siemens S200 (High Floor Boarding)",
      "description": "The Siemens S200 is a high-floor light rail vehicle (LRV) manufactured by Siemens Mobility in Florin, California. As the sucessors of the SD-100, SD-160, SD-400 and SD-460, the S200 is a high-floor version of the Siemens S70 & S700 low-floor LRV.",
      "wikipedia_article": "",
      "color": "DA321A",
      "gangway_connection_id": "mtr:siemens_s200_sf/siemens_s200_sf",
      "has_gangway_connection": true,
      "door_animation_type": "PLUG_SLOW",
      "texture_id": "mtr:siemens_s200_sf/siemens_s200_sf",
      "model": "mtr:siemens_s200_sf/siemens_s200_sf.bbmodel",
      "model_properties": "mtr:siemens_s200_sf/siemens_s200_sf_high_floor.json",
      "bve_sound_base_id": "siemens_s200_sf"
    }
  },
  "custom_signs": {
	   "s200_left": {
            "texture_id": "mtr:siemens_s200_sf/s200_icon.png",
            "custom_text": "輕鐵|Light Rail",
            "flip_custom_text": false,
            "small": true
        },
        "s200_right": {
            "texture_id": "mtr:siemens_s200_sf/s200_icon.png",
            "custom_text": "輕鐵|Light Rail",
            "flip_custom_text": true,
            "small": true
        },
        "s200_tile": {
            "texture_id": "mtr:siemens_s200_sf/s200_icon.png",
            "flip_custom_text": false,
            "small": true
        }
  }
}