{
	"siemens_s200_sf_motor0": {
		"sounds": [
			{
			"name": "mtr:siemens_s200_sf\/motor0",
			"attenuation_distance": 32
			}
		]
	},
	"siemens_s200_sf_motor1": {
		"sounds": [
			{
			"name": "mtr:siemens_s200_sf\/motor1",
			"attenuation_distance": 32
			}
		]
	},
	"siemens_s200_sf_motor2": {
		"sounds": [
			{
			"name": "mtr:siemens_s200_sf\/motor2",
			"attenuation_distance": 32
			}
		]
	},
	"siemens_s200_sf_motor3": {
		"sounds": [
			{
			"name": "mtr:siemens_s200_sf\/motor3",
			"attenuation_distance": 32
			}
		]
	},
	"siemens_s200_sf_airhigh": {
		"sounds": [
			{
			"name": "mtr:siemens_s200_sf\/airhigh",
			"attenuation_distance": 32
			}
		]
	},
	"siemens_s200_sf_doorcls": {
		"sounds": [
			{
			"name": "mtr:siemens_s200_sf\/doorcls",
			"attenuation_distance": 32
			}
		]
	},
	"siemens_s200_sf_dooropn": {
		"sounds": [
			{
			"name": "mtr:siemens_s200_sf\/dooropn",
			"attenuation_distance": 32
			}
		]
	},
	"siemens_s200_sf_flange": {
		"sounds": [
			{
			"name": "mtr:siemens_s200_sf\/flange",
			"attenuation_distance": 32
			}
		]
	},
	"siemens_s200_sf_loop": {
		"sounds": [
			{
			"name": "mtr:siemens_s200_sf\/loop",
			"attenuation_distance": 32
			}
		]
	},
	"siemens_s200_sf_rub": {
		"sounds": [
			{
			"name": "mtr:siemens_s200_sf\/rub",
			"attenuation_distance": 32
			}
		]
	},
	"siemens_s200_sf_point": {
		"sounds": [
			{
			"name": "mtr:siemens_s200_sf\/point",
			"attenuation_distance": 32
			}
		]
	},
	"siemens_s200_sf_run": {
		"sounds": [
			{
			"name": "mtr:siemens_s200_sf\/run",
			"attenuation_distance": 32
			}
		]
	}
}