{
	"positionDefinitions": [
		{
			"name": "Middle",
			"positions": [
				{
					"z": 0
				}
			]
		},
		{
			"name": "MiddleFlipped",
			"positionsFlipped": [
				{
					"z": 0
				}
			]
		},
		{
			"name": "Innen_M",
			"positions": [
				{
					"z": 24
				}
			]
		},
		{
			"name": "Innen_MFlipped",
			"positionsFlipped": [
				{
					"z": -24
				}
			]
		},
		{
			"name": "Innen_KK",
			"positions": [
				{
					"z": -24
				}
			]
		},
		{
			"name": "Innen_KKFlipped",
			"positionsFlipped": [
				{
					"z": 24
				}
			]
		},
		{
			"name": "Innen_KK_MS",
			"positions": [
				{
					"z": 40
				}
			]
		},
		{
			"name": "Innen_KKFlipped_MS",
			"positionsFlipped": [
				{
					"z": -40
				}
			]
		},
		{
			"name": "DoorA",
			"positions": [
				{
					"z": -28
				},
				{
					"z": 52
				}
			]
		},
		{
			"name": "DoorAFlipped",
			"positionsFlipped": [
				{
					"z": -4
				},
				{
					"z": 76
				}
			]
		},
		{
			"name": "DoorB",
			"positions": [
				{
					"z": 4
				},
				{
					"z": -76
				}
			]
		},
		{
			"name": "DoorBFlipped",
			"positionsFlipped": [
				{
					"z": 28
				},
				{
					"z": -52
				}
			]
		},
		{
			"name": "DoorM",
			"positions": [
				{
					"z": 28
				},
				{
					"z": -52
				}
			]
		},
		{
			"name": "DoorMFlipped",
			"positionsFlipped": [
				{
					"z": -28
				},
				{
					"z": 52
				}
			]
		},
		{
			"name": "DoorMS",
			"positions": [
				{
					"z": -12
				}
			]
		},
		{
			"name": "DoorMSFlipped",
			"positionsFlipped": [
				{
					"z": 12
				}
			]
		},
		{
			"name": "Innen_T_MS",
			"positions": [
				{
					"z": 40
				}
			]
		},
		{
			"name": "PantoM",
			"positionsFlipped": [
				{
					"z": 24
				}
			]
		},
		{
			"name": "PantoMS",
			"positionsFlipped": [
				{
					"z": 64
				}
			]
		},
		{
			"name": "PantoSolo",
			"positions": [
				{
					"z": -56
				}
			]
		},
		{
			"name": "PantoMini",
			"positions": [
				{
					"z": -40
				}
			]
		},
		{
			"name": "PantoSml",
			"positions": [
				{
					"z": -32
				}
			]
		},
		{
			"name": "DoorAMini",
			"positions": [
				{
					"z": 12
				}
			]
		},
		{
			"name": "DoorAMiniFlipped",
			"positionsFlipped": [
				{
					"z": 36
				}
			]
		},
		{
			"name": "DoorBMini",
			"positionsFlipped": [
				{
					"z": -12
				}
			]
		},
		{
			"name": "DoorBMiniFlipped",
			"positions": [
				{
					"z": -36
				}
			]
		},
		{
			"name": "Innen_T_Mini_A",
			"positions": [
				{
					"z": 64
				}
			]
		},
		{
			"name": "Innen_T_Mini_B",
			"positionsFlipped": [
				{
					"z": -64
				}
			]
		},
		{
			"name": "InnenFSTMini_A",
			"positions": [
				{
					"z": 40
				}
			]
		},
		{
			"name": "InnenFSTMini_B",
			"positionsFlipped": [
				{
					"z": -40
				}
			]
		},
		{
			"name": "InnenKKMini_A",
			"positionsFlipped": [
				{
					"z": -16
				}
			]
		},
		{
			"name": "InnenKKMini_B",
			"positions": [
				{
					"z": 16
				}
			]
		},
		{
			"name": "FrontSml_A",
			"positions": [
				{
					"z": 32
				}
			]
		},
		{
			"name": "FrontSml_B",
			"positionsFlipped": [
				{
					"z": -32
				}
			]
		},
		{
			"name": "KKSml_A",
			"positionsFlipped": [
				{
					"z": -8
				}
			]
		},
		{
			"name": "KKSml_B",
			"positions": [
				{
					"z": 8
				}
			]
		},
		{
			"name": "DoorASml",
			"positions": [
				{
					"z": 20
				}
			]
		},
		{
			"name": "DoorASmlFlipped",
			"positionsFlipped": [
				{
					"z": 44
				}
			]
		},
		{
			"name": "DoorBSml",
			"positionsFlipped": [
				{
					"z": -20
				}
			]
		},
		{
			"name": "DoorBSmlFlipped",
			"positions": [
				{
					"z": -44
				}
			]
		},
		{
			"name": "SingleDoorASml",
			"positions": [
				{
					"z": -55
				}
			]
		},
		{
			"name": "SingleDoorASmlFlipped",
			"positionsFlipped": [
				{
					"z": -31
				}
			]
		},
		{
			"name": "SingleDoorDisplayASmlFlipped",
			"positionsFlipped": [
				{
					"z": -30
				}
			]
		},
		{
			"name": "SingleDoorBSml",
			"positionsFlipped": [
				{
					"z": 55
				}
			]
		},
		{
			"name": "SingleDoorBSmlFlipped",
			"positions": [
				{
					"z": 31
				}
			]
		},
		{
			"name": "SingleDoorDisplayBSmlFlipped",
			"positions": [
				{
					"z": 30
				}
			]
		},
		{
			"name": "TSml_A",
			"positions": [
				{
					"z": 72
				}
			]
		},
		{
			"name": "TSml_B",
			"positionsFlipped": [
				{
					"z": -72
				}
			]
		},
		{
			"name": "VoutSml_A",
			"positions": [
				{
					"z": 8
				}
			]
		},
		{
			"name": "VoutSml_B",
			"positionsFlipped": [
				{
					"z": -8
				}
			]
		},
		{
			"name": "InnenMSml_A",
			"positions": [
				{
					"z": -8
				}
			]
		},
		{
			"name": "InnenMSml_B",
			"positionsFlipped": [
				{
					"z": 8
				}
			]
		},
		{
			"name": "Solo_InnenET",
			"positions": [
				{
					"z": -32
				}
			],
			"positionsFlipped": [
				{
					"z": 32
				}
			]
		},
		{
			"name": "Solo_InnenET2002",
			"positions": [
				{
					"z": -40
				}
			],
			"positionsFlipped": [
				{
					"z": 40
				}
			]
		},
		{
			"name": "Solo_InnenT",
			"positions": [
				{
					"z": 40
				}
			]
		},
		{
			"name": "Solo_Tuer",
			"positions": [
				{
					"z": -12
				}
			],
			"positionsFlipped": [
				{
					"z": 12
				}
			]
		},
		{
			"name": "Solo_EinzelTuer",
			"positions": [
				{
					"z": -87
				},
				{
					"z": 63
				}
			],
			"positionsFlipped": [
				{
					"z": 87
				},
				{
					"z": -63
				}
			]
		},
		{
			"name": "Solo_EinzelTuerDisp",
			"positions": [
				{
					"z": -87
				},
				{
					"z": 62
				}
			],
			"positionsFlipped": [
				{
					"z": 87
				},
				{
					"z": -62
				}
			]
		},
		{
			"name": "Solo_EinzelTuerA",
			"positions": [
				{
					"z": -87
				}
			],
			"positionsFlipped": [
				{
					"z": 87
				}
			]
		},
		{
			"name": "Solo_EinzelTuerB",
			"positions": [
				{
					"z": 63
				}
			],
			"positionsFlipped": [
				{
					"z": -63
				}
			]
		}
	]
}
