{"positionDefinitions":[{"name":"6a4698bb","positions":[{"x":0.0,"y":0.0,"z":40.0},{"x":0.0,"y":0.0,"z":-40.0},{"x":0.0,"y":0.0,"z":-120.0},{"x":0.0,"y":0.0,"z":104.0}],"positionsFlipped":[{"x":0.0,"y":0.0,"z":40.0},{"x":0.0,"y":0.0,"z":-40.0},{"x":0.0,"y":0.0,"z":-120.0},{"x":0.0,"y":0.0,"z":104.0}]},{"name":"3ea39415","positions":[{"x":0.0,"y":0.0,"z":40.0},{"x":0.0,"y":0.0,"z":-40.0},{"x":0.0,"y":0.0,"z":-120.0},{"x":0.0,"y":0.0,"z":104.0}],"positionsFlipped":[]},{"name":"8d0880cd","positions":[{"x":0.0,"y":0.0,"z":40.0},{"x":0.0,"y":0.0,"z":-40.0},{"x":0.0,"y":0.0,"z":-120.0},{"x":0.0,"y":0.0,"z":104.0}],"positionsFlipped":[]},{"name":"85c1b86a","positions":[{"x":0.0,"y":0.0,"z":40.0},{"x":0.0,"y":0.0,"z":-40.0},{"x":0.0,"y":0.0,"z":-120.0},{"x":0.0,"y":0.0,"z":104.0}],"positionsFlipped":[{"x":0.0,"y":0.0,"z":40.0},{"x":0.0,"y":0.0,"z":-40.0},{"x":0.0,"y":0.0,"z":-120.0},{"x":0.0,"y":0.0,"z":104.0}]},{"name":"9f3e4aac","positions":[{"x":0.0,"y":0.0,"z":40.0},{"x":0.0,"y":0.0,"z":-40.0},{"x":0.0,"y":0.0,"z":-120.0},{"x":0.0,"y":0.0,"z":104.0}],"positionsFlipped":[{"x":0.0,"y":0.0,"z":40.0},{"x":0.0,"y":0.0,"z":-40.0},{"x":0.0,"y":0.0,"z":-120.0},{"x":0.0,"y":0.0,"z":104.0}]},{"name":"c4986f63","positions":[{"x":0.0,"y":0.0,"z":40.0},{"x":0.0,"y":0.0,"z":-40.0},{"x":0.0,"y":0.0,"z":-120.0},{"x":0.0,"y":0.0,"z":104.0}],"positionsFlipped":[{"x":0.0,"y":0.0,"z":40.0},{"x":0.0,"y":0.0,"z":-40.0},{"x":0.0,"y":0.0,"z":-120.0},{"x":0.0,"y":0.0,"z":104.0}]},{"name":"88ab99b2","positions":[{"x":0.0,"y":0.0,"z":40.0},{"x":0.0,"y":0.0,"z":-40.0},{"x":0.0,"y":0.0,"z":-120.0},{"x":0.0,"y":0.0,"z":104.0}],"positionsFlipped":[]},{"name":"4e121a08","positions":[{"x":0.0,"y":0.0,"z":40.0},{"x":0.0,"y":0.0,"z":-40.0},{"x":0.0,"y":0.0,"z":-120.0},{"x":0.0,"y":0.0,"z":104.0}],"positionsFlipped":[{"x":0.0,"y":0.0,"z":40.0},{"x":0.0,"y":0.0,"z":-40.0},{"x":0.0,"y":0.0,"z":-120.0},{"x":0.0,"y":0.0,"z":104.0}]},{"name":"c3cd8250","positions":[],"positionsFlipped":[{"x":0.0,"y":0.0,"z":40.0},{"x":0.0,"y":0.0,"z":-40.0},{"x":0.0,"y":0.0,"z":-120.0},{"x":0.0,"y":0.0,"z":104.0}]},{"name":"c641088c","positions":[],"positionsFlipped":[{"x":0.0,"y":0.0,"z":40.0},{"x":0.0,"y":0.0,"z":-40.0},{"x":0.0,"y":0.0,"z":-120.0},{"x":0.0,"y":0.0,"z":104.0}]},{"name":"bd116b8d","positions":[],"positionsFlipped":[{"x":0.0,"y":0.0,"z":40.0},{"x":0.0,"y":0.0,"z":-40.0},{"x":0.0,"y":0.0,"z":-120.0},{"x":0.0,"y":0.0,"z":104.0}]},{"name":"61780db4","positions":[{"x":0.0,"y":0.0,"z":40.0},{"x":0.0,"y":0.0,"z":-40.0},{"x":0.0,"y":0.0,"z":-120.0},{"x":0.0,"y":0.0,"z":104.0}],"positionsFlipped":[]},{"name":"cf3cc76e","positions":[{"x":0.0,"y":0.0,"z":40.0},{"x":0.0,"y":0.0,"z":-40.0},{"x":0.0,"y":0.0,"z":-120.0},{"x":0.0,"y":0.0,"z":104.0}],"positionsFlipped":[]},{"name":"3e2eca14","positions":[],"positionsFlipped":[{"x":0.0,"y":0.0,"z":40.0},{"x":0.0,"y":0.0,"z":-40.0},{"x":0.0,"y":0.0,"z":-120.0},{"x":0.0,"y":0.0,"z":104.0}]},{"name":"d02bb146","positions":[],"positionsFlipped":[{"x":0.0,"y":0.0,"z":40.0},{"x":0.0,"y":0.0,"z":-40.0},{"x":0.0,"y":0.0,"z":-120.0},{"x":0.0,"y":0.0,"z":104.0}]},{"name":"a7b055a5","positions":[{"x":0.0,"y":0.0,"z":0.0},{"x":0.0,"y":0.0,"z":-80.0}],"positionsFlipped":[{"x":0.0,"y":0.0,"z":0.0},{"x":0.0,"y":0.0,"z":-80.0}]},{"name":"e4435a15","positions":[{"x":0.0,"y":0.0,"z":0.0},{"x":0.0,"y":0.0,"z":-80.0}],"positionsFlipped":[{"x":0.0,"y":0.0,"z":0.0},{"x":0.0,"y":0.0,"z":-80.0}]},{"name":"bc61aaaf","positions":[{"x":0.0,"y":0.0,"z":0.0},{"x":0.0,"y":0.0,"z":-80.0}],"positionsFlipped":[{"x":0.0,"y":0.0,"z":0.0},{"x":0.0,"y":0.0,"z":-80.0}]},{"name":"71227511","positions":[{"x":0.0,"y":0.0,"z":0.0},{"x":0.0,"y":0.0,"z":-80.0}],"positionsFlipped":[{"x":0.0,"y":0.0,"z":0.0},{"x":0.0,"y":0.0,"z":-80.0}]},{"name":"50c18195","positions":[{"x":0.0,"y":0.0,"z":0.0},{"x":0.0,"y":0.0,"z":32.0},{"x":0.0,"y":0.0,"z":-32.0},{"x":0.0,"y":0.0,"z":64.0},{"x":0.0,"y":0.0,"z":-64.0},{"x":0.0,"y":0.0,"z":96.0},{"x":0.0,"y":0.0,"z":-96.0},{"x":0.0,"y":0.0,"z":128.0},{"x":0.0,"y":0.0,"z":-128.0}],"positionsFlipped":[{"x":0.0,"y":0.0,"z":0.0},{"x":0.0,"y":0.0,"z":32.0},{"x":0.0,"y":0.0,"z":-32.0},{"x":0.0,"y":0.0,"z":64.0},{"x":0.0,"y":0.0,"z":-64.0},{"x":0.0,"y":0.0,"z":96.0},{"x":0.0,"y":0.0,"z":-96.0},{"x":0.0,"y":0.0,"z":128.0},{"x":0.0,"y":0.0,"z":-128.0}]},{"name":"d67ffff0","positions":[{"x":0.0,"y":0.0,"z":0.0},{"x":0.0,"y":0.0,"z":0.0}],"positionsFlipped":[]},{"name":"dd374c6a","positions":[],"positionsFlipped":[{"x":0.0,"y":0.0,"z":-144.0}]},{"name":"36ba7f86","positions":[],"positionsFlipped":[{"x":0.0,"y":0.0,"z":-144.0}]},{"name":"b60d962d","positions":[],"positionsFlipped":[{"x":0.0,"y":0.0,"z":-144.0}]},{"name":"5fa8017c","positions":[{"x":0.0,"y":0.0,"z":144.0}],"positionsFlipped":[{"x":0.0,"y":0.0,"z":-144.0}]},{"name":"8aa3e76c","positions":[{"x":0.0,"y":0.0,"z":0.0}],"positionsFlipped":[{"x":0.0,"y":0.0,"z":0.0}]},{"name":"1b61e607","positions":[{"x":0.0,"y":0.0,"z":0.0}],"positionsFlipped":[{"x":0.0,"y":0.0,"z":0.0}]},{"name":"27762f93","positions":[{"x":0.0,"y":0.0,"z":0.0}],"positionsFlipped":[{"x":0.0,"y":0.0,"z":0.0}]},{"name":"b4bb7eb1","positions":[{"x":0.0,"y":0.0,"z":0.0}],"positionsFlipped":[{"x":0.0,"y":0.0,"z":0.0}]},{"name":"75e7cbd3","positions":[{"x":0.0,"y":0.0,"z":0.0}],"positionsFlipped":[{"x":0.0,"y":0.0,"z":0.0}]},{"name":"478a961c","positions":[{"x":0.0,"y":0.0,"z":72.0}],"positionsFlipped":[{"x":0.0,"y":0.0,"z":72.0}]},{"name":"aa55a264","positions":[{"x":0.0,"y":0.0,"z":72.0}],"positionsFlipped":[{"x":0.0,"y":0.0,"z":72.0}]},{"name":"39d5c116","positions":[],"positionsFlipped":[{"x":0.0,"y":0.0,"z":144.0}]},{"name":"712780e","positions":[],"positionsFlipped":[{"x":0.0,"y":0.0,"z":144.0}]},{"name":"cfe3f60d","positions":[],"positionsFlipped":[{"x":0.0,"y":0.0,"z":144.0}]},{"name":"a0df05b6","positions":[],"positionsFlipped":[{"x":0.0,"y":0.0,"z":144.0}]},{"name":"3f57ed80","positions":[],"positionsFlipped":[{"x":0.0,"y":0.0,"z":144.0}]},{"name":"2f5e1f9e","positions":[],"positionsFlipped":[{"x":0.0,"y":0.0,"z":144.0}]},{"name":"884f6309","positions":[{"x":0.0,"y":0.0,"z":72.0}],"positionsFlipped":[{"x":0.0,"y":0.0,"z":72.0}]},{"name":"ae3ca239","positions":[{"x":0.0,"y":0.0,"z":72.0}],"positionsFlipped":[{"x":0.0,"y":0.0,"z":72.0}]},{"name":"9613717d","positions":[],"positionsFlipped":[{"x":0.0,"y":0.0,"z":144.0}]},{"name":"acbef402","positions":[],"positionsFlipped":[{"x":0.0,"y":0.0,"z":144.0}]},{"name":"994bc3fe","positions":[{"x":0.0,"y":0.0,"z":0.0},{"x":0.0,"y":0.0,"z":17.5},{"x":0.0,"y":0.0,"z":-17.5},{"x":0.0,"y":0.0,"z":40.0},{"x":0.0,"y":0.0,"z":-40.0},{"x":0.0,"y":0.0,"z":62.5},{"x":0.0,"y":0.0,"z":-80.0},{"x":0.0,"y":0.0,"z":-97.5},{"x":0.0,"y":0.0,"z":-120.0},{"x":0.0,"y":0.0,"z":-142.5},{"x":0.0,"y":0.0,"z":63.0},{"x":0.0,"y":0.0,"z":81.0},{"x":0.0,"y":0.0,"z":104.0}],"positionsFlipped":[]},{"name":"6bb11e1b","positions":[],"positionsFlipped":[{"x":0.0,"y":0.0,"z":144.0}]},{"name":"9affeef1","positions":[],"positionsFlipped":[{"x":0.0,"y":0.0,"z":144.0}]},{"name":"8ab73ee0","positions":[],"positionsFlipped":[{"x":0.0,"y":0.0,"z":-144.0}]},{"name":"40ba5620","positions":[{"x":0.0,"y":0.0,"z":0.0},{"x":0.0,"y":0.0,"z":-80.0}],"positionsFlipped":[{"x":0.0,"y":0.0,"z":0.0},{"x":0.0,"y":0.0,"z":-80.0}]},{"name":"1782840f","positions":[{"x":0.0,"y":0.0,"z":72.0}],"positionsFlipped":[{"x":0.0,"y":0.0,"z":72.0}]}]}