{"positionDefinitions":[{"name":"2a74c944","positions":[{"x":0.0,"y":0.0,"z":40.0},{"x":0.0,"y":0.0,"z":-40.0},{"x":0.0,"y":0.0,"z":120.0},{"x":0.0,"y":0.0,"z":-120.0}],"positionsFlipped":[{"x":0.0,"y":0.0,"z":40.0},{"x":0.0,"y":0.0,"z":-40.0},{"x":0.0,"y":0.0,"z":120.0},{"x":0.0,"y":0.0,"z":-120.0}]},{"name":"63dcf33d","positions":[{"x":0.0,"y":0.0,"z":40.0},{"x":0.0,"y":0.0,"z":-40.0},{"x":0.0,"y":0.0,"z":120.0},{"x":0.0,"y":0.0,"z":-120.0}],"positionsFlipped":[]},{"name":"549c9cef","positions":[{"x":0.0,"y":0.0,"z":40.0},{"x":0.0,"y":0.0,"z":-40.0},{"x":0.0,"y":0.0,"z":120.0},{"x":0.0,"y":0.0,"z":-120.0}],"positionsFlipped":[]},{"name":"456a7fa","positions":[{"x":0.0,"y":0.0,"z":40.0},{"x":0.0,"y":0.0,"z":-40.0},{"x":0.0,"y":0.0,"z":120.0},{"x":0.0,"y":0.0,"z":-120.0}],"positionsFlipped":[{"x":0.0,"y":0.0,"z":40.0},{"x":0.0,"y":0.0,"z":-40.0},{"x":0.0,"y":0.0,"z":120.0},{"x":0.0,"y":0.0,"z":-120.0}]},{"name":"86d4b096","positions":[{"x":0.0,"y":0.0,"z":40.0},{"x":0.0,"y":0.0,"z":-40.0},{"x":0.0,"y":0.0,"z":120.0},{"x":0.0,"y":0.0,"z":-120.0}],"positionsFlipped":[{"x":0.0,"y":0.0,"z":40.0},{"x":0.0,"y":0.0,"z":-40.0},{"x":0.0,"y":0.0,"z":120.0},{"x":0.0,"y":0.0,"z":-120.0}]},{"name":"446ac9f3","positions":[{"x":0.0,"y":0.0,"z":40.0},{"x":0.0,"y":0.0,"z":-40.0},{"x":0.0,"y":0.0,"z":120.0},{"x":0.0,"y":0.0,"z":-120.0}],"positionsFlipped":[{"x":0.0,"y":0.0,"z":40.0},{"x":0.0,"y":0.0,"z":-40.0},{"x":0.0,"y":0.0,"z":120.0},{"x":0.0,"y":0.0,"z":-120.0}]},{"name":"bb084141","positions":[{"x":0.0,"y":0.0,"z":40.0},{"x":0.0,"y":0.0,"z":-40.0},{"x":0.0,"y":0.0,"z":120.0},{"x":0.0,"y":0.0,"z":-120.0}],"positionsFlipped":[]},{"name":"d93a61e0","positions":[{"x":0.0,"y":0.0,"z":40.0},{"x":0.0,"y":0.0,"z":-40.0},{"x":0.0,"y":0.0,"z":120.0},{"x":0.0,"y":0.0,"z":-120.0}],"positionsFlipped":[{"x":0.0,"y":0.0,"z":40.0},{"x":0.0,"y":0.0,"z":-40.0},{"x":0.0,"y":0.0,"z":120.0},{"x":0.0,"y":0.0,"z":-120.0}]},{"name":"83d80713","positions":[],"positionsFlipped":[{"x":0.0,"y":0.0,"z":40.0},{"x":0.0,"y":0.0,"z":-40.0},{"x":0.0,"y":0.0,"z":120.0},{"x":0.0,"y":0.0,"z":-120.0}]},{"name":"8ebeb5b7","positions":[],"positionsFlipped":[{"x":0.0,"y":0.0,"z":40.0},{"x":0.0,"y":0.0,"z":-40.0},{"x":0.0,"y":0.0,"z":120.0},{"x":0.0,"y":0.0,"z":-120.0}]},{"name":"22241cb0","positions":[],"positionsFlipped":[{"x":0.0,"y":0.0,"z":40.0},{"x":0.0,"y":0.0,"z":-40.0},{"x":0.0,"y":0.0,"z":120.0},{"x":0.0,"y":0.0,"z":-120.0}]},{"name":"1448d91a","positions":[{"x":0.0,"y":0.0,"z":40.0},{"x":0.0,"y":0.0,"z":-40.0},{"x":0.0,"y":0.0,"z":120.0},{"x":0.0,"y":0.0,"z":-120.0}],"positionsFlipped":[]},{"name":"ce2ac040","positions":[{"x":0.0,"y":0.0,"z":40.0},{"x":0.0,"y":0.0,"z":-40.0},{"x":0.0,"y":0.0,"z":120.0},{"x":0.0,"y":0.0,"z":-120.0}],"positionsFlipped":[]},{"name":"741b5e25","positions":[],"positionsFlipped":[{"x":0.0,"y":0.0,"z":40.0},{"x":0.0,"y":0.0,"z":-40.0},{"x":0.0,"y":0.0,"z":120.0},{"x":0.0,"y":0.0,"z":-120.0}]},{"name":"1b3d7f1d","positions":[],"positionsFlipped":[{"x":0.0,"y":0.0,"z":40.0},{"x":0.0,"y":0.0,"z":-40.0},{"x":0.0,"y":0.0,"z":120.0},{"x":0.0,"y":0.0,"z":-120.0}]},{"name":"779d10a8","positions":[{"x":0.0,"y":0.0,"z":0.0},{"x":0.0,"y":0.0,"z":80.0},{"x":0.0,"y":0.0,"z":-80.0}],"positionsFlipped":[{"x":0.0,"y":0.0,"z":0.0},{"x":0.0,"y":0.0,"z":80.0},{"x":0.0,"y":0.0,"z":-80.0}]},{"name":"7c5d963c","positions":[{"x":0.0,"y":0.0,"z":0.0},{"x":0.0,"y":0.0,"z":80.0},{"x":0.0,"y":0.0,"z":-80.0}],"positionsFlipped":[{"x":0.0,"y":0.0,"z":0.0},{"x":0.0,"y":0.0,"z":80.0},{"x":0.0,"y":0.0,"z":-80.0}]},{"name":"b037f822","positions":[{"x":0.0,"y":0.0,"z":0.0},{"x":0.0,"y":0.0,"z":80.0},{"x":0.0,"y":0.0,"z":-80.0}],"positionsFlipped":[{"x":0.0,"y":0.0,"z":0.0},{"x":0.0,"y":0.0,"z":80.0},{"x":0.0,"y":0.0,"z":-80.0}]},{"name":"5e88a62c","positions":[{"x":0.0,"y":0.0,"z":0.0},{"x":0.0,"y":0.0,"z":80.0},{"x":0.0,"y":0.0,"z":-80.0}],"positionsFlipped":[{"x":0.0,"y":0.0,"z":0.0},{"x":0.0,"y":0.0,"z":80.0},{"x":0.0,"y":0.0,"z":-80.0}]},{"name":"b03603e8","positions":[{"x":0.0,"y":0.0,"z":0.0},{"x":0.0,"y":0.0,"z":32.0},{"x":0.0,"y":0.0,"z":-32.0},{"x":0.0,"y":0.0,"z":64.0},{"x":0.0,"y":0.0,"z":-64.0},{"x":0.0,"y":0.0,"z":96.0},{"x":0.0,"y":0.0,"z":-96.0},{"x":0.0,"y":0.0,"z":128.0},{"x":0.0,"y":0.0,"z":-128.0}],"positionsFlipped":[{"x":0.0,"y":0.0,"z":0.0},{"x":0.0,"y":0.0,"z":32.0},{"x":0.0,"y":0.0,"z":-32.0},{"x":0.0,"y":0.0,"z":64.0},{"x":0.0,"y":0.0,"z":-64.0},{"x":0.0,"y":0.0,"z":96.0},{"x":0.0,"y":0.0,"z":-96.0},{"x":0.0,"y":0.0,"z":128.0},{"x":0.0,"y":0.0,"z":-128.0}]},{"name":"377887f2","positions":[{"x":0.0,"y":0.0,"z":0.0},{"x":0.0,"y":0.0,"z":0.0}],"positionsFlipped":[]},{"name":"fdfacf98","positions":[{"x":0.0,"y":0.0,"z":144.0}],"positionsFlipped":[{"x":0.0,"y":0.0,"z":-144.0}]},{"name":"d02ea88e","positions":[{"x":0.0,"y":0.0,"z":144.0}],"positionsFlipped":[{"x":0.0,"y":0.0,"z":-144.0}]},{"name":"7be83268","positions":[{"x":0.0,"y":0.0,"z":144.0}],"positionsFlipped":[{"x":0.0,"y":0.0,"z":-144.0}]},{"name":"9a258770","positions":[{"x":0.0,"y":0.0,"z":144.0}],"positionsFlipped":[{"x":0.0,"y":0.0,"z":-144.0}]},{"name":"14873cad","positions":[{"x":0.0,"y":0.0,"z":0.0}],"positionsFlipped":[{"x":0.0,"y":0.0,"z":0.0}]},{"name":"c9703d7d","positions":[{"x":0.0,"y":0.0,"z":0.0}],"positionsFlipped":[{"x":0.0,"y":0.0,"z":0.0}]},{"name":"c12932de","positions":[{"x":0.0,"y":0.0,"z":0.0}],"positionsFlipped":[{"x":0.0,"y":0.0,"z":0.0}]},{"name":"131f9e60","positions":[{"x":0.0,"y":0.0,"z":0.0}],"positionsFlipped":[{"x":0.0,"y":0.0,"z":0.0}]},{"name":"14649f12","positions":[{"x":0.0,"y":0.0,"z":0.0}],"positionsFlipped":[{"x":0.0,"y":0.0,"z":0.0}]},{"name":"27fc67bc","positions":[{"x":0.0,"y":0.0,"z":0.0},{"x":0.0,"y":0.0,"z":17.5},{"x":0.0,"y":0.0,"z":-17.5},{"x":0.0,"y":0.0,"z":-40.0},{"x":0.0,"y":0.0,"z":40.0},{"x":0.0,"y":0.0,"z":62.5},{"x":0.0,"y":0.0,"z":-62.5},{"x":0.0,"y":0.0,"z":80.0},{"x":0.0,"y":0.0,"z":-80.0},{"x":0.0,"y":0.0,"z":97.5},{"x":0.0,"y":0.0,"z":-97.5},{"x":0.0,"y":0.0,"z":120.0},{"x":0.0,"y":0.0,"z":-120.0},{"x":0.0,"y":0.0,"z":142.5},{"x":0.0,"y":0.0,"z":-142.5}],"positionsFlipped":[]},{"name":"d3b68c8f","positions":[{"x":0.0,"y":0.0,"z":0.0},{"x":0.0,"y":0.0,"z":80.0},{"x":0.0,"y":0.0,"z":-80.0}],"positionsFlipped":[{"x":0.0,"y":0.0,"z":0.0},{"x":0.0,"y":0.0,"z":80.0},{"x":0.0,"y":0.0,"z":-80.0}]},{"name":"9790d026","positions":[{"x":0.0,"y":0.0,"z":144.0}],"positionsFlipped":[{"x":0.0,"y":0.0,"z":-144.0}]}]}