{"positionDefinitions":[{"name":"f76b85f8","positions":[{"x":0.0,"y":0.0,"z":40.0},{"x":0.0,"y":0.0,"z":-40.0},{"x":0.0,"y":0.0,"z":120.0},{"x":0.0,"y":0.0,"z":-104.0}],"positionsFlipped":[{"x":0.0,"y":0.0,"z":40.0},{"x":0.0,"y":0.0,"z":-40.0},{"x":0.0,"y":0.0,"z":120.0},{"x":0.0,"y":0.0,"z":-104.0}]},{"name":"92876915","positions":[{"x":0.0,"y":0.0,"z":40.0},{"x":0.0,"y":0.0,"z":-40.0},{"x":0.0,"y":0.0,"z":120.0},{"x":0.0,"y":0.0,"z":-104.0}],"positionsFlipped":[]},{"name":"e82c6faf","positions":[{"x":0.0,"y":0.0,"z":40.0},{"x":0.0,"y":0.0,"z":-40.0},{"x":0.0,"y":0.0,"z":120.0},{"x":0.0,"y":0.0,"z":-104.0}],"positionsFlipped":[]},{"name":"a5e81b87","positions":[{"x":0.0,"y":0.0,"z":40.0},{"x":0.0,"y":0.0,"z":-40.0},{"x":0.0,"y":0.0,"z":120.0},{"x":0.0,"y":0.0,"z":-104.0}],"positionsFlipped":[{"x":0.0,"y":0.0,"z":40.0},{"x":0.0,"y":0.0,"z":-40.0},{"x":0.0,"y":0.0,"z":120.0},{"x":0.0,"y":0.0,"z":-104.0}]},{"name":"35142395","positions":[{"x":0.0,"y":0.0,"z":40.0},{"x":0.0,"y":0.0,"z":-40.0},{"x":0.0,"y":0.0,"z":120.0},{"x":0.0,"y":0.0,"z":-104.0}],"positionsFlipped":[{"x":0.0,"y":0.0,"z":40.0},{"x":0.0,"y":0.0,"z":-40.0},{"x":0.0,"y":0.0,"z":120.0},{"x":0.0,"y":0.0,"z":-104.0}]},{"name":"4a968002","positions":[{"x":0.0,"y":0.0,"z":40.0},{"x":0.0,"y":0.0,"z":-40.0},{"x":0.0,"y":0.0,"z":120.0},{"x":0.0,"y":0.0,"z":-104.0}],"positionsFlipped":[{"x":0.0,"y":0.0,"z":40.0},{"x":0.0,"y":0.0,"z":-40.0},{"x":0.0,"y":0.0,"z":120.0},{"x":0.0,"y":0.0,"z":-104.0}]},{"name":"de6625db","positions":[{"x":0.0,"y":0.0,"z":40.0},{"x":0.0,"y":0.0,"z":-40.0},{"x":0.0,"y":0.0,"z":120.0},{"x":0.0,"y":0.0,"z":-104.0}],"positionsFlipped":[]},{"name":"a190c476","positions":[{"x":0.0,"y":0.0,"z":40.0},{"x":0.0,"y":0.0,"z":-40.0},{"x":0.0,"y":0.0,"z":120.0},{"x":0.0,"y":0.0,"z":-104.0}],"positionsFlipped":[{"x":0.0,"y":0.0,"z":40.0},{"x":0.0,"y":0.0,"z":-40.0},{"x":0.0,"y":0.0,"z":120.0},{"x":0.0,"y":0.0,"z":-104.0}]},{"name":"7284fecb","positions":[],"positionsFlipped":[{"x":0.0,"y":0.0,"z":40.0},{"x":0.0,"y":0.0,"z":-40.0},{"x":0.0,"y":0.0,"z":120.0},{"x":0.0,"y":0.0,"z":-104.0}]},{"name":"bbc8c385","positions":[],"positionsFlipped":[{"x":0.0,"y":0.0,"z":40.0},{"x":0.0,"y":0.0,"z":-40.0},{"x":0.0,"y":0.0,"z":120.0},{"x":0.0,"y":0.0,"z":-104.0}]},{"name":"712d3866","positions":[],"positionsFlipped":[{"x":0.0,"y":0.0,"z":40.0},{"x":0.0,"y":0.0,"z":-40.0},{"x":0.0,"y":0.0,"z":120.0},{"x":0.0,"y":0.0,"z":-104.0}]},{"name":"6525fea8","positions":[{"x":0.0,"y":0.0,"z":40.0},{"x":0.0,"y":0.0,"z":-40.0},{"x":0.0,"y":0.0,"z":120.0},{"x":0.0,"y":0.0,"z":-104.0}],"positionsFlipped":[]},{"name":"5e808cdc","positions":[{"x":0.0,"y":0.0,"z":40.0},{"x":0.0,"y":0.0,"z":-40.0},{"x":0.0,"y":0.0,"z":120.0},{"x":0.0,"y":0.0,"z":-104.0}],"positionsFlipped":[]},{"name":"590615a0","positions":[],"positionsFlipped":[{"x":0.0,"y":0.0,"z":40.0},{"x":0.0,"y":0.0,"z":-40.0},{"x":0.0,"y":0.0,"z":120.0},{"x":0.0,"y":0.0,"z":-104.0}]},{"name":"10c15a6b","positions":[],"positionsFlipped":[{"x":0.0,"y":0.0,"z":40.0},{"x":0.0,"y":0.0,"z":-40.0},{"x":0.0,"y":0.0,"z":120.0},{"x":0.0,"y":0.0,"z":-104.0}]},{"name":"e57fbac5","positions":[{"x":0.0,"y":0.0,"z":0.0},{"x":0.0,"y":0.0,"z":80.0}],"positionsFlipped":[{"x":0.0,"y":0.0,"z":0.0},{"x":0.0,"y":0.0,"z":80.0}]},{"name":"89f3b3c3","positions":[{"x":0.0,"y":0.0,"z":0.0},{"x":0.0,"y":0.0,"z":80.0}],"positionsFlipped":[{"x":0.0,"y":0.0,"z":0.0},{"x":0.0,"y":0.0,"z":80.0}]},{"name":"560cb7b8","positions":[{"x":0.0,"y":0.0,"z":0.0},{"x":0.0,"y":0.0,"z":80.0}],"positionsFlipped":[{"x":0.0,"y":0.0,"z":0.0},{"x":0.0,"y":0.0,"z":80.0}]},{"name":"66c80d4b","positions":[{"x":0.0,"y":0.0,"z":0.0},{"x":0.0,"y":0.0,"z":80.0}],"positionsFlipped":[{"x":0.0,"y":0.0,"z":0.0},{"x":0.0,"y":0.0,"z":80.0}]},{"name":"8cb3daaa","positions":[{"x":0.0,"y":0.0,"z":0.0},{"x":0.0,"y":0.0,"z":32.0},{"x":0.0,"y":0.0,"z":-32.0},{"x":0.0,"y":0.0,"z":64.0},{"x":0.0,"y":0.0,"z":-64.0},{"x":0.0,"y":0.0,"z":96.0},{"x":0.0,"y":0.0,"z":-96.0},{"x":0.0,"y":0.0,"z":128.0},{"x":0.0,"y":0.0,"z":-128.0}],"positionsFlipped":[{"x":0.0,"y":0.0,"z":0.0},{"x":0.0,"y":0.0,"z":32.0},{"x":0.0,"y":0.0,"z":-32.0},{"x":0.0,"y":0.0,"z":64.0},{"x":0.0,"y":0.0,"z":-64.0},{"x":0.0,"y":0.0,"z":96.0},{"x":0.0,"y":0.0,"z":-96.0},{"x":0.0,"y":0.0,"z":128.0},{"x":0.0,"y":0.0,"z":-128.0}]},{"name":"18afe9b","positions":[{"x":0.0,"y":0.0,"z":0.0},{"x":0.0,"y":0.0,"z":0.0}],"positionsFlipped":[]},{"name":"2766ccfa","positions":[{"x":0.0,"y":0.0,"z":144.0}],"positionsFlipped":[]},{"name":"6b902359","positions":[{"x":0.0,"y":0.0,"z":144.0}],"positionsFlipped":[]},{"name":"eac3c53c","positions":[{"x":0.0,"y":0.0,"z":144.0}],"positionsFlipped":[]},{"name":"48f88a79","positions":[{"x":0.0,"y":0.0,"z":144.0}],"positionsFlipped":[{"x":0.0,"y":0.0,"z":-144.0}]},{"name":"35d6d843","positions":[{"x":0.0,"y":0.0,"z":0.0}],"positionsFlipped":[{"x":0.0,"y":0.0,"z":0.0}]},{"name":"f6665945","positions":[{"x":0.0,"y":0.0,"z":0.0}],"positionsFlipped":[{"x":0.0,"y":0.0,"z":0.0}]},{"name":"31c9a0ba","positions":[{"x":0.0,"y":0.0,"z":0.0}],"positionsFlipped":[{"x":0.0,"y":0.0,"z":0.0}]},{"name":"5ef6dc1f","positions":[{"x":0.0,"y":0.0,"z":0.0}],"positionsFlipped":[{"x":0.0,"y":0.0,"z":0.0}]},{"name":"f15f8e62","positions":[{"x":0.0,"y":0.0,"z":0.0}],"positionsFlipped":[{"x":0.0,"y":0.0,"z":0.0}]},{"name":"23518d23","positions":[{"x":0.0,"y":0.0,"z":-72.0}],"positionsFlipped":[{"x":0.0,"y":0.0,"z":-72.0}]},{"name":"8fb95e8d","positions":[{"x":0.0,"y":0.0,"z":-72.0}],"positionsFlipped":[{"x":0.0,"y":0.0,"z":-72.0}]},{"name":"4ec9f8cb","positions":[{"x":0.0,"y":0.0,"z":-144.0}],"positionsFlipped":[]},{"name":"417ef5e4","positions":[{"x":0.0,"y":0.0,"z":-144.0}],"positionsFlipped":[]},{"name":"54f0dc5","positions":[{"x":0.0,"y":0.0,"z":-144.0}],"positionsFlipped":[]},{"name":"f770fb5f","positions":[{"x":0.0,"y":0.0,"z":-144.0}],"positionsFlipped":[]},{"name":"aeb5c93c","positions":[{"x":0.0,"y":0.0,"z":-144.0}],"positionsFlipped":[]},{"name":"c4454e4a","positions":[{"x":0.0,"y":0.0,"z":-144.0}],"positionsFlipped":[]},{"name":"da50d4da","positions":[{"x":0.0,"y":0.0,"z":-72.0}],"positionsFlipped":[{"x":0.0,"y":0.0,"z":-72.0}]},{"name":"2324b6dd","positions":[{"x":0.0,"y":0.0,"z":-72.0}],"positionsFlipped":[{"x":0.0,"y":0.0,"z":-72.0}]},{"name":"396e0b7f","positions":[{"x":0.0,"y":0.0,"z":-144.0}],"positionsFlipped":[]},{"name":"acb0dc50","positions":[{"x":0.0,"y":0.0,"z":-144.0}],"positionsFlipped":[]},{"name":"5edeb608","positions":[{"x":0.0,"y":0.0,"z":0.0},{"x":0.0,"y":0.0,"z":17.5},{"x":0.0,"y":0.0,"z":-17.5},{"x":0.0,"y":0.0,"z":-40.0},{"x":0.0,"y":0.0,"z":40.0},{"x":0.0,"y":0.0,"z":62.5},{"x":0.0,"y":0.0,"z":80.0},{"x":0.0,"y":0.0,"z":97.5},{"x":0.0,"y":0.0,"z":120.0},{"x":0.0,"y":0.0,"z":142.5},{"x":0.0,"y":0.0,"z":-63.0},{"x":0.0,"y":0.0,"z":-81.0},{"x":0.0,"y":0.0,"z":-104.0}],"positionsFlipped":[]},{"name":"bca6173d","positions":[{"x":0.0,"y":0.0,"z":-144.0}],"positionsFlipped":[]},{"name":"9c0a570e","positions":[{"x":0.0,"y":0.0,"z":0.0},{"x":0.0,"y":0.0,"z":80.0}],"positionsFlipped":[{"x":0.0,"y":0.0,"z":0.0},{"x":0.0,"y":0.0,"z":80.0}]},{"name":"fb3c4497","positions":[{"x":0.0,"y":0.0,"z":144.0}],"positionsFlipped":[]},{"name":"c15cae02","positions":[{"x":0.0,"y":0.0,"z":-144.0}],"positionsFlipped":[]},{"name":"55d8a8be","positions":[{"x":0.0,"y":0.0,"z":-72.0}],"positionsFlipped":[{"x":0.0,"y":0.0,"z":-72.0}]}]}