{"vehicles":[{"id":"mtr_custom_train_e131_standard_head","name":"E131-500 (Sagami Line, Forward cab)","color":"007BC7","transportMode":"TRAIN","length":20.0,"width":2.0,"bogie1Position":-6.8,"bogie2Position":6.8,"couplingPadding1":0.0,"couplingPadding2":0.0,"description":"This version of E131 runs on Standard gauge (1435mm) tracks.","wikipediaArticle":"e131_series","tags":[],"models":[{"modelResource":"mtr:e131/jre131.bbmodel","textureResource":"mtr:e131/e131.png","modelPropertiesResource":"mtr:properties_a8cb82e5.json","positionDefinitionsResource":"mtr:definition_ec89642.json","flipTextureV":true}],"bogie1Models":[{"modelResource":"mtr:e131/jre131.bbmodel","textureResource":"mtr:e131/e131.png","modelPropertiesResource":"mtr:properties_61bdfb05.json","positionDefinitionsResource":"mtr:definition_6ce2bf4f.json","flipTextureV":true}],"bogie2Models":[{"modelResource":"mtr:e131/jre131.bbmodel","textureResource":"mtr:e131/e131.png","modelPropertiesResource":"mtr:properties_9eb1b491.json","positionDefinitionsResource":"mtr:definition_d5aa65a4.json","flipTextureV":true}],"hasGangway1":false,"hasGangway2":true,"hasBarrier1":false,"hasBarrier2":false,"legacyRiderOffset":0.0,"bveSoundBaseResource":"e131","legacySpeedSoundBaseResource":"","legacySpeedSoundCount":1,"legacyUseAccelerationSoundsWhenCoasting":false,"legacyConstantPlaybackSpeed":false,"legacyDoorSoundBaseResource":"","legacyDoorCloseSoundTime":0.0},{"id":"mtr_custom_train_e131_standard_trailer","name":"E131-500 (Sagami Line, Trailer)","color":"007BC7","transportMode":"TRAIN","length":20.0,"width":2.0,"bogie1Position":-6.8,"bogie2Position":6.8,"couplingPadding1":0.0,"couplingPadding2":0.0,"description":"This version of E131 runs on Standard gauge (1435mm) tracks.","wikipediaArticle":"e131_series","tags":[],"models":[{"modelResource":"mtr:e131/jre131.bbmodel","textureResource":"mtr:e131/e131.png","modelPropertiesResource":"mtr:properties_91bd6c91.json","positionDefinitionsResource":"mtr:definition_e1ed8b12.json","flipTextureV":true}],"bogie1Models":[{"modelResource":"mtr:e131/jre131.bbmodel","textureResource":"mtr:e131/e131.png","modelPropertiesResource":"mtr:properties_fffec7a5.json","positionDefinitionsResource":"mtr:definition_958ad1bb.json","flipTextureV":true}],"bogie2Models":[{"modelResource":"mtr:e131/jre131.bbmodel","textureResource":"mtr:e131/e131.png","modelPropertiesResource":"mtr:properties_3848161f.json","positionDefinitionsResource":"mtr:definition_c1ab8e30.json","flipTextureV":true}],"hasGangway1":true,"hasGangway2":true,"hasBarrier1":false,"hasBarrier2":false,"legacyRiderOffset":0.0,"bveSoundBaseResource":"e131","legacySpeedSoundBaseResource":"","legacySpeedSoundCount":1,"legacyUseAccelerationSoundsWhenCoasting":false,"legacyConstantPlaybackSpeed":false,"legacyDoorSoundBaseResource":"","legacyDoorCloseSoundTime":0.0},{"id":"mtr_custom_train_e131_standard_pantograph_trailer","name":"E131-500 (Sagami Line, P Trailer)","color":"007BC7","transportMode":"TRAIN","length":20.0,"width":2.0,"bogie1Position":-6.8,"bogie2Position":6.8,"couplingPadding1":0.0,"couplingPadding2":0.0,"description":"This version of E131 runs on Standard gauge (1435mm) tracks.","wikipediaArticle":"e131_series","tags":[],"models":[{"modelResource":"mtr:e131/jre131.bbmodel","textureResource":"mtr:e131/e131.png","modelPropertiesResource":"mtr:properties_47d35fc9.json","positionDefinitionsResource":"mtr:definition_ce52f1a2.json","flipTextureV":true}],"bogie1Models":[{"modelResource":"mtr:e131/jre131.bbmodel","textureResource":"mtr:e131/e131.png","modelPropertiesResource":"mtr:properties_4ad4798e.json","positionDefinitionsResource":"mtr:definition_6e31464.json","flipTextureV":true}],"bogie2Models":[{"modelResource":"mtr:e131/jre131.bbmodel","textureResource":"mtr:e131/e131.png","modelPropertiesResource":"mtr:properties_a9c69d76.json","positionDefinitionsResource":"mtr:definition_12e05b86.json","flipTextureV":true}],"hasGangway1":true,"hasGangway2":true,"hasBarrier1":false,"hasBarrier2":false,"legacyRiderOffset":0.0,"bveSoundBaseResource":"e131","legacySpeedSoundBaseResource":"","legacySpeedSoundCount":1,"legacyUseAccelerationSoundsWhenCoasting":false,"legacyConstantPlaybackSpeed":false,"legacyDoorSoundBaseResource":"","legacyDoorCloseSoundTime":0.0},{"id":"mtr_custom_train_e131_standard_head_2","name":"E131-500 (Sagami Line, Back cab)","color":"007BC7","transportMode":"TRAIN","length":20.0,"width":2.0,"bogie1Position":-6.8,"bogie2Position":6.8,"couplingPadding1":0.0,"couplingPadding2":0.0,"description":"This version of E131 runs on Standard gauge (1435mm) tracks.","wikipediaArticle":"e131_series","tags":[],"models":[{"modelResource":"mtr:e131/jre131.bbmodel","textureResource":"mtr:e131/e131.png","modelPropertiesResource":"mtr:properties_9616cf7d.json","positionDefinitionsResource":"mtr:definition_7d73f421.json","flipTextureV":true}],"bogie1Models":[{"modelResource":"mtr:e131/jre131.bbmodel","textureResource":"mtr:e131/e131.png","modelPropertiesResource":"mtr:properties_f2e46c15.json","positionDefinitionsResource":"mtr:definition_2fa103bc.json","flipTextureV":true}],"bogie2Models":[{"modelResource":"mtr:e131/jre131.bbmodel","textureResource":"mtr:e131/e131.png","modelPropertiesResource":"mtr:properties_6fb4e344.json","positionDefinitionsResource":"mtr:definition_1797907a.json","flipTextureV":true}],"hasGangway1":true,"hasGangway2":false,"hasBarrier1":false,"hasBarrier2":false,"legacyRiderOffset":0.0,"bveSoundBaseResource":"e131","legacySpeedSoundBaseResource":"","legacySpeedSoundCount":1,"legacyUseAccelerationSoundsWhenCoasting":false,"legacyConstantPlaybackSpeed":false,"legacyDoorSoundBaseResource":"","legacyDoorCloseSoundTime":0.0}],"signs":[],"rails":[],"objects":[],"lifts":[]}